author_id,id,label
12,u12,human
58,u58,human
59,u59,human
60,u60,human
76,u76,human
324,u324,human
1000,u1000,human
3526,u3526,human
5413,u5413,human
6958,u6958,human
10078,u10078,human
12831,u12831,human
25763,u25763,human
26853,u26853,human
30973,u30973,human
37563,u37563,human
79543,u79543,human
163233,u163233,human
167873,u167873,bot
652193,u652193,human
659933,u659933,human
661403,u661403,human
686573,u686573,human
709143,u709143,human
742143,u742143,human
744613,u744613,human
755113,u755113,human
756129,u756129,human
759251,u759251,human
763489,u763489,human
763893,u763893,human
765845,u765845,human
767396,u767396,human
772697,u772697,human
783214,u783214,human
794801,u794801,human
794815,u794815,human
795649,u795649,human
806133,u806133,human
807095,u807095,human
813286,u813286,human
813453,u813453,human
817062,u817062,human
823083,u823083,human
882601,u882601,human
905201,u905201,human
939091,u939091,human
1044241,u1044241,human
1112211,u1112211,human
1159251,u1159251,human
1222751,u1222751,human
1246421,u1246421,human
1314101,u1314101,human
1368571,u1368571,human
1670611,u1670611,human
1688351,u1688351,bot
1716121,u1716121,human
1769191,u1769191,human
1857421,u1857421,human
1877831,u1877831,human
1899161,u1899161,human
1940851,u1940851,bot
2182641,u2182641,human
2345021,u2345021,human
2400261,u2400261,human
2480951,u2480951,human
2518321,u2518321,human
2529971,u2529971,human
2816411,u2816411,human
2884771,u2884771,human
2919151,u2919151,human
3094891,u3094891,human
3108351,u3108351,human
3197361,u3197361,bot
3291691,u3291691,human
3343061,u3343061,bot
3365101,u3365101,human
3393521,u3393521,human
3439471,u3439471,human
3704391,u3704391,human
3906531,u3906531,human
4338481,u4338481,human
4366791,u4366791,bot
4390791,u4390791,human
4939401,u4939401,human
5383942,u5383942,human
5399142,u5399142,human
5402612,u5402612,human
5404442,u5404442,human
5408622,u5408622,human
5750832,u5750832,human
5776022,u5776022,human
5817372,u5817372,human
5911892,u5911892,human
5932762,u5932762,human
5972702,u5972702,human
5988912,u5988912,human
6081842,u6081842,human
6096152,u6096152,human
6182852,u6182852,human
6186292,u6186292,human
6334772,u6334772,bot
6392972,u6392972,human
6430402,u6430402,bot
6508432,u6508432,human
6535212,u6535212,human
6539592,u6539592,human
6549332,u6549332,human
6819732,u6819732,human
7025662,u7025662,human
7085652,u7085652,human
7102662,u7102662,human
7119702,u7119702,human
7138382,u7138382,human
7144422,u7144422,human
7202792,u7202792,human
7266412,u7266412,human
7304182,u7304182,human
7426632,u7426632,human
7434272,u7434272,human
7450112,u7450112,human
7537892,u7537892,human
7587032,u7587032,human
7597362,u7597362,human
7626982,u7626982,human
7637292,u7637292,human
7712452,u7712452,human
7918722,u7918722,human
7994062,u7994062,human
8111452,u8111452,human
8128442,u8128442,human
8146692,u8146692,human
8198012,u8198012,human
8350912,u8350912,human
8383522,u8383522,human
8457092,u8457092,human
8479062,u8479062,human
8594952,u8594952,human
8612022,u8612022,human
8662382,u8662382,human
8724862,u8724862,human
8802752,u8802752,human
8922602,u8922602,bot
8932272,u8932272,human
9015512,u9015512,bot
9039652,u9039652,human
9128312,u9128312,human
9184682,u9184682,human
9207632,u9207632,human
9241622,u9241622,human
9274232,u9274232,bot
9274272,u9274272,human
9283012,u9283012,human
9289952,u9289952,human
9307792,u9307792,human
9313142,u9313142,bot
9475182,u9475182,human
9534522,u9534522,human
9604032,u9604032,human
9624132,u9624132,bot
9629072,u9629072,human
9655032,u9655032,human
9670742,u9670742,human
9720292,u9720292,human
9776092,u9776092,human
9893002,u9893002,human
9953752,u9953752,human
10022442,u10022442,human
10053692,u10053692,human
10078042,u10078042,human
10129132,u10129132,human
10264542,u10264542,human
10285352,u10285352,human
10486052,u10486052,human
10834752,u10834752,human
10973822,u10973822,human
11067002,u11067002,bot
11176182,u11176182,human
11177042,u11177042,human
11178672,u11178672,human
11253262,u11253262,human
11335142,u11335142,human
11347122,u11347122,human
11348282,u11348282,human
11518572,u11518572,human
11530192,u11530192,bot
11728992,u11728992,human
11735032,u11735032,human
11752272,u11752272,human
11833602,u11833602,human
12238092,u12238092,human
12257312,u12257312,bot
12340562,u12340562,human
12366502,u12366502,human
12413032,u12413032,human
12414242,u12414242,human
12425912,u12425912,human
12436452,u12436452,human
12513592,u12513592,human
12662202,u12662202,human
12746492,u12746492,human
12755622,u12755622,human
12795622,u12795622,bot
12822182,u12822182,bot
12901712,u12901712,human
12981872,u12981872,human
13084492,u13084492,bot
13434452,u13434452,bot
13475852,u13475852,human
13655672,u13655672,human
13678962,u13678962,human
13727002,u13727002,human
13745872,u13745872,human
13824412,u13824412,human
13834162,u13834162,human
13914392,u13914392,human
14055820,u14055820,human
14071770,u14071770,human
14075928,u14075928,human
14077382,u14077382,human
14093293,u14093293,human
14095344,u14095344,human
14103251,u14103251,human
14108832,u14108832,bot
14115912,u14115912,human
14120922,u14120922,human
14126475,u14126475,bot
14132188,u14132188,bot
14143782,u14143782,human
14149412,u14149412,bot
14150274,u14150274,human
14151850,u14151850,bot
14155907,u14155907,human
14156510,u14156510,bot
14158301,u14158301,bot
14166395,u14166395,human
14167540,u14167540,human
14176770,u14176770,human
14192174,u14192174,human
14196058,u14196058,bot
14205757,u14205757,bot
14207787,u14207787,human
14214987,u14214987,bot
14216123,u14216123,human
14226315,u14226315,human
14227439,u14227439,human
14229400,u14229400,bot
14230524,u14230524,human
14234136,u14234136,bot
14238165,u14238165,human
14243046,u14243046,human
14249000,u14249000,human
14259237,u14259237,human
14265755,u14265755,human
14274428,u14274428,human
14275261,u14275261,human
14275851,u14275851,human
14277135,u14277135,human
14278978,u14278978,human
14293310,u14293310,human
14299324,u14299324,human
14310733,u14310733,human
14324215,u14324215,bot
14328711,u14328711,human
14332898,u14332898,bot
14333758,u14333758,bot
14335235,u14335235,bot
14335498,u14335498,human
14336304,u14336304,human
14337607,u14337607,human
14338147,u14338147,human
14341961,u14341961,human
14343009,u14343009,human
14344469,u14344469,human
14351515,u14351515,human
14360757,u14360757,human
14361941,u14361941,human
14364397,u14364397,human
14364522,u14364522,human
14364834,u14364834,human
14368074,u14368074,human
14392366,u14392366,human
14408924,u14408924,human
14432088,u14432088,bot
14432679,u14432679,bot
14453529,u14453529,human
14462439,u14462439,human
14506253,u14506253,human
14510678,u14510678,bot
14511951,u14511951,human
14516013,u14516013,bot
14522546,u14522546,bot
14522928,u14522928,human
14528306,u14528306,human
14532620,u14532620,human
14541608,u14541608,bot
14553715,u14553715,bot
14573900,u14573900,human
14590010,u14590010,human
14592271,u14592271,human
14615871,u14615871,human
14620544,u14620544,human
14620753,u14620753,bot
14628562,u14628562,bot
14638790,u14638790,human
14642495,u14642495,human
14646003,u14646003,human
14647570,u14647570,human
14652182,u14652182,human
14654827,u14654827,human
14661906,u14661906,human
14664218,u14664218,bot
14666934,u14666934,human
14667504,u14667504,bot
14694914,u14694914,human
14697575,u14697575,human
14700258,u14700258,human
14701312,u14701312,bot
14702032,u14702032,bot
14709964,u14709964,bot
14711301,u14711301,bot
14716617,u14716617,human
14726803,u14726803,human
14735024,u14735024,human
14755464,u14755464,human
14756199,u14756199,bot
14762857,u14762857,bot
14763734,u14763734,human
14772775,u14772775,human
14787893,u14787893,bot
14788268,u14788268,human
14789042,u14789042,human
14801869,u14801869,bot
14820036,u14820036,bot
14823322,u14823322,human
14825162,u14825162,bot
14834340,u14834340,human
14834896,u14834896,human
14837164,u14837164,human
14839109,u14839109,human
14849588,u14849588,bot
14849633,u14849633,human
14860656,u14860656,bot
14863134,u14863134,human
14867606,u14867606,human
14868319,u14868319,bot
14879097,u14879097,human
14903380,u14903380,human
14914101,u14914101,human
14914177,u14914177,human
14914457,u14914457,human
14927543,u14927543,human
14930085,u14930085,bot
14959533,u14959533,bot
14961859,u14961859,human
14962763,u14962763,human
14964702,u14964702,bot
14968475,u14968475,human
14971237,u14971237,bot
14973933,u14973933,bot
14986849,u14986849,human
14989146,u14989146,human
15027166,u15027166,bot
15029259,u15029259,human
15032122,u15032122,human
15040978,u15040978,human
15066958,u15066958,human
15068044,u15068044,human
15074223,u15074223,bot
15074603,u15074603,bot
15077131,u15077131,bot
15078456,u15078456,human
15083635,u15083635,bot
15084853,u15084853,human
15084892,u15084892,human
15088845,u15088845,human
15098792,u15098792,human
15099526,u15099526,human
15133767,u15133767,human
15134240,u15134240,human
15135596,u15135596,human
15139452,u15139452,human
15143478,u15143478,human
15146062,u15146062,bot
15148416,u15148416,human
15150905,u15150905,bot
15160540,u15160540,human
15169907,u15169907,human
15172080,u15172080,human
15173416,u15173416,human
15184249,u15184249,human
15197121,u15197121,human
15203678,u15203678,bot
15210670,u15210670,human
15211869,u15211869,human
15215465,u15215465,human
15221598,u15221598,human
15225375,u15225375,human
15225512,u15225512,bot
15226458,u15226458,bot
15231287,u15231287,human
15239882,u15239882,human
15240227,u15240227,human
15241557,u15241557,human
15245653,u15245653,human
15248373,u15248373,human
15255245,u15255245,human
15255621,u15255621,human
15298613,u15298613,bot
15301646,u15301646,human
15307479,u15307479,bot
15309611,u15309611,bot
15312059,u15312059,human
15312631,u15312631,human
15320426,u15320426,human
15325692,u15325692,bot
15331408,u15331408,human
15338284,u15338284,human
15339875,u15339875,human
15361676,u15361676,human
15371334,u15371334,human
15377918,u15377918,human
15397381,u15397381,human
15412281,u15412281,bot
15431121,u15431121,human
15436633,u15436633,bot
15443861,u15443861,bot
15446289,u15446289,human
15446531,u15446531,human
15458694,u15458694,human
15474568,u15474568,human
15494948,u15494948,bot
15506669,u15506669,human
15507115,u15507115,human
15519488,u15519488,bot
15521075,u15521075,human
15522308,u15522308,human
15524875,u15524875,human
15552773,u15552773,human
15556625,u15556625,bot
15567259,u15567259,bot
15589496,u15589496,human
15595639,u15595639,human
15608380,u15608380,human
15626406,u15626406,human
15637070,u15637070,bot
15644609,u15644609,bot
15652787,u15652787,human
15669288,u15669288,bot
15675138,u15675138,human
15676284,u15676284,human
15680741,u15680741,human
15687695,u15687695,bot
15738974,u15738974,human
15762845,u15762845,human
15764644,u15764644,human
15778644,u15778644,human
15807954,u15807954,human
15811955,u15811955,human
15812228,u15812228,human
15823641,u15823641,human
15841303,u15841303,bot
15862891,u15862891,human
15864043,u15864043,bot
15865677,u15865677,human
15865878,u15865878,human
15866718,u15866718,human
15880163,u15880163,human
15883300,u15883300,human
15918780,u15918780,human
15927339,u15927339,human
15928832,u15928832,human
15933979,u15933979,bot
15942541,u15942541,human
15960453,u15960453,human
15976697,u15976697,human
15995155,u15995155,human
15999501,u15999501,human
16012783,u16012783,human
16015347,u16015347,human
16027500,u16027500,human
16028241,u16028241,human
16032879,u16032879,human
16041053,u16041053,bot
16054093,u16054093,human
16055364,u16055364,human
16058266,u16058266,human
16060248,u16060248,human
16076032,u16076032,human
16111910,u16111910,human
16113639,u16113639,human
16125042,u16125042,human
16154539,u16154539,human
16156286,u16156286,human
16159613,u16159613,human
16184644,u16184644,bot
16187240,u16187240,human
16227629,u16227629,human
16228257,u16228257,human
16232185,u16232185,human
16239134,u16239134,bot
16245822,u16245822,human
16261013,u16261013,human
16262203,u16262203,human
16265002,u16265002,bot
16280309,u16280309,bot
16303106,u16303106,human
16303211,u16303211,human
16314180,u16314180,human
16316851,u16316851,human
16317593,u16317593,bot
16325035,u16325035,human
16326263,u16326263,human
16334009,u16334009,bot
16361027,u16361027,human
16361368,u16361368,bot
16363771,u16363771,human
16365305,u16365305,human
16394659,u16394659,bot
16417874,u16417874,human
16423835,u16423835,human
16432203,u16432203,human
16432584,u16432584,human
16444303,u16444303,human
16452394,u16452394,bot
16465385,u16465385,human
16504336,u16504336,bot
16512687,u16512687,bot
16519650,u16519650,bot
16520284,u16520284,human
16534711,u16534711,human
16536844,u16536844,human
16538023,u16538023,human
16543568,u16543568,human
16557127,u16557127,human
16557472,u16557472,human
16569660,u16569660,human
16620874,u16620874,human
16630098,u16630098,human
16631767,u16631767,human
16634904,u16634904,bot
16637299,u16637299,bot
16645774,u16645774,bot
16650886,u16650886,human
16659187,u16659187,human
16663781,u16663781,human
16671869,u16671869,human
16674128,u16674128,human
16803469,u16803469,bot
16817883,u16817883,human
16827489,u16827489,human
16834046,u16834046,human
16840155,u16840155,human
16859837,u16859837,bot
16863814,u16863814,human
16887429,u16887429,human
16930735,u16930735,bot
16934594,u16934594,human
16975270,u16975270,human
17002185,u17002185,human
17004618,u17004618,human
17006319,u17006319,bot
17019152,u17019152,human
17050488,u17050488,bot
17058103,u17058103,human
17065799,u17065799,human
17089186,u17089186,bot
17105619,u17105619,bot
17133444,u17133444,human
17140081,u17140081,human
17140359,u17140359,human
17154167,u17154167,bot
17156266,u17156266,bot
17174309,u17174309,human
17174375,u17174375,human
17178393,u17178393,human
17189394,u17189394,human
17196807,u17196807,human
17204519,u17204519,bot
17206739,u17206739,human
17215067,u17215067,bot
17217640,u17217640,human
17229748,u17229748,bot
17264476,u17264476,human
17308555,u17308555,bot
17328600,u17328600,human
17337716,u17337716,human
17350250,u17350250,human
17366048,u17366048,human
17371549,u17371549,human
17372928,u17372928,human
17383073,u17383073,human
17393790,u17393790,human
17401169,u17401169,bot
17425538,u17425538,human
17427993,u17427993,human
17429278,u17429278,bot
17432252,u17432252,bot
17435568,u17435568,human
17451484,u17451484,bot
17468298,u17468298,human
17469266,u17469266,human
17480782,u17480782,human
17483462,u17483462,human
17487013,u17487013,human
17492153,u17492153,bot
17503069,u17503069,human
17503613,u17503613,bot
17512108,u17512108,human
17519054,u17519054,bot
17526058,u17526058,human
17538850,u17538850,bot
17546776,u17546776,human
17556658,u17556658,bot
17568289,u17568289,human
17572957,u17572957,human
17593500,u17593500,human
17593700,u17593700,human
17596622,u17596622,human
17629694,u17629694,human
17647953,u17647953,bot
17655617,u17655617,human
17666340,u17666340,bot
17668984,u17668984,bot
17670329,u17670329,human
17676535,u17676535,human
17687744,u17687744,bot
17698956,u17698956,human
17713899,u17713899,human
17753033,u17753033,human
17755145,u17755145,human
17773969,u17773969,human
17782628,u17782628,human
17799702,u17799702,bot
17802092,u17802092,bot
17815224,u17815224,human
17825445,u17825445,human
17866318,u17866318,human
17872773,u17872773,bot
17877850,u17877850,human
17899712,u17899712,human
17905685,u17905685,human
17932796,u17932796,human
17938103,u17938103,human
17941291,u17941291,human
17968901,u17968901,human
17985224,u17985224,bot
17997789,u17997789,human
18009781,u18009781,human
18017198,u18017198,human
18028618,u18028618,bot
18033591,u18033591,bot
18033620,u18033620,bot
18039028,u18039028,human
18040878,u18040878,human
18050674,u18050674,human
18055737,u18055737,human
18066440,u18066440,human
18069951,u18069951,bot
18076343,u18076343,bot
18091808,u18091808,bot
18091983,u18091983,bot
18093805,u18093805,human
18097495,u18097495,bot
18103148,u18103148,human
18118112,u18118112,bot
18152658,u18152658,human
18159548,u18159548,human
18169311,u18169311,bot
18173452,u18173452,human
18182511,u18182511,bot
18200695,u18200695,bot
18209795,u18209795,bot
18215662,u18215662,human
18239795,u18239795,human
18244120,u18244120,human
18244900,u18244900,human
18267636,u18267636,human
18274363,u18274363,bot
18290160,u18290160,human
18290951,u18290951,human
18291856,u18291856,bot
18323683,u18323683,human
18334529,u18334529,human
18337507,u18337507,human
18342558,u18342558,bot
18373451,u18373451,human
18394907,u18394907,bot
18396070,u18396070,human
18405129,u18405129,human
18435068,u18435068,human
18491626,u18491626,human
18493366,u18493366,human
18499709,u18499709,human
18501908,u18501908,human
18506515,u18506515,human
18543360,u18543360,bot
18568079,u18568079,human
18569484,u18569484,human
18582998,u18582998,human
18587457,u18587457,human
18590370,u18590370,human
18611591,u18611591,bot
18617765,u18617765,bot
18618007,u18618007,human
18620933,u18620933,human
18681139,u18681139,human
18685447,u18685447,human
18686907,u18686907,human
18710797,u18710797,human
18718949,u18718949,human
18723397,u18723397,bot
18737039,u18737039,human
18739443,u18739443,human
18759465,u18759465,human
18762431,u18762431,human
18774134,u18774134,bot
18781343,u18781343,bot
18783525,u18783525,human
18789289,u18789289,bot
18812180,u18812180,human
18814474,u18814474,human
18824825,u18824825,bot
18831926,u18831926,human
18834851,u18834851,bot
18837791,u18837791,human
18839785,u18839785,human
18844136,u18844136,human
18849020,u18849020,bot
18867631,u18867631,bot
18885806,u18885806,human
18890724,u18890724,human
18898143,u18898143,human
18904236,u18904236,bot
18908076,u18908076,bot
18909155,u18909155,bot
18921004,u18921004,bot
18948541,u18948541,human
18949076,u18949076,bot
18963100,u18963100,bot
18975155,u18975155,human
18980215,u18980215,human
18989566,u18989566,bot
18994444,u18994444,human
19003043,u19003043,human
19035981,u19035981,human
19050000,u19050000,human
19062096,u19062096,human
19066816,u19066816,human
19066828,u19066828,human
19129898,u19129898,bot
19161833,u19161833,bot
19177501,u19177501,human
19178148,u19178148,human
19196403,u19196403,human
19206558,u19206558,human
19214870,u19214870,human
19234098,u19234098,human
19264039,u19264039,human
19264383,u19264383,human
19268321,u19268321,human
19283137,u19283137,human
19292942,u19292942,human
19307505,u19307505,human
19313500,u19313500,bot
19341833,u19341833,human
19344825,u19344825,human
19367815,u19367815,human
19368377,u19368377,bot
19384782,u19384782,human
19390127,u19390127,human
19400223,u19400223,bot
19402238,u19402238,human
19405351,u19405351,human
19411809,u19411809,bot
19418459,u19418459,human
19419146,u19419146,human
19502805,u19502805,bot
19539716,u19539716,human
19558902,u19558902,bot
19561805,u19561805,bot
19562228,u19562228,human
19575665,u19575665,human
19576639,u19576639,human
19585121,u19585121,bot
19597679,u19597679,bot
19601239,u19601239,bot
19608621,u19608621,bot
19608736,u19608736,bot
19626411,u19626411,bot
19654406,u19654406,human
19667431,u19667431,human
19671793,u19671793,human
19682187,u19682187,human
19697415,u19697415,human
19699682,u19699682,human
19700387,u19700387,human
19725644,u19725644,human
19732234,u19732234,human
19751328,u19751328,human
19766872,u19766872,bot
19767193,u19767193,human
19778050,u19778050,human
19782081,u19782081,human
19789439,u19789439,human
19805983,u19805983,human
19807156,u19807156,human
19829477,u19829477,human
19837528,u19837528,human
19868934,u19868934,human
19875276,u19875276,human
19895282,u19895282,human
19932770,u19932770,human
19938223,u19938223,bot
19947114,u19947114,human
19968025,u19968025,human
19992041,u19992041,human
20015311,u20015311,human
20066079,u20066079,bot
20105502,u20105502,bot
20167623,u20167623,human
20169953,u20169953,bot
20171302,u20171302,human
20176929,u20176929,human
20234549,u20234549,human
20254396,u20254396,human
20261952,u20261952,human
20262083,u20262083,human
20267484,u20267484,human
20269716,u20269716,bot
20277299,u20277299,human
20327119,u20327119,human
20336210,u20336210,human
20348773,u20348773,bot
20359253,u20359253,bot
20391158,u20391158,human
20392725,u20392725,bot
20402945,u20402945,human
20405474,u20405474,human
20418173,u20418173,bot
20436059,u20436059,human
20437286,u20437286,human
20441583,u20441583,human
20449650,u20449650,human
20459619,u20459619,human
20461715,u20461715,bot
20467331,u20467331,human
20479813,u20479813,human
20512404,u20512404,human
20514113,u20514113,human
20520190,u20520190,bot
20538904,u20538904,human
20556674,u20556674,bot
20562637,u20562637,human
20571756,u20571756,human
20592859,u20592859,human
20597697,u20597697,bot
20598281,u20598281,bot
20639553,u20639553,bot
20643907,u20643907,human
20645479,u20645479,bot
20657343,u20657343,human
20659868,u20659868,human
20674741,u20674741,human
20690800,u20690800,human
20708202,u20708202,human
20719941,u20719941,bot
20730929,u20730929,bot
20803377,u20803377,human
20811737,u20811737,human
20813318,u20813318,human
20815041,u20815041,human
20818504,u20818504,bot
20831552,u20831552,human
20837035,u20837035,human
20840756,u20840756,bot
20847263,u20847263,human
20870225,u20870225,human
20893127,u20893127,human
20898564,u20898564,human
20930627,u20930627,bot
20946945,u20946945,human
20956144,u20956144,bot
20961634,u20961634,human
20972371,u20972371,human
20973267,u20973267,bot
20974242,u20974242,human
20980086,u20980086,human
21000730,u21000730,bot
21059342,u21059342,bot
21070469,u21070469,human
21079420,u21079420,human
21083332,u21083332,human
21085317,u21085317,bot
21096896,u21096896,human
21098456,u21098456,human
21114659,u21114659,human
21127724,u21127724,human
21128635,u21128635,human
21130860,u21130860,bot
21139586,u21139586,human
21160158,u21160158,human
21161172,u21161172,human
21163279,u21163279,human
21164050,u21164050,human
21196320,u21196320,bot
21201150,u21201150,human
21203658,u21203658,human
21207086,u21207086,human
21246224,u21246224,bot
21247802,u21247802,human
21252583,u21252583,human
21292523,u21292523,human
21351713,u21351713,bot
21353972,u21353972,bot
21368059,u21368059,bot
21376189,u21376189,bot
21385636,u21385636,human
21387755,u21387755,human
21401891,u21401891,bot
21412958,u21412958,bot
21447363,u21447363,human
21450400,u21450400,bot
21457289,u21457289,human
21465365,u21465365,human
21513512,u21513512,human
21524764,u21524764,human
21554037,u21554037,bot
21713848,u21713848,human
21724904,u21724904,human
21754153,u21754153,bot
21791392,u21791392,bot
21801907,u21801907,human
21805707,u21805707,bot
21810002,u21810002,human
21821590,u21821590,human
21829466,u21829466,bot
21846833,u21846833,human
21851125,u21851125,bot
21862217,u21862217,human
21870223,u21870223,human
21883031,u21883031,bot
21886081,u21886081,bot
21891792,u21891792,bot
21897327,u21897327,human
21920591,u21920591,human
21981484,u21981484,human
21994206,u21994206,bot
22016237,u22016237,human
22033644,u22033644,human
22041637,u22041637,human
22046728,u22046728,human
22050529,u22050529,human
22058445,u22058445,bot
22069326,u22069326,human
22070993,u22070993,human
22075727,u22075727,human
22108567,u22108567,bot
22111458,u22111458,bot
22184095,u22184095,bot
22195472,u22195472,human
22202575,u22202575,bot
22220621,u22220621,bot
22277264,u22277264,human
22294872,u22294872,human
22309973,u22309973,human
22313111,u22313111,bot
22330739,u22330739,human
22331953,u22331953,human
22362095,u22362095,human
22365094,u22365094,human
22380631,u22380631,human
22385548,u22385548,human
22396466,u22396466,human
22409099,u22409099,bot
22429979,u22429979,human
22433481,u22433481,bot
22453823,u22453823,human
22463885,u22463885,human
22491245,u22491245,human
22495264,u22495264,human
22520000,u22520000,bot
22526084,u22526084,human
22665147,u22665147,bot
22692199,u22692199,human
22708797,u22708797,human
22710378,u22710378,human
22722428,u22722428,bot
22763636,u22763636,bot
22795742,u22795742,human
22800231,u22800231,human
22809174,u22809174,bot
22826432,u22826432,human
22857842,u22857842,bot
22870867,u22870867,bot
22881296,u22881296,bot
22937232,u22937232,human
22961751,u22961751,human
22968417,u22968417,human
22983825,u22983825,human
22992255,u22992255,bot
22997217,u22997217,bot
23053980,u23053980,human
23076743,u23076743,human
23102054,u23102054,human
23112236,u23112236,human
23117753,u23117753,human
23183931,u23183931,human
23184468,u23184468,human
23186079,u23186079,human
23283603,u23283603,human
23354435,u23354435,human
23406370,u23406370,human
23413844,u23413844,bot
23426889,u23426889,human
23483816,u23483816,human
23490311,u23490311,human
23492901,u23492901,human
23504436,u23504436,human
23504870,u23504870,human
23511272,u23511272,human
23519396,u23519396,human
23522101,u23522101,human
23537407,u23537407,bot
23544459,u23544459,human
23568127,u23568127,bot
23582412,u23582412,bot
23615111,u23615111,bot
23617394,u23617394,human
23617671,u23617671,human
23671520,u23671520,bot
23736375,u23736375,human
23760802,u23760802,human
23779950,u23779950,bot
23784804,u23784804,human
23872089,u23872089,human
23874849,u23874849,bot
23877960,u23877960,human
23881510,u23881510,human
23886144,u23886144,human
23889840,u23889840,human
23931368,u23931368,human
23970102,u23970102,human
23973450,u23973450,human
23975401,u23975401,bot
23989927,u23989927,human
24000015,u24000015,bot
24001655,u24001655,human
24019308,u24019308,human
24053629,u24053629,human
24080232,u24080232,human
24100788,u24100788,human
24164338,u24164338,human
24239110,u24239110,human
24239440,u24239440,bot
24261232,u24261232,human
24290348,u24290348,human
24291371,u24291371,human
24337459,u24337459,bot
24345965,u24345965,human
24417951,u24417951,bot
24431556,u24431556,human
24485171,u24485171,human
24627107,u24627107,bot
24667021,u24667021,human
24686694,u24686694,bot
24695651,u24695651,human
24696786,u24696786,human
24697856,u24697856,human
24707541,u24707541,bot
24741685,u24741685,human
24750798,u24750798,human
24759986,u24759986,bot
24799980,u24799980,bot
24802521,u24802521,bot
24868016,u24868016,bot
24929621,u24929621,human
24939988,u24939988,human
24942057,u24942057,human
24966423,u24966423,human
24990179,u24990179,human
24996566,u24996566,bot
25001675,u25001675,human
25043563,u25043563,human
25048816,u25048816,human
25065717,u25065717,bot
25074746,u25074746,human
25092996,u25092996,bot
25102481,u25102481,human
25110374,u25110374,human
25148607,u25148607,bot
25152377,u25152377,bot
25161572,u25161572,bot
25178222,u25178222,human
25180303,u25180303,human
25203361,u25203361,human
25222394,u25222394,human
25312562,u25312562,human
25333609,u25333609,human
25336312,u25336312,bot
25365536,u25365536,human
25425436,u25425436,human
25427470,u25427470,human
25458378,u25458378,human
25458534,u25458534,human
25484126,u25484126,human
25508967,u25508967,bot
25531757,u25531757,human
25546384,u25546384,human
25572108,u25572108,human
25659663,u25659663,bot
25660512,u25660512,human
25679988,u25679988,human
25750434,u25750434,bot
25776739,u25776739,human
25781141,u25781141,human
25826425,u25826425,bot
25864331,u25864331,human
25870415,u25870415,bot
25941665,u25941665,human
25971804,u25971804,human
25985312,u25985312,bot
26029528,u26029528,human
26054240,u26054240,human
26157061,u26157061,bot
26263965,u26263965,bot
26270913,u26270913,human
26274145,u26274145,human
26278755,u26278755,human
26304269,u26304269,human
26405312,u26405312,bot
26430416,u26430416,bot
26507958,u26507958,human
26547166,u26547166,human
26555611,u26555611,human
26565946,u26565946,human
26569475,u26569475,human
26622137,u26622137,bot
26646793,u26646793,bot
26703365,u26703365,human
26716739,u26716739,human
26760516,u26760516,bot
26761492,u26761492,bot
26773740,u26773740,human
26792275,u26792275,human
26798240,u26798240,bot
26800326,u26800326,bot
26817317,u26817317,human
26832834,u26832834,human
26853353,u26853353,bot
26865069,u26865069,human
26898348,u26898348,bot
26957422,u26957422,bot
26959555,u26959555,bot
27020046,u27020046,bot
27035865,u27035865,human
27048570,u27048570,human
27081690,u27081690,human
27082834,u27082834,human
27120487,u27120487,bot
27136199,u27136199,human
27190288,u27190288,bot
27193112,u27193112,human
27218932,u27218932,human
27260086,u27260086,human
27288119,u27288119,human
27311044,u27311044,human
27314542,u27314542,human
27321426,u27321426,human
27438783,u27438783,bot
27458234,u27458234,human
27460251,u27460251,human
27472301,u27472301,human
27503534,u27503534,human
27570528,u27570528,human
27588693,u27588693,bot
27602873,u27602873,human
27628500,u27628500,human
27637598,u27637598,human
27722659,u27722659,bot
27762299,u27762299,human
27771694,u27771694,human
27840752,u27840752,bot
27847839,u27847839,bot
27863472,u27863472,human
27883145,u27883145,human
27884506,u27884506,human
27902993,u27902993,human
27922157,u27922157,human
27928562,u27928562,bot
27986621,u27986621,human
28023025,u28023025,human
28023330,u28023330,human
28052098,u28052098,bot
28066831,u28066831,human
28085568,u28085568,bot
28085576,u28085576,human
28093810,u28093810,human
28101897,u28101897,bot
28131843,u28131843,bot
28136504,u28136504,human
28150757,u28150757,bot
28152330,u28152330,human
28160998,u28160998,human
28164262,u28164262,bot
28208463,u28208463,bot
28219278,u28219278,human
28263652,u28263652,human
28312340,u28312340,bot
28338567,u28338567,bot
28351407,u28351407,bot
28364479,u28364479,bot
28392516,u28392516,human
28414859,u28414859,human
28533050,u28533050,bot
28537021,u28537021,bot
28609437,u28609437,bot
28649627,u28649627,bot
28656166,u28656166,human
28657802,u28657802,human
28659242,u28659242,human
28694307,u28694307,human
28756315,u28756315,bot
28785486,u28785486,human
28815816,u28815816,bot
28818671,u28818671,human
28872298,u28872298,human
28880964,u28880964,bot
28896955,u28896955,human
28912478,u28912478,human
29081571,u29081571,bot
29096240,u29096240,bot
29135541,u29135541,human
29153471,u29153471,bot
29171034,u29171034,human
29277960,u29277960,human
29293942,u29293942,bot
29312680,u29312680,human
29441813,u29441813,human
29458079,u29458079,human
29465727,u29465727,bot
29469671,u29469671,human
29469782,u29469782,human
29532455,u29532455,human
29565244,u29565244,human
29634515,u29634515,human
29646134,u29646134,human
29661283,u29661283,human
29684499,u29684499,human
29741175,u29741175,human
29749354,u29749354,bot
29787324,u29787324,bot
29808890,u29808890,human
29843511,u29843511,human
29896200,u29896200,human
29936649,u29936649,bot
29993884,u29993884,bot
29997510,u29997510,human
30027900,u30027900,human
30107910,u30107910,human
30157023,u30157023,human
30161319,u30161319,human
30198750,u30198750,human
30238024,u30238024,bot
30252339,u30252339,human
30280532,u30280532,bot
30354991,u30354991,human
30364057,u30364057,human
30378270,u30378270,human
30448409,u30448409,bot
30631766,u30631766,human
30698810,u30698810,human
30723561,u30723561,human
30743418,u30743418,human
30756760,u30756760,bot
30793425,u30793425,human
30849103,u30849103,human
30892474,u30892474,bot
30895481,u30895481,bot
30933967,u30933967,human
30953207,u30953207,human
30996479,u30996479,human
31095444,u31095444,human
31095945,u31095945,human
31137628,u31137628,human
31159701,u31159701,bot
31193530,u31193530,bot
31202482,u31202482,human
31209800,u31209800,human
31235299,u31235299,human
31317745,u31317745,bot
31339831,u31339831,human
31357063,u31357063,human
31367001,u31367001,bot
31372539,u31372539,bot
31387911,u31387911,bot
31404872,u31404872,human
31433758,u31433758,human
31486185,u31486185,human
31552610,u31552610,human
31599039,u31599039,human
31616024,u31616024,human
31656892,u31656892,human
31667539,u31667539,human
31672638,u31672638,human
31684550,u31684550,bot
31697346,u31697346,human
31731624,u31731624,bot
31812497,u31812497,human
31855697,u31855697,human
31870446,u31870446,human
31890255,u31890255,bot
32033493,u32033493,human
32077161,u32077161,bot
32302688,u32302688,human
32327154,u32327154,bot
32332988,u32332988,human
32391374,u32391374,bot
32422401,u32422401,bot
32459743,u32459743,human
32492934,u32492934,human
32538025,u32538025,human
32539107,u32539107,human
32558931,u32558931,human
32660559,u32660559,human
32699434,u32699434,human
32746100,u32746100,human
32774989,u32774989,human
32807399,u32807399,human
32828680,u32828680,bot
33009602,u33009602,bot
33019529,u33019529,human
33047126,u33047126,human
33049977,u33049977,human
33107781,u33107781,bot
33120630,u33120630,human
33145733,u33145733,human
33150951,u33150951,human
33159033,u33159033,human
33159493,u33159493,bot
33195894,u33195894,bot
33333620,u33333620,human
33434532,u33434532,human
33454289,u33454289,bot
33477135,u33477135,bot
33588988,u33588988,human
33597834,u33597834,human
33629621,u33629621,human
33656249,u33656249,bot
33746386,u33746386,human
33801164,u33801164,bot
33807328,u33807328,human
33807353,u33807353,human
33836629,u33836629,human
33838201,u33838201,human
33856936,u33856936,human
33999090,u33999090,human
34019998,u34019998,human
34046252,u34046252,bot
34088191,u34088191,bot
34204473,u34204473,human
34277354,u34277354,human
34324846,u34324846,human
34570323,u34570323,human
34570530,u34570530,human
34613288,u34613288,human
34615344,u34615344,bot
34713362,u34713362,human
34721674,u34721674,human
34729378,u34729378,human
34743251,u34743251,human
34868965,u34868965,human
34907260,u34907260,human
34978815,u34978815,human
35001456,u35001456,bot
35024372,u35024372,human
35034750,u35034750,human
35038449,u35038449,bot
35048258,u35048258,bot
35093112,u35093112,human
35133495,u35133495,bot
35173802,u35173802,human
35189987,u35189987,human
35206553,u35206553,human
35243404,u35243404,bot
35306966,u35306966,human
35395142,u35395142,human
35410744,u35410744,human
35414170,u35414170,bot
35521239,u35521239,human
35623579,u35623579,human
35637055,u35637055,bot
35683594,u35683594,human
35708687,u35708687,bot
35767916,u35767916,human
35793151,u35793151,human
35853096,u35853096,human
35855029,u35855029,human
36012050,u36012050,human
36025844,u36025844,human
36042779,u36042779,human
36071768,u36071768,human
36093693,u36093693,human
36116203,u36116203,human
36119612,u36119612,bot
36128626,u36128626,human
36138016,u36138016,bot
36174953,u36174953,bot
36191786,u36191786,bot
36218435,u36218435,human
36232215,u36232215,human
36258301,u36258301,human
36327407,u36327407,human
36346494,u36346494,human
36369544,u36369544,bot
36384577,u36384577,bot
36459955,u36459955,bot
36471524,u36471524,bot
36506518,u36506518,human
36515907,u36515907,human
36524036,u36524036,human
36549444,u36549444,human
36559152,u36559152,bot
36587760,u36587760,bot
36623849,u36623849,bot
36656597,u36656597,human
36667334,u36667334,bot
36670025,u36670025,human
36684314,u36684314,human
36717264,u36717264,human
36743910,u36743910,human
36771809,u36771809,human
36812061,u36812061,human
36876992,u36876992,human
36906151,u36906151,human
36924890,u36924890,bot
36991951,u36991951,human
37060788,u37060788,human
37075864,u37075864,bot
37100077,u37100077,human
37148105,u37148105,bot
37203620,u37203620,human
37238862,u37238862,human
37240440,u37240440,bot
37350570,u37350570,bot
37445241,u37445241,bot
37492261,u37492261,human
37537444,u37537444,bot
37564255,u37564255,human
37630404,u37630404,bot
37652643,u37652643,bot
37663488,u37663488,human
37681761,u37681761,bot
37691809,u37691809,bot
37697706,u37697706,bot
37700619,u37700619,human
37710752,u37710752,human
37723353,u37723353,human
37774443,u37774443,human
37837417,u37837417,bot
37845769,u37845769,bot
37860248,u37860248,human
37924398,u37924398,human
38003983,u38003983,bot
38048560,u38048560,human
38098415,u38098415,bot
38125226,u38125226,bot
38177845,u38177845,human
38193630,u38193630,human
38213866,u38213866,bot
38254620,u38254620,human
38265389,u38265389,human
38305485,u38305485,bot
38322361,u38322361,bot
38345865,u38345865,bot
38382649,u38382649,human
38430500,u38430500,human
38475813,u38475813,human
38507415,u38507415,bot
38519778,u38519778,bot
38573578,u38573578,human
38632527,u38632527,bot
38647512,u38647512,human
38669987,u38669987,bot
38897222,u38897222,human
38900042,u38900042,human
38917291,u38917291,human
38919625,u38919625,human
38937194,u38937194,human
39045272,u39045272,human
39058378,u39058378,human
39082174,u39082174,human
39090807,u39090807,bot
39107724,u39107724,human
39222068,u39222068,human
39238227,u39238227,bot
39249110,u39249110,bot
39250316,u39250316,human
39262778,u39262778,human
39267864,u39267864,human
39389304,u39389304,human
39416218,u39416218,human
39422048,u39422048,bot
39451990,u39451990,human
39467875,u39467875,bot
39475170,u39475170,human
39511166,u39511166,human
39516928,u39516928,human
39524012,u39524012,bot
39568851,u39568851,human
39585367,u39585367,human
39610093,u39610093,human
39669359,u39669359,human
39743812,u39743812,human
39753069,u39753069,human
39753512,u39753512,human
39857595,u39857595,human
39877653,u39877653,bot
39909343,u39909343,bot
39949694,u39949694,bot
40014354,u40014354,bot
40079922,u40079922,human
40123125,u40123125,bot
40139016,u40139016,human
40156330,u40156330,human
40256945,u40256945,bot
40281983,u40281983,human
40309270,u40309270,human
40319114,u40319114,human
40336528,u40336528,bot
40419766,u40419766,human
40421303,u40421303,bot
40439812,u40439812,human
40533188,u40533188,human
40541689,u40541689,bot
40643519,u40643519,human
40703088,u40703088,human
40816180,u40816180,human
40839292,u40839292,human
40854900,u40854900,human
40883961,u40883961,bot
40884854,u40884854,human
40890184,u40890184,human
40932114,u40932114,human
41002726,u41002726,bot
41076417,u41076417,bot
41102519,u41102519,human
41127954,u41127954,human
41210876,u41210876,human
41261565,u41261565,bot
41274607,u41274607,human
41325048,u41325048,human
41325392,u41325392,bot
41333386,u41333386,human
41353765,u41353765,bot
41386873,u41386873,bot
41406365,u41406365,human
41454803,u41454803,bot
41473896,u41473896,bot
41566604,u41566604,human
41609220,u41609220,human
41623531,u41623531,human
41642329,u41642329,human
41667342,u41667342,human
41667467,u41667467,human
41683148,u41683148,bot
41729228,u41729228,bot
41782694,u41782694,human
41831568,u41831568,bot
41848328,u41848328,bot
41935156,u41935156,human
42069082,u42069082,bot
42122181,u42122181,bot
42259121,u42259121,human
42272978,u42272978,bot
42276519,u42276519,bot
42276655,u42276655,human
42325818,u42325818,human
42358079,u42358079,human
42362994,u42362994,human
42381705,u42381705,bot
42384760,u42384760,human
42384799,u42384799,human
42385123,u42385123,human
42435648,u42435648,bot
42472510,u42472510,bot
42523671,u42523671,human
42562446,u42562446,human
42606652,u42606652,human
42640131,u42640131,bot
42643429,u42643429,bot
42646151,u42646151,bot
42687228,u42687228,bot
42696018,u42696018,bot
42800658,u42800658,bot
42843031,u42843031,human
42896638,u42896638,human
42938393,u42938393,human
42994048,u42994048,human
43086375,u43086375,bot
43104062,u43104062,human
43139414,u43139414,human
43194755,u43194755,human
43283406,u43283406,human
43287329,u43287329,human
43297202,u43297202,bot
43300047,u43300047,human
43430484,u43430484,human
43447495,u43447495,bot
43489995,u43489995,human
43543830,u43543830,bot
43652900,u43652900,human
43658360,u43658360,human
43687758,u43687758,bot
43775786,u43775786,human
43821108,u43821108,human
43855487,u43855487,human
43867890,u43867890,bot
43878033,u43878033,human
43879159,u43879159,human
43926254,u43926254,bot
43939164,u43939164,human
43963184,u43963184,human
43963249,u43963249,human
43969706,u43969706,human
43969769,u43969769,human
43977006,u43977006,bot
43996441,u43996441,human
44002430,u44002430,bot
44030197,u44030197,human
44073696,u44073696,human
44109804,u44109804,bot
44118467,u44118467,bot
44196397,u44196397,human
44211795,u44211795,bot
44300108,u44300108,bot
44371088,u44371088,human
44418062,u44418062,human
44438256,u44438256,human
44520811,u44520811,bot
44572744,u44572744,bot
44584666,u44584666,human
44606764,u44606764,human
44653376,u44653376,bot
44714414,u44714414,bot
44771048,u44771048,human
44781786,u44781786,bot
44865854,u44865854,human
44873859,u44873859,human
44874400,u44874400,human
44950782,u44950782,human
44957814,u44957814,human
45006241,u45006241,bot
45010849,u45010849,human
45017624,u45017624,bot
45190957,u45190957,bot
45297875,u45297875,human
45312366,u45312366,human
45321027,u45321027,human
45325955,u45325955,human
45363560,u45363560,bot
45373242,u45373242,bot
45380431,u45380431,human
45431586,u45431586,human
45454305,u45454305,bot
45518286,u45518286,human
45556698,u45556698,human
45565446,u45565446,human
45598972,u45598972,human
45709328,u45709328,human
45827605,u45827605,human
45842286,u45842286,bot
45869761,u45869761,human
45891623,u45891623,human
45918087,u45918087,bot
46019259,u46019259,bot
46033589,u46033589,bot
46145761,u46145761,human
46151552,u46151552,human
46155144,u46155144,bot
46196418,u46196418,bot
46233559,u46233559,human
46276118,u46276118,human
46309291,u46309291,human
46335511,u46335511,human
46347027,u46347027,human
46347165,u46347165,bot
46360627,u46360627,bot
46362238,u46362238,human
46539078,u46539078,bot
46574977,u46574977,human
46575796,u46575796,human
46668733,u46668733,human
46690123,u46690123,bot
46751744,u46751744,human
46786678,u46786678,human
46833787,u46833787,human
46854930,u46854930,human
46921983,u46921983,bot
46927599,u46927599,bot
46963846,u46963846,human
47077388,u47077388,bot
47078284,u47078284,bot
47087250,u47087250,human
47122016,u47122016,human
47128513,u47128513,human
47188397,u47188397,bot
47220472,u47220472,human
47278244,u47278244,bot
47301340,u47301340,bot
47321924,u47321924,human
47335911,u47335911,bot
47336158,u47336158,human
47336791,u47336791,human
47359057,u47359057,human
47362397,u47362397,human
47363197,u47363197,bot
47370262,u47370262,human
47409039,u47409039,bot
47452789,u47452789,bot
47472893,u47472893,human
47494135,u47494135,bot
47519455,u47519455,human
47533809,u47533809,human
47582720,u47582720,bot
47656923,u47656923,bot
47659315,u47659315,bot
47674214,u47674214,bot
47678782,u47678782,human
47808460,u47808460,bot
47876842,u47876842,human
47907558,u47907558,human
47963966,u47963966,bot
47967527,u47967527,human
48008611,u48008611,bot
48008938,u48008938,human
48031209,u48031209,bot
48036604,u48036604,human
48065736,u48065736,human
48103973,u48103973,human
48106460,u48106460,bot
48166977,u48166977,human
48193858,u48193858,human
48207396,u48207396,human
48230437,u48230437,human
48289662,u48289662,human
48327179,u48327179,bot
48336179,u48336179,bot
48344613,u48344613,human
48354230,u48354230,human
48424701,u48424701,bot
48456022,u48456022,bot
48461211,u48461211,human
48464916,u48464916,bot
48511236,u48511236,human
48518416,u48518416,human
48529642,u48529642,human
48579013,u48579013,human
48656483,u48656483,bot
48732151,u48732151,bot
48755892,u48755892,bot
48760543,u48760543,human
48773551,u48773551,bot
48797858,u48797858,bot
48964542,u48964542,human
48979419,u48979419,human
48981730,u48981730,human
49009937,u49009937,human
49022240,u49022240,human
49027379,u49027379,bot
49030728,u49030728,human
49039301,u49039301,bot
49076807,u49076807,human
49095796,u49095796,bot
49114084,u49114084,human
49258350,u49258350,human
49263611,u49263611,human
49303319,u49303319,bot
49356506,u49356506,human
49534334,u49534334,human
49559088,u49559088,bot
49567800,u49567800,human
49607121,u49607121,human
49620730,u49620730,human
49735209,u49735209,human
49791476,u49791476,human
49846519,u49846519,bot
49921218,u49921218,human
49923026,u49923026,bot
49923337,u49923337,human
49955671,u49955671,bot
50007485,u50007485,human
50010864,u50010864,human
50027295,u50027295,bot
50064333,u50064333,human
50085192,u50085192,human
50090898,u50090898,human
50095170,u50095170,human
50131504,u50131504,bot
50153257,u50153257,bot
50207127,u50207127,human
50252770,u50252770,human
50275521,u50275521,human
50301574,u50301574,bot
50318402,u50318402,bot
50319639,u50319639,bot
50343115,u50343115,human
50374439,u50374439,human
50393960,u50393960,human
50398570,u50398570,human
50426809,u50426809,bot
50488216,u50488216,bot
50492265,u50492265,human
50567598,u50567598,human
50592618,u50592618,bot
50599457,u50599457,bot
50638323,u50638323,human
50660534,u50660534,human
50667334,u50667334,bot
50703215,u50703215,bot
50706020,u50706020,human
50722668,u50722668,human
50725778,u50725778,human
50733619,u50733619,bot
50793075,u50793075,bot
50811932,u50811932,human
50832982,u50832982,bot
50940456,u50940456,human
50955731,u50955731,human
51023770,u51023770,human
51062001,u51062001,human
51140501,u51140501,human
51248564,u51248564,bot
51257255,u51257255,human
51338801,u51338801,human
51354433,u51354433,human
51388235,u51388235,bot
51466288,u51466288,human
51687101,u51687101,human
51822354,u51822354,bot
51832444,u51832444,human
52038769,u52038769,human
52044072,u52044072,human
52138061,u52138061,human
52167291,u52167291,bot
52171738,u52171738,human
52421856,u52421856,human
52433078,u52433078,human
52474702,u52474702,human
52484614,u52484614,human
52523407,u52523407,human
52593358,u52593358,bot
52664889,u52664889,human
52672906,u52672906,bot
52709985,u52709985,bot
52731115,u52731115,human
52735622,u52735622,human
52801695,u52801695,human
52802809,u52802809,human
53017384,u53017384,human
53059376,u53059376,human
53096584,u53096584,human
53175121,u53175121,human
53178037,u53178037,bot
53476918,u53476918,bot
53605153,u53605153,bot
53662353,u53662353,human
53671409,u53671409,human
53754072,u53754072,human
53757167,u53757167,human
53820146,u53820146,human
53891615,u53891615,human
53919551,u53919551,human
53960492,u53960492,bot
54034504,u54034504,human
54065421,u54065421,bot
54087496,u54087496,human
54094700,u54094700,bot
54165269,u54165269,human
54215450,u54215450,human
54257525,u54257525,bot
54279179,u54279179,human
54356250,u54356250,bot
54387680,u54387680,human
54392059,u54392059,bot
54544628,u54544628,human
54549239,u54549239,human
54588816,u54588816,human
54632607,u54632607,bot
54732045,u54732045,bot
54804436,u54804436,human
54848703,u54848703,human
54909593,u54909593,bot
54938044,u54938044,human
55117855,u55117855,human
55121988,u55121988,bot
55242649,u55242649,bot
55334133,u55334133,human
55348425,u55348425,human
55474581,u55474581,bot
55539706,u55539706,human
55615697,u55615697,human
55702631,u55702631,bot
55765550,u55765550,human
55857505,u55857505,human
56059049,u56059049,human
56135375,u56135375,human
56149569,u56149569,human
56198731,u56198731,bot
56211587,u56211587,human
56218349,u56218349,bot
56231761,u56231761,bot
56253234,u56253234,human
56304605,u56304605,human
56340023,u56340023,bot
56363520,u56363520,bot
56406333,u56406333,bot
56408220,u56408220,bot
56462237,u56462237,human
56469355,u56469355,bot
56609344,u56609344,bot
56631494,u56631494,human
56668079,u56668079,bot
56670878,u56670878,human
56678619,u56678619,human
56780944,u56780944,bot
56783491,u56783491,human
56826262,u56826262,bot
56828100,u56828100,human
56866449,u56866449,human
56876628,u56876628,human
56971393,u56971393,bot
56991190,u56991190,bot
57284479,u57284479,human
57374265,u57374265,human
57398614,u57398614,human
57440214,u57440214,human
57461595,u57461595,bot
57497901,u57497901,human
57631751,u57631751,bot
57668504,u57668504,bot
57694701,u57694701,human
57764773,u57764773,human
57786461,u57786461,bot
57790392,u57790392,human
57797137,u57797137,bot
57812650,u57812650,bot
57819529,u57819529,human
57826981,u57826981,bot
57922289,u57922289,bot
57949398,u57949398,human
58210632,u58210632,bot
58323389,u58323389,human
58409436,u58409436,human
58555835,u58555835,bot
58714432,u58714432,bot
58717544,u58717544,human
58743130,u58743130,human
58766476,u58766476,human
58788614,u58788614,human
58880930,u58880930,human
58888683,u58888683,human
58946293,u58946293,human
59001491,u59001491,human
59038885,u59038885,bot
59085739,u59085739,bot
59101322,u59101322,bot
59123312,u59123312,bot
59144615,u59144615,human
59203887,u59203887,bot
59221014,u59221014,human
59303321,u59303321,human
59356836,u59356836,human
59369435,u59369435,human
59414975,u59414975,human
59489008,u59489008,bot
59541594,u59541594,human
59574994,u59574994,human
59614683,u59614683,human
59771400,u59771400,human
59867387,u59867387,human
59886644,u59886644,human
59912689,u59912689,human
59930507,u59930507,bot
60043285,u60043285,human
60089839,u60089839,human
60342794,u60342794,bot
60385373,u60385373,bot
60455574,u60455574,human
60480351,u60480351,human
60496217,u60496217,bot
60551154,u60551154,human
60607937,u60607937,human
60624412,u60624412,bot
60642052,u60642052,human
60656912,u60656912,bot
60678524,u60678524,human
60840395,u60840395,human
60856903,u60856903,human
60877603,u60877603,bot
60914700,u60914700,bot
60957598,u60957598,bot
61015693,u61015693,bot
61183568,u61183568,human
61241702,u61241702,human
61247161,u61247161,bot
61309913,u61309913,human
61315405,u61315405,human
61415543,u61415543,human
61519094,u61519094,bot
61553499,u61553499,bot
61632698,u61632698,human
61735572,u61735572,bot
61753445,u61753445,human
61789466,u61789466,bot
61849190,u61849190,human
61853389,u61853389,human
61890590,u61890590,bot
61968072,u61968072,human
61970644,u61970644,bot
62183077,u62183077,human
62197871,u62197871,human
62239890,u62239890,bot
62312946,u62312946,bot
62366991,u62366991,human
62415418,u62415418,human
62460627,u62460627,human
62498916,u62498916,human
62581962,u62581962,bot
62610786,u62610786,bot
62640737,u62640737,human
62646214,u62646214,human
62747781,u62747781,human
62818640,u62818640,human
62831953,u62831953,bot
62864432,u62864432,human
62869406,u62869406,bot
62923708,u62923708,bot
62929874,u62929874,human
63113314,u63113314,human
63138293,u63138293,bot
63147879,u63147879,human
63211739,u63211739,human
63245774,u63245774,bot
63275809,u63275809,bot
63359297,u63359297,human
63381229,u63381229,bot
63397893,u63397893,bot
63526140,u63526140,human
63614947,u63614947,human
63735508,u63735508,human
63774212,u63774212,bot
63776911,u63776911,human
63815425,u63815425,bot
63924392,u63924392,human
64048705,u64048705,bot
64058282,u64058282,human
64072954,u64072954,bot
64227728,u64227728,bot
64299438,u64299438,bot
64301672,u64301672,human
64376355,u64376355,bot
64386392,u64386392,human
64512620,u64512620,human
64514015,u64514015,human
64627315,u64627315,bot
64643802,u64643802,bot
64677310,u64677310,human
64779539,u64779539,human
64810943,u64810943,human
64844802,u64844802,human
65052658,u65052658,human
65161161,u65161161,bot
65179532,u65179532,human
65279873,u65279873,human
65375759,u65375759,human
65467957,u65467957,human
65575742,u65575742,human
65588389,u65588389,bot
65593092,u65593092,human
65734517,u65734517,human
65750827,u65750827,human
65853402,u65853402,human
65912274,u65912274,bot
65968777,u65968777,bot
66327572,u66327572,human
66369181,u66369181,human
66473814,u66473814,bot
66560735,u66560735,human
66777165,u66777165,human
66778050,u66778050,bot
66876562,u66876562,bot
66934891,u66934891,bot
67107737,u67107737,bot
67319784,u67319784,human
67484301,u67484301,bot
67934203,u67934203,human
67949052,u67949052,human
68088884,u68088884,human
68307227,u68307227,human
68433639,u68433639,human
68501906,u68501906,human
68530022,u68530022,human
68568856,u68568856,human
68576181,u68576181,human
68674747,u68674747,human
68768975,u68768975,human
68891686,u68891686,bot
68979301,u68979301,human
69080516,u69080516,human
69199995,u69199995,human
69253605,u69253605,human
69378924,u69378924,bot
69392314,u69392314,bot
69588404,u69588404,human
69604237,u69604237,human
69687111,u69687111,human
69732039,u69732039,bot
70010298,u70010298,human
70261169,u70261169,bot
70337486,u70337486,bot
70435999,u70435999,human
70479532,u70479532,human
70552638,u70552638,human
70705353,u70705353,bot
70744113,u70744113,human
70790695,u70790695,human
70796232,u70796232,human
70796694,u70796694,human
70891975,u70891975,human
70913224,u70913224,bot
70915224,u70915224,human
71006041,u71006041,human
71026122,u71026122,human
71041222,u71041222,bot
71064211,u71064211,human
71075210,u71075210,human
71156555,u71156555,human
71281607,u71281607,human
71294756,u71294756,human
71314666,u71314666,human
71454567,u71454567,human
71531021,u71531021,bot
71543212,u71543212,human
71544226,u71544226,human
71559661,u71559661,bot
71594919,u71594919,human
71607684,u71607684,bot
71759409,u71759409,human
71781057,u71781057,human
71810945,u71810945,human
72013267,u72013267,human
72227134,u72227134,bot
72231577,u72231577,human
72325145,u72325145,bot
72378123,u72378123,human
72448544,u72448544,bot
72504732,u72504732,bot
72514822,u72514822,bot
72516869,u72516869,bot
72529967,u72529967,human
72554233,u72554233,bot
72590473,u72590473,bot
72598303,u72598303,human
72608564,u72608564,bot
72716034,u72716034,bot
72723785,u72723785,bot
72797413,u72797413,bot
72808470,u72808470,bot
72887697,u72887697,bot
72890603,u72890603,human
72898434,u72898434,bot
72913875,u72913875,human
72938722,u72938722,bot
73039079,u73039079,bot
73125667,u73125667,human
73133048,u73133048,human
73204975,u73204975,human
73238146,u73238146,human
73256487,u73256487,bot
73310442,u73310442,human
73341746,u73341746,human
73355398,u73355398,human
73389062,u73389062,human
73392641,u73392641,human
73449263,u73449263,human
73452210,u73452210,human
73493146,u73493146,bot
73710441,u73710441,human
73963718,u73963718,bot
73991669,u73991669,human
74038287,u74038287,bot
74042304,u74042304,bot
74112566,u74112566,bot
74159649,u74159649,bot
74236454,u74236454,bot
74320201,u74320201,human
74388616,u74388616,bot
74428045,u74428045,human
74529675,u74529675,bot
74550572,u74550572,bot
74587550,u74587550,bot
74752022,u74752022,human
74945319,u74945319,bot
74966215,u74966215,human
75015720,u75015720,bot
75306892,u75306892,human
75338122,u75338122,human
75399105,u75399105,bot
75528474,u75528474,human
75600036,u75600036,bot
75709033,u75709033,bot
75818123,u75818123,bot
75831752,u75831752,bot
75882028,u75882028,human
75885708,u75885708,human
75913593,u75913593,bot
75916180,u75916180,human
75975034,u75975034,bot
76033783,u76033783,human
76041202,u76041202,human
76067316,u76067316,human
76120883,u76120883,bot
76133155,u76133155,human
76267997,u76267997,bot
76281621,u76281621,bot
76294950,u76294950,human
76348185,u76348185,human
76383964,u76383964,bot
76442487,u76442487,bot
76551002,u76551002,human
76558553,u76558553,bot
76656451,u76656451,human
76677728,u76677728,human
76687979,u76687979,bot
76896397,u76896397,human
76970495,u76970495,human
76980293,u76980293,human
77053373,u77053373,bot
77129998,u77129998,bot
77234984,u77234984,human
77238935,u77238935,human
77243761,u77243761,bot
77436536,u77436536,bot
77512825,u77512825,human
77614563,u77614563,human
77650995,u77650995,bot
77748048,u77748048,bot
77907542,u77907542,human
77999620,u77999620,bot
78203956,u78203956,bot
78302950,u78302950,bot
78406161,u78406161,human
78559751,u78559751,bot
78587111,u78587111,bot
78637018,u78637018,human
78752814,u78752814,bot
78755995,u78755995,human
78964775,u78964775,bot
78977078,u78977078,human
79042180,u79042180,bot
79440047,u79440047,human
79637366,u79637366,bot
79670084,u79670084,bot
79759935,u79759935,human
79943743,u79943743,bot
80032312,u80032312,human
80065051,u80065051,bot
80147697,u80147697,bot
80179442,u80179442,human
80361644,u80361644,human
80370145,u80370145,human
80398898,u80398898,bot
80446199,u80446199,human
80510471,u80510471,bot
80571006,u80571006,bot
80575378,u80575378,bot
80619946,u80619946,human
80698491,u80698491,bot
80790897,u80790897,bot
80949432,u80949432,human
81203057,u81203057,human
81289660,u81289660,human
81316045,u81316045,human
81563705,u81563705,human
81635029,u81635029,human
81706093,u81706093,bot
81822524,u81822524,human
81834821,u81834821,human
81869176,u81869176,human
82037870,u82037870,bot
82043459,u82043459,human
82097756,u82097756,human
82188583,u82188583,bot
82390102,u82390102,human
82398088,u82398088,human
82454070,u82454070,human
82466327,u82466327,bot
82479634,u82479634,bot
82532269,u82532269,bot
82674220,u82674220,bot
82801415,u82801415,bot
83011510,u83011510,human
83046427,u83046427,bot
83091475,u83091475,human
83159014,u83159014,human
83306552,u83306552,human
83352760,u83352760,human
83364240,u83364240,bot
83389771,u83389771,human
83407789,u83407789,human
83549889,u83549889,bot
83592831,u83592831,human
83597405,u83597405,human
83622287,u83622287,bot
83625419,u83625419,bot
83663257,u83663257,bot
83707726,u83707726,human
83722885,u83722885,human
83757924,u83757924,human
83813341,u83813341,bot
83827434,u83827434,human
83855918,u83855918,human
83899964,u83899964,human
83938654,u83938654,bot
83987161,u83987161,bot
83987663,u83987663,human
84035041,u84035041,human
84061973,u84061973,human
84106123,u84106123,bot
84125029,u84125029,bot
84185255,u84185255,human
84194879,u84194879,human
84288053,u84288053,bot
84296077,u84296077,human
84527893,u84527893,bot
84572227,u84572227,bot
84599604,u84599604,human
84626947,u84626947,human
84777428,u84777428,bot
84805048,u84805048,bot
84820734,u84820734,bot
84848487,u84848487,human
85238361,u85238361,bot
85469815,u85469815,human
85477021,u85477021,bot
85601670,u85601670,human
85605334,u85605334,human
85648537,u85648537,bot
85657491,u85657491,bot
85736665,u85736665,bot
85757229,u85757229,bot
85792789,u85792789,bot
85913172,u85913172,bot
86020763,u86020763,human
86091264,u86091264,human
86129862,u86129862,bot
86163274,u86163274,human
86273857,u86273857,bot
86290918,u86290918,human
86317098,u86317098,bot
86478153,u86478153,human
86481377,u86481377,human
86604846,u86604846,bot
86719842,u86719842,human
86932341,u86932341,human
87111271,u87111271,human
87170183,u87170183,human
87198952,u87198952,bot
87316632,u87316632,human
87339547,u87339547,human
87410560,u87410560,human
87430843,u87430843,human
87473622,u87473622,human
87540180,u87540180,bot
87657446,u87657446,human
87706747,u87706747,human
87707239,u87707239,human
87715935,u87715935,human
88027098,u88027098,bot
88139922,u88139922,bot
88403351,u88403351,human
88494677,u88494677,human
88627298,u88627298,human
88667624,u88667624,human
88716323,u88716323,human
88776580,u88776580,human
89213111,u89213111,human
89405591,u89405591,human
89421328,u89421328,human
89488653,u89488653,bot
89558269,u89558269,bot
89739642,u89739642,bot
89770192,u89770192,human
90041779,u90041779,bot
90114650,u90114650,bot
90242450,u90242450,bot
90258002,u90258002,human
90323375,u90323375,human
90335268,u90335268,human
90340682,u90340682,human
90361778,u90361778,human
90427204,u90427204,bot
90497345,u90497345,human
90552683,u90552683,human
90556897,u90556897,human
90570778,u90570778,human
90650189,u90650189,bot
90652918,u90652918,human
90836187,u90836187,human
90842438,u90842438,human
90943080,u90943080,bot
90965764,u90965764,bot
90970409,u90970409,bot
91139623,u91139623,bot
91314192,u91314192,human
91334387,u91334387,human
91506257,u91506257,human
91525942,u91525942,human
91591930,u91591930,human
91628518,u91628518,human
91649643,u91649643,bot
91698066,u91698066,human
91699310,u91699310,human
91734029,u91734029,bot
91792266,u91792266,bot
91815273,u91815273,human
92067857,u92067857,human
92082123,u92082123,human
92096034,u92096034,human
92148954,u92148954,human
92152953,u92152953,human
92590553,u92590553,bot
92614042,u92614042,human
92699216,u92699216,human
92704372,u92704372,human
92724728,u92724728,bot
92764064,u92764064,human
92772557,u92772557,bot
92797256,u92797256,bot
92849144,u92849144,human
92922681,u92922681,human
93004355,u93004355,human
93071031,u93071031,human
93121635,u93121635,human
93231317,u93231317,bot
93271873,u93271873,bot
93306055,u93306055,bot
93472873,u93472873,bot
93578985,u93578985,bot
93711247,u93711247,human
93849369,u93849369,human
93881354,u93881354,human
93925914,u93925914,bot
93957809,u93957809,human
94065199,u94065199,bot
94120744,u94120744,human
94192126,u94192126,bot
94392385,u94392385,human
94425877,u94425877,human
94442462,u94442462,bot
94470018,u94470018,human
94538862,u94538862,human
94545198,u94545198,bot
94732055,u94732055,bot
94825605,u94825605,human
94833830,u94833830,bot
94836895,u94836895,bot
94860262,u94860262,bot
94998778,u94998778,human
95022046,u95022046,human
95082530,u95082530,human
95216935,u95216935,human
95222471,u95222471,human
95248614,u95248614,human
95329049,u95329049,human
95471897,u95471897,bot
95476658,u95476658,human
95524515,u95524515,human
95600752,u95600752,bot
95602933,u95602933,human
95670667,u95670667,bot
95725957,u95725957,bot
95817528,u95817528,human
95926298,u95926298,human
95976635,u95976635,bot
96105040,u96105040,human
96149284,u96149284,human
96345265,u96345265,bot
96579724,u96579724,human
96591869,u96591869,human
96637927,u96637927,bot
96718576,u96718576,bot
96768148,u96768148,human
96999384,u96999384,human
97041528,u97041528,bot
97046557,u97046557,human
97050113,u97050113,bot
97139873,u97139873,human
97190019,u97190019,bot
97217966,u97217966,human
97241960,u97241960,human
97461320,u97461320,bot
97597139,u97597139,human
97719032,u97719032,human
97740752,u97740752,human
97841474,u97841474,bot
98020421,u98020421,bot
98047213,u98047213,human
98065954,u98065954,human
98247788,u98247788,human
98256343,u98256343,bot
98367934,u98367934,human
98369136,u98369136,bot
98450505,u98450505,human
98471763,u98471763,human
98760724,u98760724,human
98804784,u98804784,human
98951517,u98951517,human
99055303,u99055303,bot
99107259,u99107259,bot
99130413,u99130413,human
99454358,u99454358,bot
99581347,u99581347,human
99647098,u99647098,bot
99665921,u99665921,human
99896598,u99896598,bot
99946800,u99946800,human
100042966,u100042966,bot
100055123,u100055123,human
100068931,u100068931,human
100184158,u100184158,bot
100301671,u100301671,human
100394466,u100394466,human
100440958,u100440958,bot
100472374,u100472374,bot
100521481,u100521481,human
100588178,u100588178,human
100726816,u100726816,human
100828637,u100828637,human
101160302,u101160302,bot
101196106,u101196106,bot
101302547,u101302547,bot
101311381,u101311381,human
101319695,u101319695,bot
101354595,u101354595,human
101397097,u101397097,bot
101506286,u101506286,bot
101524268,u101524268,human
101659839,u101659839,human
101803450,u101803450,human
101825544,u101825544,human
101933594,u101933594,bot
102044211,u102044211,bot
102129320,u102129320,human
102214015,u102214015,bot
102274452,u102274452,bot
102478586,u102478586,human
102489685,u102489685,bot
102521152,u102521152,bot
102538743,u102538743,bot
102562520,u102562520,bot
102580588,u102580588,human
102594136,u102594136,human
102708234,u102708234,human
102712612,u102712612,bot
102831419,u102831419,human
102888527,u102888527,bot
103065157,u103065157,human
103092458,u103092458,bot
103095293,u103095293,human
103118481,u103118481,human
103220245,u103220245,human
103401966,u103401966,bot
103492679,u103492679,human
103508957,u103508957,human
103586144,u103586144,bot
103596117,u103596117,human
103760901,u103760901,human
103865085,u103865085,human
103962254,u103962254,bot
103981878,u103981878,human
103989154,u103989154,human
104040220,u104040220,human
104083325,u104083325,human
104092713,u104092713,human
104130190,u104130190,bot
104162716,u104162716,human
104436918,u104436918,bot
104562738,u104562738,human
104582823,u104582823,human
104604540,u104604540,human
104635760,u104635760,human
104640447,u104640447,bot
104729494,u104729494,bot
104799080,u104799080,human
104845571,u104845571,bot
105003647,u105003647,bot
105224782,u105224782,human
105269020,u105269020,bot
105387876,u105387876,bot
105589263,u105589263,human
105810584,u105810584,human
106058308,u106058308,bot
106149941,u106149941,human
106242104,u106242104,bot
106245943,u106245943,human
106360393,u106360393,human
106364904,u106364904,human
106789873,u106789873,human
106963007,u106963007,human
107016153,u107016153,bot
107196001,u107196001,human
107274201,u107274201,bot
107280372,u107280372,bot
107301385,u107301385,human
107314518,u107314518,human
107328524,u107328524,bot
107376299,u107376299,bot
107472085,u107472085,bot
107512859,u107512859,human
107655313,u107655313,human
107770718,u107770718,human
107847735,u107847735,human
108011848,u108011848,human
108046242,u108046242,bot
108094809,u108094809,bot
108247668,u108247668,human
108348597,u108348597,human
108554917,u108554917,bot
108562854,u108562854,human
108621970,u108621970,human
108705835,u108705835,bot
108740292,u108740292,human
108804318,u108804318,human
108899342,u108899342,human
108936259,u108936259,human
108977933,u108977933,human
109037846,u109037846,bot
109112935,u109112935,bot
109323518,u109323518,bot
109471034,u109471034,human
109538525,u109538525,human
109589477,u109589477,human
109647254,u109647254,bot
109844484,u109844484,bot
109850328,u109850328,human
109919100,u109919100,bot
109958517,u109958517,human
110078466,u110078466,bot
110121475,u110121475,human
110182153,u110182153,bot
110183325,u110183325,human
110322854,u110322854,human
110326494,u110326494,human
110350125,u110350125,bot
110388353,u110388353,human
110441210,u110441210,human
110519660,u110519660,human
110663889,u110663889,human
110931712,u110931712,bot
111067557,u111067557,bot
111359241,u111359241,human
111422855,u111422855,human
111443327,u111443327,bot
111520569,u111520569,bot
111533746,u111533746,human
111579558,u111579558,bot
111591863,u111591863,bot
111638069,u111638069,human
111724165,u111724165,human
111819716,u111819716,bot
111926756,u111926756,human
111978746,u111978746,human
112169675,u112169675,bot
112275676,u112275676,bot
112398730,u112398730,human
112406785,u112406785,human
112407655,u112407655,human
112453249,u112453249,bot
112464786,u112464786,human
112479899,u112479899,human
112586613,u112586613,human
112654811,u112654811,human
112733139,u112733139,human
112869058,u112869058,bot
112873844,u112873844,human
112915037,u112915037,human
112961086,u112961086,bot
113015471,u113015471,human
113130846,u113130846,human
113172148,u113172148,human
113502611,u113502611,human
113536399,u113536399,bot
113687225,u113687225,human
113720154,u113720154,human
113793389,u113793389,bot
113812445,u113812445,human
113947583,u113947583,bot
114190815,u114190815,bot
114194530,u114194530,bot
114412574,u114412574,human
114516774,u114516774,human
114597133,u114597133,bot
114656274,u114656274,human
114664718,u114664718,bot
114693887,u114693887,bot
114716213,u114716213,bot
114820052,u114820052,human
114820838,u114820838,human
114875442,u114875442,human
114928033,u114928033,human
114992659,u114992659,bot
115091858,u115091858,human
115210837,u115210837,human
115250241,u115250241,bot
115252732,u115252732,bot
115328825,u115328825,human
115341081,u115341081,human
115369464,u115369464,human
115426969,u115426969,human
115472158,u115472158,human
115728688,u115728688,bot
115763683,u115763683,human
115781868,u115781868,human
115786052,u115786052,human
115925892,u115925892,bot
115926128,u115926128,human
116070070,u116070070,bot
116132819,u116132819,human
116219009,u116219009,human
116440093,u116440093,human
116763190,u116763190,human
116783083,u116783083,human
116845797,u116845797,human
117048724,u117048724,bot
117071877,u117071877,human
117139062,u117139062,bot
117171240,u117171240,human
117191726,u117191726,bot
117210373,u117210373,bot
117389540,u117389540,bot
117406291,u117406291,human
117409543,u117409543,bot
117416156,u117416156,bot
117439450,u117439450,human
117464372,u117464372,human
117539435,u117539435,human
117554842,u117554842,human
117697670,u117697670,bot
117770609,u117770609,bot
117777690,u117777690,human
117796196,u117796196,bot
117825143,u117825143,bot
117956107,u117956107,human
117968952,u117968952,bot
117998279,u117998279,human
118009649,u118009649,human
118064315,u118064315,human
118100500,u118100500,bot
118228412,u118228412,bot
118393584,u118393584,bot
118618763,u118618763,human
118739566,u118739566,human
118759198,u118759198,human
118874607,u118874607,human
118952409,u118952409,human
118966690,u118966690,human
119055102,u119055102,human
119106683,u119106683,human
119155159,u119155159,human
119385045,u119385045,human
119521385,u119521385,human
119768786,u119768786,bot
119837224,u119837224,human
119874690,u119874690,bot
120024640,u120024640,human
120152599,u120152599,human
120969689,u120969689,human
120993720,u120993720,bot
121191600,u121191600,human
121204594,u121204594,human
121255864,u121255864,human
121309596,u121309596,human
121715841,u121715841,human
121849269,u121849269,human
121853212,u121853212,human
121895573,u121895573,human
121909103,u121909103,human
121910637,u121910637,human
121950222,u121950222,human
121989286,u121989286,human
122037755,u122037755,human
122078333,u122078333,human
122152468,u122152468,bot
122369320,u122369320,human
122392913,u122392913,human
122453931,u122453931,human
122658025,u122658025,human
122795357,u122795357,human
122810757,u122810757,human
122871872,u122871872,bot
123231225,u123231225,human
123391324,u123391324,bot
123427141,u123427141,human
123631275,u123631275,bot
123896404,u123896404,bot
123939664,u123939664,human
124167484,u124167484,human
124176132,u124176132,human
124189302,u124189302,human
124237063,u124237063,human
124346356,u124346356,bot
124397553,u124397553,human
124508864,u124508864,human
124745749,u124745749,human
124808159,u124808159,bot
124810572,u124810572,human
124904653,u124904653,bot
124922921,u124922921,human
124966857,u124966857,bot
125017297,u125017297,human
125356003,u125356003,bot
125597623,u125597623,bot
125678751,u125678751,bot
125726857,u125726857,human
125730874,u125730874,human
125902660,u125902660,human
125905975,u125905975,bot
125985168,u125985168,human
126080533,u126080533,bot
126301470,u126301470,human
126376603,u126376603,human
126380751,u126380751,bot
126527644,u126527644,human
127004759,u127004759,bot
127091266,u127091266,human
127300784,u127300784,bot
127505386,u127505386,human
127519109,u127519109,bot
127708877,u127708877,human
127854610,u127854610,human
128003340,u128003340,bot
128098218,u128098218,human
128297723,u128297723,human
128359923,u128359923,bot
128664817,u128664817,human
128682052,u128682052,bot
128691460,u128691460,bot
128721881,u128721881,human
129211757,u129211757,human
129301875,u129301875,bot
129341203,u129341203,human
129520541,u129520541,human
129540154,u129540154,human
129541753,u129541753,bot
129549788,u129549788,bot
129681033,u129681033,bot
129706040,u129706040,bot
129842597,u129842597,human
130026674,u130026674,bot
130046750,u130046750,bot
130061775,u130061775,bot
130200269,u130200269,human
130215899,u130215899,human
130305298,u130305298,bot
130344472,u130344472,human
130444158,u130444158,human
130496027,u130496027,human
130649849,u130649849,bot
130709088,u130709088,human
130745589,u130745589,human
130797483,u130797483,human
130945085,u130945085,human
131053564,u131053564,human
131060738,u131060738,bot
131367777,u131367777,human
131398400,u131398400,bot
131623639,u131623639,human
131797422,u131797422,bot
132155424,u132155424,bot
132295107,u132295107,human
132346487,u132346487,human
132366897,u132366897,bot
132385468,u132385468,human
132419884,u132419884,bot
132552922,u132552922,human
132697326,u132697326,bot
132830623,u132830623,human
133033883,u133033883,human
133141968,u133141968,human
133304061,u133304061,bot
133322750,u133322750,bot
133448051,u133448051,human
133663801,u133663801,human
133872048,u133872048,human
133880286,u133880286,human
134015282,u134015282,bot
134112073,u134112073,human
134686200,u134686200,bot
134758540,u134758540,human
134824143,u134824143,bot
135061425,u135061425,human
135218064,u135218064,human
135250709,u135250709,human
135421739,u135421739,human
135647562,u135647562,human
135706410,u135706410,human
135797212,u135797212,bot
135919183,u135919183,human
135922295,u135922295,human
135945569,u135945569,bot
135996521,u135996521,bot
136330243,u136330243,bot
136629644,u136629644,bot
136637220,u136637220,human
136911542,u136911542,human
137293207,u137293207,bot
137564612,u137564612,bot
137827773,u137827773,bot
138054922,u138054922,human
138376017,u138376017,human
138402344,u138402344,human
138428447,u138428447,human
138516405,u138516405,human
138529583,u138529583,human
138643129,u138643129,human
138756112,u138756112,bot
138814032,u138814032,human
138840988,u138840988,human
139092348,u139092348,human
139234161,u139234161,human
139533748,u139533748,human
139598778,u139598778,human
139679188,u139679188,human
139680646,u139680646,human
140049744,u140049744,human
140088466,u140088466,bot
140093780,u140093780,bot
140203785,u140203785,human
140263802,u140263802,human
140388178,u140388178,bot
140491884,u140491884,human
140514522,u140514522,human
140731748,u140731748,human
140894914,u140894914,bot
141369568,u141369568,human
141376289,u141376289,human
141862251,u141862251,bot
142012757,u142012757,human
142033506,u142033506,human
142111864,u142111864,human
142132591,u142132591,bot
142296675,u142296675,human
142368496,u142368496,human
142404062,u142404062,bot
142415193,u142415193,human
142424682,u142424682,human
142496277,u142496277,bot
142634285,u142634285,bot
142652621,u142652621,bot
142713264,u142713264,bot
143022188,u143022188,human
143225013,u143225013,bot
143441024,u143441024,human
143448777,u143448777,bot
143517443,u143517443,human
143556525,u143556525,human
143799914,u143799914,bot
143887029,u143887029,bot
144083497,u144083497,human
144090338,u144090338,human
144092915,u144092915,bot
144500227,u144500227,human
144521493,u144521493,bot
144553035,u144553035,human
144636567,u144636567,bot
144702040,u144702040,bot
144728427,u144728427,bot
145169990,u145169990,bot
145239540,u145239540,bot
145296383,u145296383,human
145637907,u145637907,human
145658679,u145658679,bot
145766841,u145766841,human
146018319,u146018319,bot
146369830,u146369830,bot
146454562,u146454562,bot
146540920,u146540920,human
146567174,u146567174,human
146633079,u146633079,bot
146660654,u146660654,bot
146795336,u146795336,human
147156224,u147156224,bot
147365641,u147365641,human
147491637,u147491637,human
147691384,u147691384,human
147707412,u147707412,bot
147776954,u147776954,human
147977670,u147977670,bot
147994804,u147994804,human
148287069,u148287069,human
148387660,u148387660,bot
148390293,u148390293,human
148431283,u148431283,human
148458639,u148458639,human
148465548,u148465548,human
148483216,u148483216,bot
148520716,u148520716,human
148639030,u148639030,human
148758090,u148758090,bot
148952617,u148952617,human
148962123,u148962123,human
149188612,u149188612,human
149532463,u149532463,bot
149627584,u149627584,human
149830745,u149830745,human
149893949,u149893949,bot
149975431,u149975431,bot
150151712,u150151712,human
150285998,u150285998,human
150612395,u150612395,human
150707058,u150707058,bot
151123001,u151123001,human
151209088,u151209088,human
151233018,u151233018,bot
151471167,u151471167,human
151688952,u151688952,bot
151953199,u151953199,human
152205680,u152205680,bot
152347265,u152347265,human
152731757,u152731757,human
152918926,u152918926,human
152928026,u152928026,bot
153069545,u153069545,bot
153078871,u153078871,bot
153142366,u153142366,bot
153162278,u153162278,bot
153324320,u153324320,human
153369112,u153369112,bot
153462184,u153462184,bot
153473883,u153473883,bot
153518470,u153518470,human
153751831,u153751831,bot
153893566,u153893566,human
154051517,u154051517,bot
154169277,u154169277,human
154395962,u154395962,human
154446790,u154446790,bot
154484865,u154484865,bot
154546240,u154546240,bot
154580426,u154580426,bot
154606958,u154606958,human
154728787,u154728787,human
154768652,u154768652,human
155247178,u155247178,bot
155392050,u155392050,bot
155727992,u155727992,bot
155814794,u155814794,human
156279849,u156279849,human
156393470,u156393470,human
156411211,u156411211,human
156463407,u156463407,bot
156499311,u156499311,bot
156568938,u156568938,human
156611885,u156611885,human
156656964,u156656964,human
156778424,u156778424,bot
156881708,u156881708,human
156894642,u156894642,human
156981152,u156981152,human
157467050,u157467050,human
157474864,u157474864,bot
157869434,u157869434,bot
158065720,u158065720,human
158130337,u158130337,bot
158135219,u158135219,bot
158166637,u158166637,human
158211480,u158211480,human
158249007,u158249007,human
158311908,u158311908,bot
158400387,u158400387,human
158414847,u158414847,human
158451341,u158451341,human
158604776,u158604776,bot
158784526,u158784526,bot
158842667,u158842667,human
158914930,u158914930,human
158939130,u158939130,bot
159169086,u159169086,human
159216201,u159216201,human
159222433,u159222433,human
159240329,u159240329,human
159245037,u159245037,bot
159333574,u159333574,bot
159638969,u159638969,human
159766141,u159766141,bot
159804516,u159804516,human
159955958,u159955958,human
159968349,u159968349,human
160012920,u160012920,bot
160241451,u160241451,bot
160272388,u160272388,bot
160474784,u160474784,human
160526873,u160526873,human
160657301,u160657301,bot
160722624,u160722624,bot
160877628,u160877628,bot
160957351,u160957351,bot
161051718,u161051718,human
161150162,u161150162,bot
161399566,u161399566,human
161427827,u161427827,human
161465425,u161465425,bot
161563071,u161563071,human
161596746,u161596746,human
161650812,u161650812,human
161686669,u161686669,bot
161801527,u161801527,human
161822962,u161822962,human
161863044,u161863044,bot
161913667,u161913667,human
162080431,u162080431,human
162289864,u162289864,bot
162293874,u162293874,human
162535413,u162535413,human
163039131,u163039131,bot
163108858,u163108858,bot
163129601,u163129601,bot
163168790,u163168790,bot
163283608,u163283608,human
163409644,u163409644,human
163442471,u163442471,human
163495689,u163495689,bot
163512184,u163512184,bot
163582516,u163582516,human
163645735,u163645735,human
163770736,u163770736,human
163877633,u163877633,bot
164104517,u164104517,bot
164152691,u164152691,human
164340775,u164340775,bot
164514994,u164514994,bot
164645116,u164645116,bot
164677058,u164677058,bot
164867442,u164867442,bot
164952362,u164952362,bot
164967948,u164967948,human
164996573,u164996573,bot
165055196,u165055196,human
165114041,u165114041,bot
165148613,u165148613,human
165171588,u165171588,bot
165306517,u165306517,bot
165344557,u165344557,human
165374113,u165374113,bot
165760550,u165760550,bot
165763981,u165763981,human
165828332,u165828332,bot
165863499,u165863499,bot
165905874,u165905874,human
166018762,u166018762,bot
166067380,u166067380,bot
166342982,u166342982,bot
166536146,u166536146,bot
166571419,u166571419,human
166618015,u166618015,bot
166657017,u166657017,human
166975744,u166975744,bot
167027620,u167027620,bot
167292689,u167292689,human
167676641,u167676641,human
167849321,u167849321,bot
168188589,u168188589,human
168493808,u168493808,bot
168738308,u168738308,human
168866449,u168866449,human
168870903,u168870903,human
169038927,u169038927,human
169041906,u169041906,human
169159743,u169159743,human
169337725,u169337725,human
169500868,u169500868,human
169686021,u169686021,human
170166816,u170166816,human
170226165,u170226165,bot
170281084,u170281084,bot
170354385,u170354385,human
170415494,u170415494,human
170514223,u170514223,human
170688082,u170688082,bot
170861207,u170861207,human
170929225,u170929225,bot
170958069,u170958069,human
171158446,u171158446,human
171241222,u171241222,bot
171312558,u171312558,bot
171835605,u171835605,human
171873129,u171873129,human
171909982,u171909982,human
171977969,u171977969,human
172057857,u172057857,human
172085616,u172085616,human
173057927,u173057927,human
173150263,u173150263,human
174133546,u174133546,bot
174193434,u174193434,human
174223715,u174223715,human
174358993,u174358993,bot
174383460,u174383460,bot
174385758,u174385758,human
174463721,u174463721,bot
174622103,u174622103,human
174717117,u174717117,bot
174938129,u174938129,bot
175004978,u175004978,human
175069606,u175069606,bot
175084851,u175084851,human
175273213,u175273213,human
175282603,u175282603,human
175463367,u175463367,human
175624200,u175624200,human
175743717,u175743717,human
175750856,u175750856,bot
175993490,u175993490,bot
176066335,u176066335,human
176087555,u176087555,human
176539168,u176539168,bot
176803724,u176803724,bot
176842875,u176842875,human
176872939,u176872939,human
176987707,u176987707,bot
177137867,u177137867,human
177299416,u177299416,bot
177321850,u177321850,human
177395566,u177395566,human
177433164,u177433164,human
177564016,u177564016,human
177632301,u177632301,bot
177679532,u177679532,bot
177886974,u177886974,human
178734121,u178734121,human
179161387,u179161387,bot
179245967,u179245967,human
179359521,u179359521,bot
179439741,u179439741,bot
179448261,u179448261,human
179467862,u179467862,human
179490918,u179490918,human
179588572,u179588572,bot
179593914,u179593914,bot
179734191,u179734191,human
179926504,u179926504,human
180038665,u180038665,human
180087234,u180087234,bot
180294761,u180294761,bot
180319477,u180319477,bot
180410174,u180410174,human
180505807,u180505807,human
180531306,u180531306,human
180592537,u180592537,human
180652225,u180652225,bot
180666430,u180666430,human
180752128,u180752128,bot
180813868,u180813868,bot
180882136,u180882136,human
180993910,u180993910,human
181041474,u181041474,human
181325123,u181325123,human
181565192,u181565192,human
181572333,u181572333,human
181667960,u181667960,bot
181698327,u181698327,human
182012766,u182012766,bot
182043558,u182043558,human
182230678,u182230678,human
182623928,u182623928,bot
182855420,u182855420,bot
183280073,u183280073,human
183333374,u183333374,human
183407966,u183407966,human
183564337,u183564337,bot
183598207,u183598207,bot
183643892,u183643892,bot
183674949,u183674949,bot
183749519,u183749519,human
184340694,u184340694,bot
184413447,u184413447,bot
184433314,u184433314,human
184440525,u184440525,human
184837081,u184837081,human
185076709,u185076709,human
185261058,u185261058,human
185375872,u185375872,human
185380829,u185380829,bot
185410498,u185410498,human
185640900,u185640900,human
185709616,u185709616,bot
185911610,u185911610,bot
185953134,u185953134,bot
186152756,u186152756,human
186195617,u186195617,bot
186581073,u186581073,human
186731171,u186731171,human
187278154,u187278154,bot
187318715,u187318715,bot
187457866,u187457866,bot
187461322,u187461322,human
187470289,u187470289,bot
187532068,u187532068,bot
187599581,u187599581,human
187837457,u187837457,bot
187953038,u187953038,bot
188025994,u188025994,bot
188200111,u188200111,bot
188741386,u188741386,human
188830558,u188830558,bot
189068159,u189068159,human
189125832,u189125832,bot
189249084,u189249084,bot
189536913,u189536913,bot
189538866,u189538866,human
189769310,u189769310,bot
189773769,u189773769,human
190138220,u190138220,human
190361927,u190361927,human
190371305,u190371305,human
190398268,u190398268,human
190562774,u190562774,bot
190603324,u190603324,bot
190720489,u190720489,bot
190770676,u190770676,bot
190843976,u190843976,human
191078965,u191078965,bot
191190317,u191190317,human
191447649,u191447649,bot
191573340,u191573340,bot
191725079,u191725079,human
192040502,u192040502,human
192241295,u192241295,bot
192403111,u192403111,bot
192422102,u192422102,bot
192472058,u192472058,bot
192515434,u192515434,bot
192589318,u192589318,human
192665708,u192665708,human
192753429,u192753429,human
192912869,u192912869,human
193186935,u193186935,bot
193214051,u193214051,human
193218281,u193218281,human
193227988,u193227988,bot
193265760,u193265760,human
193364583,u193364583,bot
193367488,u193367488,bot
193517096,u193517096,human
193520632,u193520632,bot
193659574,u193659574,human
193770830,u193770830,bot
193781897,u193781897,human
194028861,u194028861,human
194087595,u194087595,human
194187417,u194187417,bot
194207046,u194207046,human
194456924,u194456924,human
194920113,u194920113,bot
194975681,u194975681,human
195053234,u195053234,human
195121177,u195121177,bot
195123428,u195123428,human
195161562,u195161562,bot
195459838,u195459838,human
195504210,u195504210,human
195553203,u195553203,bot
195674678,u195674678,human
195711718,u195711718,bot
195920016,u195920016,human
195946510,u195946510,bot
195989915,u195989915,bot
196035613,u196035613,bot
196278935,u196278935,human
196504071,u196504071,bot
196583017,u196583017,bot
196661823,u196661823,human
196745496,u196745496,human
197065441,u197065441,bot
197075110,u197075110,bot
197222438,u197222438,human
197246671,u197246671,human
197592265,u197592265,bot
198027469,u198027469,bot
198068838,u198068838,human
198194549,u198194549,human
198530073,u198530073,bot
199053142,u199053142,bot
199345846,u199345846,bot
199369366,u199369366,human
200005355,u200005355,bot
200251856,u200251856,human
200377020,u200377020,bot
200425023,u200425023,bot
200459463,u200459463,human
200466843,u200466843,human
200636954,u200636954,bot
201164878,u201164878,bot
201309235,u201309235,bot
201379948,u201379948,human
201693500,u201693500,human
201790307,u201790307,human
202067756,u202067756,bot
202142322,u202142322,bot
202237794,u202237794,human
202254736,u202254736,bot
202288136,u202288136,bot
202544444,u202544444,bot
202590356,u202590356,human
202740551,u202740551,bot
202982523,u202982523,human
203146331,u203146331,bot
203160806,u203160806,bot
203164359,u203164359,bot
203250712,u203250712,human
203293156,u203293156,human
203332110,u203332110,human
203565739,u203565739,human
203652149,u203652149,human
203795804,u203795804,human
204412130,u204412130,human
204716064,u204716064,bot
204869812,u204869812,human
205195655,u205195655,human
205315691,u205315691,human
205392468,u205392468,human
205569142,u205569142,human
205750967,u205750967,human
206132942,u206132942,human
206324378,u206324378,bot
206522371,u206522371,bot
206743057,u206743057,human
206750033,u206750033,bot
206777415,u206777415,human
206797231,u206797231,human
207012803,u207012803,bot
207465671,u207465671,human
207591497,u207591497,bot
207717110,u207717110,human
208048534,u208048534,bot
208153889,u208153889,human
208155240,u208155240,human
209472553,u209472553,human
209993471,u209993471,human
210008372,u210008372,bot
210018405,u210018405,bot
210083385,u210083385,bot
210243687,u210243687,human
210457478,u210457478,bot
210820145,u210820145,human
210921551,u210921551,human
211180310,u211180310,human
211322771,u211322771,bot
211608222,u211608222,human
211846493,u211846493,human
212086894,u212086894,human
212243068,u212243068,human
212279021,u212279021,human
212468594,u212468594,bot
212805542,u212805542,human
213011425,u213011425,bot
213012606,u213012606,human
213334486,u213334486,human
213410467,u213410467,human
213732025,u213732025,bot
213745334,u213745334,human
213850279,u213850279,human
214106456,u214106456,bot
214144369,u214144369,human
214296002,u214296002,bot
214355413,u214355413,bot
214395203,u214395203,human
215012020,u215012020,bot
215399723,u215399723,human
215423375,u215423375,bot
215739344,u215739344,bot
215772133,u215772133,bot
216020848,u216020848,bot
216080249,u216080249,human
216376714,u216376714,human
216447259,u216447259,human
216563156,u216563156,bot
216679969,u216679969,bot
216727067,u216727067,human
216779161,u216779161,human
216881337,u216881337,human
216939636,u216939636,human
217021688,u217021688,human
217187917,u217187917,bot
217244060,u217244060,human
217418878,u217418878,bot
217464094,u217464094,bot
217767291,u217767291,human
217900950,u217900950,human
217912072,u217912072,human
217930962,u217930962,bot
218107857,u218107857,human
218161878,u218161878,bot
218182256,u218182256,human
218636715,u218636715,human
218946953,u218946953,bot
218951054,u218951054,human
219127536,u219127536,bot
219255067,u219255067,human
219349412,u219349412,human
219495268,u219495268,bot
219952960,u219952960,human
220057455,u220057455,human
220125213,u220125213,human
220145170,u220145170,human
220228167,u220228167,human
220245602,u220245602,bot
220270775,u220270775,human
220275658,u220275658,human
220364966,u220364966,human
220392214,u220392214,bot
220639178,u220639178,bot
220655030,u220655030,human
220710590,u220710590,bot
220753944,u220753944,human
220902580,u220902580,bot
221393897,u221393897,bot
221424757,u221424757,bot
221638815,u221638815,bot
221718578,u221718578,bot
221838243,u221838243,human
221894627,u221894627,bot
221938964,u221938964,human
222138104,u222138104,human
222246291,u222246291,human
222483146,u222483146,human
222490844,u222490844,bot
222781413,u222781413,bot
222932025,u222932025,human
223042280,u223042280,human
223105455,u223105455,human
223323922,u223323922,bot
223346768,u223346768,human
223526009,u223526009,bot
223546666,u223546666,human
223560830,u223560830,human
223611135,u223611135,bot
223721912,u223721912,bot
223739217,u223739217,human
223874121,u223874121,human
224043416,u224043416,human
224332521,u224332521,human
224332668,u224332668,human
224359740,u224359740,human
224404117,u224404117,bot
224576141,u224576141,bot
224630721,u224630721,human
224722164,u224722164,human
224843448,u224843448,human
224965117,u224965117,human
225054090,u225054090,human
225073760,u225073760,human
225147972,u225147972,bot
225241027,u225241027,bot
225861086,u225861086,human
225882083,u225882083,human
225895485,u225895485,human
226175334,u226175334,bot
226367460,u226367460,human
226376452,u226376452,human
226748349,u226748349,human
226940811,u226940811,human
226959000,u226959000,bot
226963337,u226963337,bot
227164480,u227164480,human
227345183,u227345183,human
227364434,u227364434,human
227642349,u227642349,human
227701742,u227701742,human
227823418,u227823418,bot
228040559,u228040559,human
228159567,u228159567,human
228203519,u228203519,human
228474571,u228474571,human
228921126,u228921126,human
228926977,u228926977,bot
228957553,u228957553,human
229045076,u229045076,bot
229125893,u229125893,human
229269426,u229269426,human
229389391,u229389391,human
229432720,u229432720,human
229552128,u229552128,human
229605570,u229605570,bot
229629482,u229629482,bot
229743534,u229743534,bot
229961532,u229961532,human
230068228,u230068228,bot
230366837,u230366837,human
230632098,u230632098,human
230663238,u230663238,human
230987883,u230987883,bot
231012505,u231012505,human
231422245,u231422245,human
231559493,u231559493,human
231602158,u231602158,human
231723415,u231723415,human
231759188,u231759188,human
231845623,u231845623,human
231984011,u231984011,bot
232065386,u232065386,human
232184085,u232184085,human
232294292,u232294292,human
232396491,u232396491,human
232665671,u232665671,human
232825643,u232825643,bot
233064269,u233064269,bot
233146335,u233146335,human
233160369,u233160369,human
233196210,u233196210,human
233243084,u233243084,human
233266490,u233266490,human
233289661,u233289661,human
233354961,u233354961,human
233424960,u233424960,bot
233543994,u233543994,human
233644448,u233644448,human
234059290,u234059290,human
234376125,u234376125,human
234559391,u234559391,human
234764852,u234764852,human
234873785,u234873785,human
235031949,u235031949,bot
235072498,u235072498,human
235273824,u235273824,bot
235283856,u235283856,bot
235331864,u235331864,bot
235398786,u235398786,bot
235751756,u235751756,human
235834608,u235834608,bot
236002286,u236002286,bot
236059608,u236059608,bot
236288672,u236288672,human
236384718,u236384718,bot
236576603,u236576603,bot
236699098,u236699098,human
236750658,u236750658,human
236755662,u236755662,bot
236911178,u236911178,bot
237102817,u237102817,bot
237270207,u237270207,bot
237304327,u237304327,human
237670274,u237670274,human
237803302,u237803302,human
237803390,u237803390,bot
238190087,u238190087,human
238574194,u238574194,human
238673331,u238673331,bot
238975927,u238975927,bot
239060144,u239060144,human
239366841,u239366841,bot
239411196,u239411196,human
239420779,u239420779,human
239531503,u239531503,bot
239560078,u239560078,human
239790834,u239790834,bot
239861532,u239861532,human
240180498,u240180498,human
240293931,u240293931,human
240491240,u240491240,human
240791191,u240791191,bot
240796757,u240796757,bot
240815049,u240815049,human
240854594,u240854594,bot
241182904,u241182904,human
241413115,u241413115,bot
241877255,u241877255,human
241994654,u241994654,bot
242245578,u242245578,human
242253020,u242253020,human
242272620,u242272620,human
242473800,u242473800,human
242490547,u242490547,human
242868086,u242868086,human
243036743,u243036743,human
243286973,u243286973,human
243292912,u243292912,human
243379678,u243379678,bot
243390472,u243390472,human
243506668,u243506668,human
243614966,u243614966,human
243707743,u243707743,bot
243875677,u243875677,bot
244022134,u244022134,bot
244082211,u244082211,bot
244082406,u244082406,human
244268823,u244268823,bot
244321238,u244321238,bot
244561826,u244561826,human
244792180,u244792180,human
244923280,u244923280,bot
245024328,u245024328,bot
245108398,u245108398,human
245299129,u245299129,bot
245398972,u245398972,human
245415332,u245415332,bot
245424983,u245424983,human
245552796,u245552796,human
245636297,u245636297,bot
245897325,u245897325,bot
245957167,u245957167,human
245970451,u245970451,human
245986823,u245986823,bot
246089480,u246089480,human
246190734,u246190734,human
246389471,u246389471,human
246479428,u246479428,bot
246495872,u246495872,human
246575950,u246575950,human
246600472,u246600472,human
246651638,u246651638,bot
246773759,u246773759,human
246911714,u246911714,human
246939962,u246939962,human
247023848,u247023848,bot
247333212,u247333212,bot
247476364,u247476364,human
247484483,u247484483,bot
247556189,u247556189,human
247658865,u247658865,human
247694604,u247694604,bot
247857712,u247857712,human
247943231,u247943231,bot
248616413,u248616413,human
248785314,u248785314,bot
248825781,u248825781,human
248839482,u248839482,bot
248883264,u248883264,human
249264590,u249264590,human
249481149,u249481149,bot
250094642,u250094642,bot
250118495,u250118495,bot
250181197,u250181197,human
250188760,u250188760,human
250261284,u250261284,bot
250272362,u250272362,human
250305664,u250305664,human
250397632,u250397632,human
250495841,u250495841,human
250608966,u250608966,bot
250669557,u250669557,bot
250715427,u250715427,bot
250881564,u250881564,human
250968969,u250968969,human
251060309,u251060309,bot
251207983,u251207983,human
251269358,u251269358,bot
251372955,u251372955,bot
251523455,u251523455,human
251758893,u251758893,human
251850462,u251850462,human
252024332,u252024332,bot
252166714,u252166714,human
252172406,u252172406,bot
252279127,u252279127,bot
252388658,u252388658,human
252397899,u252397899,human
252533185,u252533185,bot
252618624,u252618624,human
252702476,u252702476,human
252751061,u252751061,human
252934342,u252934342,bot
253461583,u253461583,bot
253484067,u253484067,human
253626642,u253626642,bot
253998571,u253998571,human
254107028,u254107028,human
254165010,u254165010,bot
254645017,u254645017,bot
254685158,u254685158,bot
254719698,u254719698,human
255021263,u255021263,bot
255063582,u255063582,bot
255345107,u255345107,bot
255420945,u255420945,bot
255466654,u255466654,bot
255600740,u255600740,bot
255922524,u255922524,bot
256092411,u256092411,human
256136003,u256136003,human
256483866,u256483866,human
256512896,u256512896,human
256644046,u256644046,human
256985814,u256985814,human
257125998,u257125998,human
257198813,u257198813,human
257627884,u257627884,human
257642411,u257642411,human
257772210,u257772210,bot
257925853,u257925853,human
257941961,u257941961,human
258267932,u258267932,human
258398314,u258398314,bot
258625222,u258625222,bot
258731087,u258731087,bot
258847118,u258847118,human
258922521,u258922521,human
258965523,u258965523,human
258972661,u258972661,human
259011775,u259011775,human
259159567,u259159567,human
259371777,u259371777,human
259630996,u259630996,bot
259667443,u259667443,bot
259772537,u259772537,bot
259922252,u259922252,bot
259925559,u259925559,human
259965980,u259965980,bot
260128484,u260128484,bot
260275662,u260275662,bot
260317292,u260317292,bot
260402270,u260402270,human
260465612,u260465612,human
260685403,u260685403,human
260734341,u260734341,bot
260755391,u260755391,bot
260759782,u260759782,human
260768256,u260768256,human
260997244,u260997244,bot
261665936,u261665936,human
261865763,u261865763,bot
262046065,u262046065,bot
262251345,u262251345,bot
262286873,u262286873,bot
262330336,u262330336,human
262447355,u262447355,human
262493732,u262493732,bot
262543492,u262543492,human
262579986,u262579986,human
262734035,u262734035,human
263431088,u263431088,human
263472162,u263472162,bot
263522909,u263522909,bot
263545500,u263545500,human
263683429,u263683429,bot
263817869,u263817869,bot
264158483,u264158483,bot
264248576,u264248576,human
264399952,u264399952,human
264526395,u264526395,human
264647839,u264647839,human
264735943,u264735943,human
264802690,u264802690,bot
264892930,u264892930,human
265147468,u265147468,bot
265561503,u265561503,bot
265760464,u265760464,bot
265904510,u265904510,human
265990770,u265990770,human
266084123,u266084123,human
266132229,u266132229,bot
266135518,u266135518,human
266293105,u266293105,bot
266463103,u266463103,human
266468926,u266468926,human
266472904,u266472904,bot
266487188,u266487188,human
266777364,u266777364,human
266826241,u266826241,bot
266889634,u266889634,human
267200503,u267200503,human
267290560,u267290560,human
267455160,u267455160,human
267621469,u267621469,bot
267728487,u267728487,human
267753999,u267753999,human
267807062,u267807062,human
267809712,u267809712,bot
267817263,u267817263,human
268006637,u268006637,bot
268006705,u268006705,human
268121612,u268121612,bot
268177755,u268177755,human
268270587,u268270587,bot
268283923,u268283923,bot
268328453,u268328453,human
268424944,u268424944,human
268718494,u268718494,human
268742389,u268742389,human
268812080,u268812080,human
268821965,u268821965,bot
268830189,u268830189,human
268940970,u268940970,human
269092822,u269092822,bot
269196907,u269196907,human
269646673,u269646673,bot
269702403,u269702403,human
269707998,u269707998,bot
269780940,u269780940,human
269873890,u269873890,human
270016038,u270016038,human
270405562,u270405562,bot
270483276,u270483276,bot
270763905,u270763905,bot
270919042,u270919042,bot
270961144,u270961144,human
271077936,u271077936,human
271099749,u271099749,human
271138780,u271138780,bot
271239524,u271239524,bot
271243941,u271243941,human
271413539,u271413539,bot
271791194,u271791194,bot
271921448,u271921448,human
272047645,u272047645,human
272132790,u272132790,bot
272238609,u272238609,human
272442200,u272442200,human
272463778,u272463778,bot
272481529,u272481529,human
272682658,u272682658,human
272734799,u272734799,bot
272773145,u272773145,bot
272936200,u272936200,human
273036671,u273036671,human
273375532,u273375532,human
273507764,u273507764,bot
273600858,u273600858,bot
274249697,u274249697,human
274437206,u274437206,bot
274461608,u274461608,bot
274531795,u274531795,human
274700475,u274700475,human
274832868,u274832868,human
274887855,u274887855,bot
275071077,u275071077,human
275110288,u275110288,bot
275256442,u275256442,bot
275373680,u275373680,bot
275543867,u275543867,bot
275567659,u275567659,human
275838322,u275838322,bot
276271004,u276271004,human
276523981,u276523981,bot
276671840,u276671840,bot
276799677,u276799677,human
276819640,u276819640,human
277101075,u277101075,bot
277304027,u277304027,human
277325728,u277325728,bot
277551458,u277551458,human
278020492,u278020492,human
278038673,u278038673,human
278115028,u278115028,bot
278227400,u278227400,bot
278264922,u278264922,human
278506592,u278506592,human
278592835,u278592835,bot
278682576,u278682576,human
278791721,u278791721,bot
278995642,u278995642,bot
279165077,u279165077,human
279334997,u279334997,bot
279622823,u279622823,bot
279823862,u279823862,human
279944539,u279944539,human
280174273,u280174273,bot
280247323,u280247323,human
280338555,u280338555,human
280747022,u280747022,human
281043057,u281043057,human
281204964,u281204964,bot
281540714,u281540714,human
281793338,u281793338,human
281814030,u281814030,human
281851707,u281851707,bot
282100895,u282100895,bot
282133625,u282133625,bot
283149384,u283149384,human
283172932,u283172932,bot
283292650,u283292650,bot
283397202,u283397202,bot
283549145,u283549145,bot
283569273,u283569273,bot
283652333,u283652333,human
283998419,u283998419,bot
284168546,u284168546,human
284277820,u284277820,human
284333988,u284333988,human
284364937,u284364937,bot
284736719,u284736719,bot
284870222,u284870222,human
284967242,u284967242,human
284979710,u284979710,bot
285016509,u285016509,bot
285165232,u285165232,human
285259894,u285259894,bot
285332860,u285332860,human
285345195,u285345195,bot
285449110,u285449110,human
285602112,u285602112,human
285615541,u285615541,bot
285685293,u285685293,human
285892397,u285892397,human
286054000,u286054000,human
286366217,u286366217,bot
286822951,u286822951,human
287156977,u287156977,human
287169187,u287169187,human
288074967,u288074967,bot
288165740,u288165740,bot
288203574,u288203574,bot
288208527,u288208527,bot
288659909,u288659909,bot
288984709,u288984709,bot
289374023,u289374023,bot
289451089,u289451089,human
289491620,u289491620,bot
289508193,u289508193,human
289969718,u289969718,human
290004768,u290004768,human
290540978,u290540978,human
290546126,u290546126,bot
290557883,u290557883,bot
291332154,u291332154,human
291765925,u291765925,human
291914022,u291914022,human
292030222,u292030222,bot
292092669,u292092669,human
292194683,u292194683,bot
292234145,u292234145,human
292726960,u292726960,bot
292964668,u292964668,bot
293281463,u293281463,bot
293536748,u293536748,human
293920545,u293920545,human
294648971,u294648971,human
295344317,u295344317,human
295371749,u295371749,human
295940181,u295940181,bot
296153200,u296153200,human
296316503,u296316503,human
296391169,u296391169,human
296488802,u296488802,bot
297124473,u297124473,human
297316043,u297316043,human
297338489,u297338489,bot
297503653,u297503653,bot
297608848,u297608848,bot
297625734,u297625734,human
297915251,u297915251,bot
297960597,u297960597,human
298003627,u298003627,bot
298087863,u298087863,human
298433909,u298433909,human
298510171,u298510171,bot
298625735,u298625735,human
298785229,u298785229,human
298841219,u298841219,bot
299650387,u299650387,human
299752552,u299752552,human
300417038,u300417038,human
300744831,u300744831,human
300991377,u300991377,human
301198818,u301198818,human
301260645,u301260645,bot
301418637,u301418637,human
301479546,u301479546,human
301485416,u301485416,bot
301617934,u301617934,bot
301628954,u301628954,human
302260456,u302260456,human
302451508,u302451508,bot
302809412,u302809412,human
302872206,u302872206,bot
302891509,u302891509,human
303101633,u303101633,bot
303320852,u303320852,bot
303441142,u303441142,human
303899506,u303899506,human
303910074,u303910074,bot
304339666,u304339666,bot
304368171,u304368171,human
304400972,u304400972,bot
304625630,u304625630,human
304637511,u304637511,bot
304650576,u304650576,human
304822355,u304822355,bot
304856046,u304856046,human
305213013,u305213013,human
305236970,u305236970,human
305419520,u305419520,bot
305526102,u305526102,bot
305709307,u305709307,human
305936714,u305936714,bot
306088932,u306088932,bot
306609403,u306609403,bot
306764010,u306764010,human
306847234,u306847234,bot
307002939,u307002939,bot
307054352,u307054352,human
307091042,u307091042,human
307396685,u307396685,human
307415907,u307415907,human
307511999,u307511999,bot
307540110,u307540110,human
307629377,u307629377,human
307870312,u307870312,bot
308467416,u308467416,bot
308517028,u308517028,human
308552033,u308552033,human
308613100,u308613100,bot
308687734,u308687734,bot
308930167,u308930167,bot
309199676,u309199676,bot
309251217,u309251217,human
309277395,u309277395,bot
309370159,u309370159,bot
309525127,u309525127,human
309826120,u309826120,human
310026299,u310026299,human
310086091,u310086091,bot
310239584,u310239584,human
310311324,u310311324,bot
310451259,u310451259,human
310784514,u310784514,bot
311107295,u311107295,human
311111377,u311111377,human
311673675,u311673675,bot
311801132,u311801132,human
311903599,u311903599,human
311956171,u311956171,human
312504426,u312504426,human
312681953,u312681953,human
312815721,u312815721,human
312855821,u312855821,human
313008492,u313008492,human
313232961,u313232961,human
313287402,u313287402,human
313973652,u313973652,bot
314352635,u314352635,bot
314391114,u314391114,human
314590317,u314590317,bot
314832054,u314832054,human
315136605,u315136605,bot
315544059,u315544059,bot
316052908,u316052908,human
316214019,u316214019,bot
316429244,u316429244,bot
316760060,u316760060,bot
317076204,u317076204,bot
317258121,u317258121,bot
317729273,u317729273,human
317944275,u317944275,bot
318005657,u318005657,bot
318102447,u318102447,bot
318147915,u318147915,human
318272199,u318272199,human
318382352,u318382352,bot
318601195,u318601195,human
318673863,u318673863,human
318745234,u318745234,bot
318976741,u318976741,human
319279709,u319279709,human
319619614,u319619614,human
319717101,u319717101,bot
319769408,u319769408,bot
319941318,u319941318,human
320222380,u320222380,human
320239495,u320239495,human
320327987,u320327987,human
320559633,u320559633,human
320843512,u320843512,bot
320933840,u320933840,human
321391063,u321391063,bot
321596887,u321596887,human
321838775,u321838775,bot
321872375,u321872375,human
322347431,u322347431,human
322460769,u322460769,human
322531105,u322531105,human
322711407,u322711407,human
322895688,u322895688,human
323113356,u323113356,bot
323325293,u323325293,human
323338817,u323338817,bot
324140951,u324140951,human
324505791,u324505791,bot
324521145,u324521145,bot
324564701,u324564701,bot
324626778,u324626778,human
324643835,u324643835,human
324873471,u324873471,human
325652049,u325652049,human
325719227,u325719227,human
326560581,u326560581,human
326661370,u326661370,human
326812381,u326812381,human
326912209,u326912209,human
327002487,u327002487,bot
327154444,u327154444,bot
327162971,u327162971,bot
327431924,u327431924,bot
327726069,u327726069,human
328198069,u328198069,bot
328590247,u328590247,bot
329260641,u329260641,human
329386731,u329386731,bot
329775655,u329775655,human
329818631,u329818631,human
330028856,u330028856,bot
330144182,u330144182,bot
330214381,u330214381,human
330291773,u330291773,bot
330424680,u330424680,human
330602775,u330602775,human
330745694,u330745694,human
331297886,u331297886,human
331819849,u331819849,bot
332134938,u332134938,bot
332185953,u332185953,human
332360256,u332360256,human
332884378,u332884378,bot
333084963,u333084963,bot
333593924,u333593924,human
333607171,u333607171,human
333615920,u333615920,human
333674235,u333674235,human
333935142,u333935142,human
334029316,u334029316,bot
334121418,u334121418,human
334470578,u334470578,human
334497617,u334497617,human
334633430,u334633430,bot
334827345,u334827345,bot
335143772,u335143772,bot
335433001,u335433001,human
335476793,u335476793,human
335480668,u335480668,bot
336116660,u336116660,human
336625001,u336625001,bot
336644529,u336644529,human
337237103,u337237103,bot
337483640,u337483640,human
337569512,u337569512,human
337664491,u337664491,human
337664967,u337664967,human
337814874,u337814874,bot
337887377,u337887377,bot
338099920,u338099920,bot
338243203,u338243203,human
338251580,u338251580,bot
338281301,u338281301,bot
338444630,u338444630,human
338526004,u338526004,human
338660808,u338660808,human
338772870,u338772870,bot
339213186,u339213186,human
339223968,u339223968,bot
339264302,u339264302,human
339406634,u339406634,bot
339781963,u339781963,bot
339873203,u339873203,human
339890121,u339890121,human
340037000,u340037000,human
340209989,u340209989,human
340278160,u340278160,human
340350608,u340350608,human
340445091,u340445091,human
340565567,u340565567,bot
340613443,u340613443,human
340888579,u340888579,bot
341488040,u341488040,bot
341522757,u341522757,bot
342181234,u342181234,human
342279043,u342279043,bot
342324387,u342324387,bot
342979597,u342979597,human
343171266,u343171266,human
343529547,u343529547,human
343793123,u343793123,bot
343908348,u343908348,bot
344318200,u344318200,bot
344502770,u344502770,human
344538987,u344538987,human
344867462,u344867462,human
344986345,u344986345,bot
345454885,u345454885,bot
345486111,u345486111,bot
345590253,u345590253,human
346069183,u346069183,human
346132548,u346132548,bot
346248088,u346248088,human
346761946,u346761946,human
346876659,u346876659,human
347035710,u347035710,human
347071645,u347071645,bot
347299985,u347299985,human
347320239,u347320239,human
347965214,u347965214,human
348151606,u348151606,bot
348159742,u348159742,human
348296012,u348296012,bot
348309126,u348309126,bot
348559702,u348559702,human
348659640,u348659640,human
348757035,u348757035,bot
349172730,u349172730,human
349491646,u349491646,human
349496228,u349496228,human
349758336,u349758336,human
350221190,u350221190,bot
350271631,u350271631,human
350336482,u350336482,human
350423691,u350423691,bot
350659169,u350659169,human
350993125,u350993125,bot
351124434,u351124434,bot
351124495,u351124495,human
351432837,u351432837,human
351613455,u351613455,bot
351614712,u351614712,bot
351883810,u351883810,bot
351930344,u351930344,bot
352103699,u352103699,human
352395807,u352395807,human
352543858,u352543858,human
353066217,u353066217,bot
353253058,u353253058,human
353618612,u353618612,human
353735225,u353735225,human
353786894,u353786894,human
353959801,u353959801,human
353979665,u353979665,human
354054092,u354054092,bot
354134923,u354134923,human
354170353,u354170353,human
354223526,u354223526,bot
354276870,u354276870,bot
354557661,u354557661,bot
354607832,u354607832,human
355157275,u355157275,human
355637311,u355637311,bot
355785908,u355785908,human
355821673,u355821673,human
356164932,u356164932,human
356373712,u356373712,human
356408677,u356408677,human
356566747,u356566747,human
356710803,u356710803,bot
356912920,u356912920,human
356914975,u356914975,bot
356922467,u356922467,human
357156581,u357156581,bot
357159227,u357159227,bot
357310745,u357310745,human
357606935,u357606935,human
358245186,u358245186,human
358631179,u358631179,human
358886250,u358886250,bot
359009458,u359009458,bot
359125610,u359125610,bot
359537777,u359537777,human
359644625,u359644625,human
360288683,u360288683,bot
360352603,u360352603,bot
360481958,u360481958,bot
360540433,u360540433,human
360761837,u360761837,human
360811957,u360811957,human
360878397,u360878397,bot
360905815,u360905815,bot
361024385,u361024385,bot
361273164,u361273164,bot
361551847,u361551847,human
361570741,u361570741,human
361617541,u361617541,human
361937077,u361937077,human
361993840,u361993840,human
362277893,u362277893,human
362293085,u362293085,bot
362611691,u362611691,human
362914850,u362914850,human
363168069,u363168069,bot
363223261,u363223261,human
363341250,u363341250,human
363427769,u363427769,bot
363443091,u363443091,bot
363884420,u363884420,bot
363884751,u363884751,human
364578918,u364578918,bot
364998909,u364998909,bot
365045155,u365045155,human
365505986,u365505986,bot
365633348,u365633348,bot
366037745,u366037745,human
366442363,u366442363,bot
366502149,u366502149,human
366647929,u366647929,bot
366664731,u366664731,human
367143728,u367143728,bot
367503390,u367503390,human
367633391,u367633391,bot
367727278,u367727278,bot
368308305,u368308305,human
368312027,u368312027,human
368591180,u368591180,human
368644797,u368644797,human
368672115,u368672115,bot
368890076,u368890076,bot
368930508,u368930508,human
369085369,u369085369,human
369122241,u369122241,bot
369307681,u369307681,human
369511020,u369511020,human
369575817,u369575817,bot
369788077,u369788077,human
369843229,u369843229,human
369877176,u369877176,human
369948707,u369948707,human
370112958,u370112958,human
370860686,u370860686,human
370861739,u370861739,bot
370882856,u370882856,human
370888593,u370888593,bot
370894558,u370894558,human
370965348,u370965348,bot
371156597,u371156597,human
371207829,u371207829,bot
371318881,u371318881,bot
371867630,u371867630,bot
372044361,u372044361,human
372575989,u372575989,human
372830746,u372830746,bot
373157754,u373157754,human
373180628,u373180628,human
373235027,u373235027,bot
373280952,u373280952,human
373293676,u373293676,bot
373393471,u373393471,human
373421465,u373421465,human
373457750,u373457750,human
373715406,u373715406,human
373891124,u373891124,human
373907847,u373907847,human
373974511,u373974511,bot
374124617,u374124617,human
374208504,u374208504,human
374264205,u374264205,human
374482042,u374482042,bot
374628658,u374628658,human
374659701,u374659701,human
374787057,u374787057,human
375008433,u375008433,human
375097580,u375097580,bot
375262351,u375262351,human
375886079,u375886079,human
375964753,u375964753,bot
376044283,u376044283,human
376372981,u376372981,human
376403603,u376403603,human
376618837,u376618837,human
376654746,u376654746,human
377034667,u377034667,bot
377176894,u377176894,human
377579578,u377579578,human
377761671,u377761671,human
377766775,u377766775,human
377918191,u377918191,bot
378036629,u378036629,bot
378273223,u378273223,human
378603442,u378603442,bot
378838718,u378838718,human
378903764,u378903764,human
379123486,u379123486,bot
379388644,u379388644,bot
379504673,u379504673,bot
379517839,u379517839,bot
379637743,u379637743,bot
379923901,u379923901,human
379953676,u379953676,human
380156815,u380156815,human
380265407,u380265407,bot
380292977,u380292977,human
380433216,u380433216,bot
380551689,u380551689,bot
380599418,u380599418,human
380690596,u380690596,bot
380732413,u380732413,bot
380776958,u380776958,human
380848898,u380848898,bot
380945140,u380945140,human
380999849,u380999849,bot
381149705,u381149705,human
381285714,u381285714,bot
381289719,u381289719,human
381440981,u381440981,human
381486710,u381486710,bot
381753565,u381753565,bot
381852035,u381852035,bot
382020443,u382020443,human
382143060,u382143060,bot
382331748,u382331748,human
382772609,u382772609,human
382968137,u382968137,human
383060321,u383060321,human
383950602,u383950602,human
384126992,u384126992,human
384987164,u384987164,human
385043829,u385043829,bot
385185222,u385185222,human
385318166,u385318166,human
386110592,u386110592,human
386313122,u386313122,bot
386401656,u386401656,bot
387156826,u387156826,human
387352217,u387352217,bot
387411449,u387411449,human
387785442,u387785442,bot
387900968,u387900968,human
388136092,u388136092,human
388217901,u388217901,bot
388426142,u388426142,human
388885781,u388885781,bot
388891743,u388891743,bot
388964402,u388964402,bot
388974246,u388974246,bot
389083861,u389083861,human
389136093,u389136093,bot
389562551,u389562551,human
389893377,u389893377,bot
390328256,u390328256,bot
390353872,u390353872,bot
390495490,u390495490,bot
390903899,u390903899,bot
391037985,u391037985,human
391247784,u391247784,bot
391494971,u391494971,human
391533237,u391533237,human
392032501,u392032501,bot
392116406,u392116406,bot
392539832,u392539832,bot
392608775,u392608775,human
392932793,u392932793,bot
392946468,u392946468,bot
393207402,u393207402,bot
393401092,u393401092,bot
393490090,u393490090,bot
393643881,u393643881,human
393683794,u393683794,bot
393705422,u393705422,human
393958089,u393958089,bot
394095128,u394095128,human
394270334,u394270334,human
394480074,u394480074,human
394563746,u394563746,bot
394581283,u394581283,human
394812303,u394812303,human
395135045,u395135045,human
395305090,u395305090,human
395423231,u395423231,bot
395507514,u395507514,human
395844568,u395844568,bot
396524415,u396524415,bot
396735501,u396735501,bot
396984113,u396984113,human
397439671,u397439671,human
397619500,u397619500,bot
397906785,u397906785,bot
398087684,u398087684,human
398172747,u398172747,human
398796046,u398796046,bot
398832788,u398832788,human
399293842,u399293842,bot
399884421,u399884421,bot
399963806,u399963806,bot
400276868,u400276868,human
400578917,u400578917,bot
400630125,u400630125,human
400786792,u400786792,bot
400805257,u400805257,bot
401053516,u401053516,bot
401287438,u401287438,bot
401323050,u401323050,bot
401502247,u401502247,bot
401663848,u401663848,bot
402121040,u402121040,human
402143587,u402143587,human
402225369,u402225369,bot
402630317,u402630317,bot
403245020,u403245020,human
403246803,u403246803,human
403255413,u403255413,bot
403808875,u403808875,bot
403946402,u403946402,bot
404000897,u404000897,bot
404342428,u404342428,bot
405124125,u405124125,human
405180673,u405180673,human
405420899,u405420899,bot
405427035,u405427035,human
406360438,u406360438,human
406583979,u406583979,human
407132911,u407132911,bot
407790032,u407790032,human
408004407,u408004407,bot
408322181,u408322181,bot
408665753,u408665753,human
408670180,u408670180,bot
408683294,u408683294,human
409371254,u409371254,human
409668518,u409668518,bot
409693269,u409693269,bot
409896496,u409896496,human
409989608,u409989608,human
410124018,u410124018,bot
410347931,u410347931,bot
410522485,u410522485,bot
410628957,u410628957,bot
411112269,u411112269,bot
411298271,u411298271,human
411604865,u411604865,human
411988864,u411988864,human
412309283,u412309283,human
412468301,u412468301,bot
412677577,u412677577,human
412748397,u412748397,bot
412803899,u412803899,bot
413119761,u413119761,bot
413258049,u413258049,bot
413284225,u413284225,human
413326039,u413326039,bot
413442657,u413442657,human
413813858,u413813858,human
414651410,u414651410,bot
414897149,u414897149,bot
414972213,u414972213,human
415709422,u415709422,bot
415765530,u415765530,bot
416182659,u416182659,bot
416990099,u416990099,human
417053258,u417053258,human
418036662,u418036662,human
418383852,u418383852,human
418939830,u418939830,bot
419037620,u419037620,human
419839422,u419839422,human
420057671,u420057671,bot
420575371,u420575371,bot
420594273,u420594273,human
420744611,u420744611,bot
420825166,u420825166,bot
420962518,u420962518,human
421213288,u421213288,human
421577499,u421577499,human
421795636,u421795636,human
422041712,u422041712,human
422172369,u422172369,human
422218712,u422218712,human
422275875,u422275875,human
422388777,u422388777,human
422667071,u422667071,human
422859104,u422859104,bot
423930633,u423930633,bot
424471590,u424471590,bot
424693524,u424693524,bot
424924385,u424924385,human
425401486,u425401486,bot
425471909,u425471909,bot
425547065,u425547065,bot
425880393,u425880393,bot
425904640,u425904640,bot
426064021,u426064021,bot
426760561,u426760561,bot
426795049,u426795049,bot
427089628,u427089628,human
427505253,u427505253,human
427514540,u427514540,bot
427627603,u427627603,bot
427757922,u427757922,human
427991302,u427991302,bot
428139315,u428139315,bot
428441121,u428441121,human
428525085,u428525085,human
428824911,u428824911,bot
429196389,u429196389,bot
429393296,u429393296,bot
430386994,u430386994,human
430487617,u430487617,human
430691608,u430691608,human
431071870,u431071870,human
431379061,u431379061,bot
431652048,u431652048,human
431892970,u431892970,bot
432193487,u432193487,human
432553962,u432553962,bot
432581070,u432581070,human
432748384,u432748384,human
433181175,u433181175,bot
433193181,u433193181,bot
433535141,u433535141,bot
434110259,u434110259,bot
434402210,u434402210,human
434618546,u434618546,bot
434704868,u434704868,bot
435105622,u435105622,human
436463305,u436463305,human
436573219,u436573219,human
436721105,u436721105,bot
436770186,u436770186,bot
437735107,u437735107,bot
439138083,u439138083,human
439290306,u439290306,bot
439366412,u439366412,human
439418320,u439418320,human
439876343,u439876343,bot
439928089,u439928089,human
440010818,u440010818,human
441854978,u441854978,human
442213499,u442213499,human
442600009,u442600009,human
442627272,u442627272,human
442881331,u442881331,human
442940529,u442940529,bot
443008648,u443008648,human
443288053,u443288053,human
443290756,u443290756,human
443503310,u443503310,bot
443560184,u443560184,human
443740030,u443740030,bot
443756798,u443756798,bot
443834706,u443834706,human
444465942,u444465942,human
444661289,u444661289,bot
444800309,u444800309,human
445293273,u445293273,human
445407324,u445407324,bot
445439525,u445439525,human
446145732,u446145732,human
446620951,u446620951,human
446645504,u446645504,bot
446719282,u446719282,human
447342992,u447342992,human
447795095,u447795095,human
448139252,u448139252,human
448513416,u448513416,bot
448632329,u448632329,bot
448776963,u448776963,human
448913750,u448913750,human
449186485,u449186485,human
449462207,u449462207,human
449797520,u449797520,bot
450010954,u450010954,bot
450184256,u450184256,human
450198128,u450198128,human
450842550,u450842550,human
452850112,u452850112,human
453124512,u453124512,human
453375281,u453375281,bot
453484864,u453484864,human
453831121,u453831121,human
454127006,u454127006,human
454276103,u454276103,human
454424533,u454424533,human
454445204,u454445204,human
454790951,u454790951,bot
454830916,u454830916,human
455189406,u455189406,bot
455280378,u455280378,bot
455760666,u455760666,human
455933471,u455933471,bot
456274497,u456274497,human
456762846,u456762846,human
456910776,u456910776,human
456933366,u456933366,human
457554412,u457554412,human
457601227,u457601227,bot
457899058,u457899058,human
458238403,u458238403,bot
458580088,u458580088,human
458808240,u458808240,human
459176784,u459176784,bot
459400316,u459400316,bot
459714987,u459714987,bot
459748760,u459748760,bot
459767319,u459767319,human
460067357,u460067357,bot
461115992,u461115992,human
461504551,u461504551,human
461715115,u461715115,human
461770765,u461770765,bot
461919971,u461919971,human
462028812,u462028812,bot
462886099,u462886099,human
463055963,u463055963,bot
463091649,u463091649,bot
463201565,u463201565,bot
463255536,u463255536,human
463267118,u463267118,human
463349658,u463349658,bot
463383196,u463383196,bot
463810564,u463810564,human
464123952,u464123952,bot
464947020,u464947020,bot
465088703,u465088703,bot
465855016,u465855016,bot
466420346,u466420346,human
466693107,u466693107,human
466952170,u466952170,bot
467314107,u467314107,human
467436398,u467436398,human
467761634,u467761634,bot
468124858,u468124858,bot
468250625,u468250625,human
468450751,u468450751,human
468759217,u468759217,human
469063128,u469063128,human
469609215,u469609215,human
469748409,u469748409,bot
469827644,u469827644,bot
469926002,u469926002,human
470039437,u470039437,human
470129898,u470129898,human
470207797,u470207797,bot
470606934,u470606934,bot
470802762,u470802762,human
470993514,u470993514,human
472116700,u472116700,human
472923399,u472923399,bot
473004355,u473004355,bot
473190579,u473190579,human
473306061,u473306061,bot
473399431,u473399431,bot
473431649,u473431649,human
473548058,u473548058,bot
473807839,u473807839,bot
474154291,u474154291,human
474611933,u474611933,human
475061634,u475061634,human
475960162,u475960162,human
476582730,u476582730,human
477384854,u477384854,bot
478472165,u478472165,human
478584536,u478584536,bot
478709757,u478709757,bot
479167722,u479167722,bot
479494004,u479494004,bot
479577685,u479577685,human
479583379,u479583379,bot
480060846,u480060846,bot
480296294,u480296294,human
480354367,u480354367,human
480404707,u480404707,human
481103368,u481103368,human
481545993,u481545993,human
481571912,u481571912,bot
481867656,u481867656,human
481943972,u481943972,human
481958038,u481958038,bot
481975594,u481975594,bot
482109376,u482109376,bot
482386982,u482386982,bot
482899038,u482899038,human
483137710,u483137710,human
484067817,u484067817,bot
484164439,u484164439,human
484226924,u484226924,bot
484359024,u484359024,human
484711390,u484711390,bot
484796656,u484796656,human
485694392,u485694392,bot
485723695,u485723695,bot
486530534,u486530534,human
487176070,u487176070,human
487562482,u487562482,human
487628559,u487628559,bot
487673211,u487673211,human
488263445,u488263445,human
488950348,u488950348,human
489698795,u489698795,human
489888182,u489888182,bot
489984451,u489984451,bot
490284843,u490284843,bot
490598629,u490598629,bot
490640661,u490640661,bot
490789927,u490789927,human
491044483,u491044483,human
491054450,u491054450,bot
491821358,u491821358,human
491987266,u491987266,human
492077102,u492077102,bot
492112231,u492112231,human
492332572,u492332572,human
492345005,u492345005,human
492416709,u492416709,bot
492590266,u492590266,human
492621756,u492621756,bot
492808309,u492808309,human
492962683,u492962683,bot
493161593,u493161593,bot
493434961,u493434961,human
493577217,u493577217,human
494130011,u494130011,bot
494406154,u494406154,bot
494490484,u494490484,bot
494610965,u494610965,bot
495334987,u495334987,human
497096686,u497096686,bot
498119128,u498119128,human
498292957,u498292957,human
498698711,u498698711,bot
499161087,u499161087,bot
499429264,u499429264,human
499968955,u499968955,human
500026501,u500026501,human
500073790,u500073790,human
500133474,u500133474,bot
500908354,u500908354,human
501944128,u501944128,bot
501988333,u501988333,bot
502416780,u502416780,bot
502958723,u502958723,human
503257759,u503257759,human
503659039,u503659039,bot
504020426,u504020426,human
504526414,u504526414,bot
504906590,u504906590,human
504944083,u504944083,bot
505647551,u505647551,bot
505835213,u505835213,human
506224403,u506224403,human
506681677,u506681677,human
506871951,u506871951,bot
506873294,u506873294,human
507569344,u507569344,bot
508179661,u508179661,human
508650379,u508650379,bot
508981523,u508981523,human
508990946,u508990946,bot
509139370,u509139370,human
509917863,u509917863,human
511761774,u511761774,bot
512407647,u512407647,human
512543549,u512543549,human
512629559,u512629559,human
512785873,u512785873,human
513480571,u513480571,bot
513991595,u513991595,bot
514430829,u514430829,human
514570327,u514570327,human
514599064,u514599064,bot
514667085,u514667085,human
514716719,u514716719,human
515149505,u515149505,human
515865787,u515865787,human
515865890,u515865890,human
516312949,u516312949,human
516321676,u516321676,human
516514025,u516514025,human
516568869,u516568869,bot
516864324,u516864324,human
517177257,u517177257,human
517738272,u517738272,human
518070379,u518070379,bot
518702870,u518702870,human
519072324,u519072324,human
519086090,u519086090,human
520090267,u520090267,bot
520579417,u520579417,human
521714288,u521714288,human
521747968,u521747968,human
521875978,u521875978,bot
522164624,u522164624,bot
522282462,u522282462,human
522592767,u522592767,bot
522638892,u522638892,bot
523332812,u523332812,human
523431436,u523431436,bot
523510988,u523510988,bot
523620573,u523620573,bot
523896617,u523896617,bot
524033363,u524033363,human
524507772,u524507772,human
525474737,u525474737,human
525554983,u525554983,human
525713285,u525713285,human
525723680,u525723680,human
526292934,u526292934,human
527156989,u527156989,human
527795966,u527795966,bot
528020973,u528020973,bot
528415789,u528415789,human
528447360,u528447360,bot
528665371,u528665371,human
528700233,u528700233,bot
529172981,u529172981,bot
529422786,u529422786,human
529514602,u529514602,bot
529681531,u529681531,human
529887549,u529887549,bot
530798840,u530798840,bot
531045394,u531045394,human
531561578,u531561578,bot
532575043,u532575043,bot
533348050,u533348050,bot
533787271,u533787271,human
534042677,u534042677,bot
534148872,u534148872,bot
534525034,u534525034,bot
534563976,u534563976,human
535254562,u535254562,human
535573137,u535573137,bot
535939220,u535939220,bot
536802620,u536802620,human
537097907,u537097907,bot
537291137,u537291137,bot
537310868,u537310868,human
537453136,u537453136,bot
537507873,u537507873,bot
538533144,u538533144,bot
538568692,u538568692,human
538650511,u538650511,bot
538791146,u538791146,bot
539046384,u539046384,bot
539219365,u539219365,bot
539823505,u539823505,bot
540009358,u540009358,human
540148278,u540148278,human
540599583,u540599583,human
540751895,u540751895,bot
541274088,u541274088,human
541412525,u541412525,bot
541508182,u541508182,human
541741212,u541741212,human
542721191,u542721191,human
543410251,u543410251,bot
543477860,u543477860,bot
543954514,u543954514,human
544068905,u544068905,human
544414484,u544414484,human
544458693,u544458693,human
544718877,u544718877,bot
544948449,u544948449,bot
545110987,u545110987,human
546427546,u546427546,human
546447987,u546447987,human
546832231,u546832231,human
546899782,u546899782,bot
547871798,u547871798,human
548257095,u548257095,bot
548264245,u548264245,human
548328945,u548328945,bot
549514808,u549514808,human
549573235,u549573235,human
549866143,u549866143,bot
550179237,u550179237,bot
550261619,u550261619,bot
551182740,u551182740,bot
551697247,u551697247,bot
552985513,u552985513,human
553109355,u553109355,bot
553129577,u553129577,human
553555460,u553555460,human
553932856,u553932856,human
554241627,u554241627,bot
554981973,u554981973,bot
555307309,u555307309,bot
555370896,u555370896,human
555651169,u555651169,bot
555924843,u555924843,human
556033781,u556033781,human
556166151,u556166151,bot
556311558,u556311558,human
556379155,u556379155,human
557168064,u557168064,bot
557424724,u557424724,bot
557833378,u557833378,bot
557902603,u557902603,human
558451982,u558451982,human
558797310,u558797310,human
559229566,u559229566,human
559681926,u559681926,bot
560083540,u560083540,human
560182082,u560182082,human
560473379,u560473379,human
561127433,u561127433,human
561252681,u561252681,human
561883389,u561883389,bot
562338193,u562338193,bot
562370886,u562370886,bot
562585357,u562585357,human
562642473,u562642473,bot
563045143,u563045143,bot
563251669,u563251669,bot
564053183,u564053183,human
565120610,u565120610,human
565210339,u565210339,bot
566768379,u566768379,bot
566814449,u566814449,human
566998443,u566998443,human
567192377,u567192377,human
567961995,u567961995,human
568826806,u568826806,bot
569639285,u569639285,bot
569776818,u569776818,bot
569966562,u569966562,bot
570225855,u570225855,human
570577725,u570577725,bot
570607556,u570607556,bot
571141141,u571141141,human
571170369,u571170369,bot
571558761,u571558761,human
571721207,u571721207,bot
572369209,u572369209,bot
573059299,u573059299,bot
573485718,u573485718,human
573535094,u573535094,human
573890421,u573890421,bot
573909276,u573909276,human
574364219,u574364219,human
574414667,u574414667,bot
574795929,u574795929,human
574827627,u574827627,human
575459786,u575459786,bot
575481165,u575481165,bot
575491885,u575491885,human
575539173,u575539173,human
575680651,u575680651,bot
576144277,u576144277,bot
576152280,u576152280,bot
577086491,u577086491,human
577407652,u577407652,human
577979075,u577979075,bot
578022873,u578022873,bot
578734691,u578734691,human
578998610,u578998610,bot
579233051,u579233051,bot
580695070,u580695070,human
581341543,u581341543,human
581368316,u581368316,bot
581447585,u581447585,bot
581871304,u581871304,human
582203683,u582203683,human
582280139,u582280139,human
582379941,u582379941,bot
582386994,u582386994,human
582721240,u582721240,human
583037034,u583037034,human
583233410,u583233410,human
585071885,u585071885,human
585623341,u585623341,bot
586661401,u586661401,human
586810160,u586810160,bot
586933624,u586933624,human
587303527,u587303527,human
588191104,u588191104,bot
588259879,u588259879,bot
588308841,u588308841,human
588450170,u588450170,bot
588465294,u588465294,bot
588901446,u588901446,human
588930747,u588930747,bot
589032635,u589032635,human
589379989,u589379989,bot
590076291,u590076291,bot
590088843,u590088843,human
590421119,u590421119,human
590931818,u590931818,bot
591750929,u591750929,bot
592080817,u592080817,bot
592231088,u592231088,bot
592730371,u592730371,human
592777619,u592777619,human
592968641,u592968641,human
593047872,u593047872,bot
594539197,u594539197,bot
594548796,u594548796,bot
594661781,u594661781,human
595093300,u595093300,human
595113816,u595113816,bot
595153002,u595153002,bot
595162893,u595162893,bot
595400360,u595400360,human
595982444,u595982444,human
596001422,u596001422,human
596489946,u596489946,bot
596674770,u596674770,bot
596845308,u596845308,bot
597361937,u597361937,bot
597412372,u597412372,human
597511633,u597511633,human
597969900,u597969900,human
598232506,u598232506,human
598524600,u598524600,human
598707501,u598707501,human
599032948,u599032948,human
599110887,u599110887,human
599407882,u599407882,bot
599642162,u599642162,bot
599777486,u599777486,bot
599781263,u599781263,human
600150261,u600150261,bot
600453852,u600453852,human
602142693,u602142693,human
602234784,u602234784,bot
602244948,u602244948,human
602318415,u602318415,human
602768138,u602768138,bot
603015020,u603015020,human
603462113,u603462113,bot
603554307,u603554307,bot
604506554,u604506554,bot
604641061,u604641061,human
604641964,u604641964,human
605360145,u605360145,human
605773729,u605773729,bot
605824568,u605824568,human
605965132,u605965132,human
606196086,u606196086,human
606793378,u606793378,bot
607242831,u607242831,human
607345828,u607345828,bot
607698782,u607698782,human
607831012,u607831012,bot
609146415,u609146415,human
609193455,u609193455,human
609382151,u609382151,human
609568567,u609568567,human
609580280,u609580280,bot
609664510,u609664510,bot
609929745,u609929745,human
610202036,u610202036,bot
610552974,u610552974,human
610659001,u610659001,human
611614656,u611614656,human
611788464,u611788464,human
611853558,u611853558,human
611906387,u611906387,human
612364241,u612364241,bot
612920904,u612920904,bot
613132191,u613132191,human
613173206,u613173206,human
614302293,u614302293,bot
614741136,u614741136,bot
615275951,u615275951,bot
615595875,u615595875,human
615975763,u615975763,human
616251071,u616251071,bot
616742267,u616742267,human
616919165,u616919165,human
617372278,u617372278,bot
617602505,u617602505,human
617948501,u617948501,bot
618197588,u618197588,human
619132969,u619132969,bot
619322829,u619322829,bot
619335382,u619335382,human
619356379,u619356379,human
619532468,u619532468,bot
620151450,u620151450,human
620632841,u620632841,human
620829412,u620829412,bot
620962350,u620962350,human
621083474,u621083474,bot
621276367,u621276367,human
621310858,u621310858,human
621534029,u621534029,bot
622309749,u622309749,bot
622974542,u622974542,bot
623159691,u623159691,bot
624483823,u624483823,human
625097729,u625097729,human
625655093,u625655093,bot
625732003,u625732003,human
626131422,u626131422,human
626315370,u626315370,bot
626460126,u626460126,bot
626638246,u626638246,bot
626768864,u626768864,human
626923517,u626923517,human
626950830,u626950830,human
627178033,u627178033,human
627462272,u627462272,bot
627941152,u627941152,bot
627961307,u627961307,bot
628126099,u628126099,bot
628755131,u628755131,human
631137170,u631137170,bot
631138864,u631138864,human
631218485,u631218485,human
631734309,u631734309,bot
631943924,u631943924,human
632923138,u632923138,human
632951262,u632951262,bot
633006892,u633006892,bot
633057062,u633057062,human
633067413,u633067413,human
633369712,u633369712,human
633834562,u633834562,bot
633907829,u633907829,human
633962661,u633962661,bot
634035634,u634035634,human
634042666,u634042666,human
634076028,u634076028,human
634423684,u634423684,human
634720467,u634720467,bot
635334644,u635334644,human
635622629,u635622629,bot
635826578,u635826578,bot
635834887,u635834887,human
636023721,u636023721,human
636241070,u636241070,human
636533118,u636533118,human
636777949,u636777949,bot
637251144,u637251144,human
700108845,u700108845,human
700546151,u700546151,human
701252596,u701252596,human
701615052,u701615052,human
701983068,u701983068,human
703414932,u703414932,human
704576071,u704576071,bot
704980753,u704980753,bot
705842413,u705842413,human
706337282,u706337282,bot
706862372,u706862372,bot
707471022,u707471022,human
708968790,u708968790,bot
709878002,u709878002,human
710350225,u710350225,human
710730981,u710730981,bot
711931086,u711931086,human
712263962,u712263962,human
712292390,u712292390,human
712335697,u712335697,human
712397078,u712397078,human
712409460,u712409460,human
712529474,u712529474,human
713531726,u713531726,bot
713817882,u713817882,human
713968417,u713968417,bot
714118993,u714118993,human
714594090,u714594090,human
715464972,u715464972,bot
715547971,u715547971,bot
716777274,u716777274,bot
717521880,u717521880,human
717654410,u717654410,human
717758402,u717758402,bot
717871956,u717871956,human
718571531,u718571531,bot
719168020,u719168020,bot
719499221,u719499221,bot
719909300,u719909300,human
720552309,u720552309,human
720664561,u720664561,human
721437857,u721437857,bot
722547938,u722547938,human
724912754,u724912754,human
725868534,u725868534,human
728113153,u728113153,bot
728706048,u728706048,bot
728709530,u728709530,human
730293630,u730293630,human
730422764,u730422764,bot
731813719,u731813719,human
731995747,u731995747,bot
732179466,u732179466,bot
732273199,u732273199,human
733230811,u733230811,bot
733532010,u733532010,human
733615362,u733615362,bot
734283704,u734283704,human
734833292,u734833292,bot
735400794,u735400794,bot
736488673,u736488673,bot
737132550,u737132550,human
738656924,u738656924,human
738896491,u738896491,bot
739353668,u739353668,bot
740005878,u740005878,bot
740119656,u740119656,human
740317315,u740317315,bot
740328126,u740328126,human
740607200,u740607200,human
741099541,u741099541,bot
741323209,u741323209,human
741715760,u741715760,bot
743695800,u743695800,bot
743856512,u743856512,human
744362557,u744362557,bot
745911914,u745911914,human
747571824,u747571824,human
748040401,u748040401,bot
748103384,u748103384,bot
749127721,u749127721,human
749300683,u749300683,bot
749848176,u749848176,human
750173978,u750173978,bot
751064022,u751064022,bot
751225243,u751225243,human
752776296,u752776296,human
753620958,u753620958,human
754208510,u754208510,bot
754233042,u754233042,human
755733097,u755733097,human
755835576,u755835576,human
755857771,u755857771,human
756843716,u756843716,bot
756894403,u756894403,human
757636069,u757636069,human
759542101,u759542101,bot
760198933,u760198933,human
760230277,u760230277,bot
761815674,u761815674,bot
762024240,u762024240,human
762247459,u762247459,human
763329097,u763329097,bot
766327327,u766327327,human
766438022,u766438022,bot
766995146,u766995146,human
767892066,u767892066,human
769583808,u769583808,bot
770007733,u770007733,bot
770174466,u770174466,human
771606164,u771606164,human
772864608,u772864608,human
775209745,u775209745,bot
777419184,u777419184,bot
777648349,u777648349,human
778934654,u778934654,bot
779509478,u779509478,bot
780119348,u780119348,bot
782614022,u782614022,human
783160830,u783160830,human
783792992,u783792992,human
785283138,u785283138,human
785597288,u785597288,human
785642912,u785642912,bot
785739140,u785739140,human
786293766,u786293766,human
786751332,u786751332,bot
786755006,u786755006,bot
787710590,u787710590,bot
789214836,u789214836,human
789341329,u789341329,bot
789891110,u789891110,bot
790029043,u790029043,bot
790430622,u790430622,human
791617213,u791617213,bot
791718984,u791718984,human
792035592,u792035592,human
794253420,u794253420,bot
795741721,u795741721,bot
796169341,u796169341,human
796457828,u796457828,bot
798129625,u798129625,human
799145528,u799145528,human
801633828,u801633828,bot
802365534,u802365534,bot
803941436,u803941436,bot
804075344,u804075344,human
804100399,u804100399,human
804287030,u804287030,human
804629750,u804629750,bot
805086240,u805086240,bot
805099602,u805099602,bot
805374294,u805374294,human
805926079,u805926079,human
806444492,u806444492,human
806764860,u806764860,bot
807163153,u807163153,bot
808245726,u808245726,human
808561652,u808561652,human
809351965,u809351965,human
809475432,u809475432,bot
810002863,u810002863,bot
810099205,u810099205,bot
810597662,u810597662,bot
811909440,u811909440,bot
813333008,u813333008,human
813384559,u813384559,bot
815888671,u815888671,human
815918192,u815918192,bot
817165422,u817165422,human
818892614,u818892614,human
818894216,u818894216,bot
820077362,u820077362,human
820088196,u820088196,bot
820640970,u820640970,human
821102114,u821102114,human
821301248,u821301248,human
821573893,u821573893,bot
822044510,u822044510,human
822736520,u822736520,bot
822753624,u822753624,human
823669734,u823669734,human
823727432,u823727432,human
825544086,u825544086,bot
825889891,u825889891,bot
827665681,u827665681,human
827789521,u827789521,bot
827915198,u827915198,human
831279121,u831279121,bot
832339483,u832339483,bot
833165334,u833165334,human
833482634,u833482634,bot
833919062,u833919062,bot
834088100,u834088100,human
834445916,u834445916,bot
834956706,u834956706,bot
835416768,u835416768,bot
835594501,u835594501,human
836314434,u836314434,human
837059666,u837059666,human
837080178,u837080178,human
839373926,u839373926,human
839503112,u839503112,bot
843280014,u843280014,human
844058359,u844058359,human
844242752,u844242752,human
845114430,u845114430,human
845195762,u845195762,bot
845548344,u845548344,human
846280236,u846280236,human
846566088,u846566088,bot
846706254,u846706254,human
847201272,u847201272,bot
848046702,u848046702,human
848073332,u848073332,human
848193493,u848193493,human
848787120,u848787120,bot
848975226,u848975226,human
849082886,u849082886,bot
851440039,u851440039,bot
851695430,u851695430,bot
851935440,u851935440,human
851976774,u851976774,human
852827102,u852827102,human
853092620,u853092620,bot
854085236,u854085236,human
855110658,u855110658,bot
856007426,u856007426,human
856025838,u856025838,bot
856824787,u856824787,bot
856884007,u856884007,bot
860302657,u860302657,human
861136188,u861136188,human
861175488,u861175488,human
863159659,u863159659,bot
863348545,u863348545,human
863603622,u863603622,human
865926956,u865926956,human
866745912,u866745912,bot
866930936,u866930936,human
867182402,u867182402,bot
868417950,u868417950,bot
868459543,u868459543,bot
868881480,u868881480,human
869141580,u869141580,human
870035202,u870035202,human
870336074,u870336074,bot
870637129,u870637129,bot
871360423,u871360423,human
872128315,u872128315,human
872135863,u872135863,bot
873847190,u873847190,human
873937597,u873937597,human
874272133,u874272133,bot
874362325,u874362325,bot
874450394,u874450394,human
875322158,u875322158,human
875714112,u875714112,bot
876070088,u876070088,bot
876400777,u876400777,human
876421490,u876421490,human
876462044,u876462044,bot
876567085,u876567085,human
876708692,u876708692,human
876892868,u876892868,human
877153886,u877153886,bot
877360904,u877360904,human
877771394,u877771394,human
877809559,u877809559,human
877922569,u877922569,bot
879375871,u879375871,bot
882235051,u882235051,human
882746851,u882746851,bot
883906166,u883906166,human
886832413,u886832413,human
887725902,u887725902,bot
889137438,u889137438,human
889364474,u889364474,human
889661089,u889661089,bot
892060260,u892060260,bot
892221919,u892221919,bot
892415402,u892415402,bot
893214350,u893214350,human
894057794,u894057794,bot
895926834,u895926834,bot
896105184,u896105184,human
897798680,u897798680,bot
898220484,u898220484,human
899092130,u899092130,bot
900687600,u900687600,human
900694435,u900694435,human
900794112,u900794112,bot
900878221,u900878221,human
901733430,u901733430,bot
902454019,u902454019,bot
903507217,u903507217,human
904319798,u904319798,human
904408999,u904408999,human
904794157,u904794157,human
905092134,u905092134,human
905399486,u905399486,human
906029628,u906029628,human
906614546,u906614546,bot
907041584,u907041584,human
911885791,u911885791,human
912098329,u912098329,human
912795180,u912795180,human
915239533,u915239533,human
916031611,u916031611,human
916335048,u916335048,bot
918593402,u918593402,bot
919073802,u919073802,human
919166336,u919166336,human
920321678,u920321678,bot
921039918,u921039918,human
922341408,u922341408,human
924587124,u924587124,human
925674896,u925674896,bot
925907616,u925907616,human
925988665,u925988665,human
926762881,u926762881,bot
927662736,u927662736,bot
927837253,u927837253,human
928194630,u928194630,bot
929129743,u929129743,human
929211084,u929211084,human
929330480,u929330480,bot
929741558,u929741558,bot
929912390,u929912390,human
931328509,u931328509,human
931360530,u931360530,bot
932163222,u932163222,human
932356326,u932356326,human
932375280,u932375280,human
932434860,u932434860,human
932512698,u932512698,human
932647568,u932647568,bot
932805374,u932805374,human
933693474,u933693474,bot
935031277,u935031277,human
935779848,u935779848,human
938673870,u938673870,bot
938956674,u938956674,human
940367275,u940367275,human
942151496,u942151496,human
943798608,u943798608,bot
943944456,u943944456,bot
944830388,u944830388,human
945304567,u945304567,bot
945610080,u945610080,human
945641725,u945641725,human
946598348,u946598348,human
947321780,u947321780,human
947495822,u947495822,human
947846606,u947846606,human
948840169,u948840169,bot
949265432,u949265432,bot
950548585,u950548585,bot
951786986,u951786986,human
951816344,u951816344,human
951885673,u951885673,human
953210450,u953210450,human
953961282,u953961282,human
954199237,u954199237,human
954229010,u954229010,bot
958072056,u958072056,bot
958534250,u958534250,bot
958841323,u958841323,human
959763625,u959763625,bot
961231092,u961231092,human
962034524,u962034524,human
964081537,u964081537,human
965537840,u965537840,bot
966173377,u966173377,bot
967096694,u967096694,bot
967658982,u967658982,human
968050626,u968050626,bot
969782256,u969782256,human
972068300,u972068300,human
972585631,u972585631,bot
972760692,u972760692,bot
973031287,u973031287,bot
973994167,u973994167,bot
974812202,u974812202,bot
974982055,u974982055,human
975200486,u975200486,human
975311095,u975311095,human
976225218,u976225218,bot
978830066,u978830066,bot
979336309,u979336309,human
980046830,u980046830,human
981062594,u981062594,bot
981433447,u981433447,human
983291750,u983291750,bot
983766318,u983766318,human
984126816,u984126816,human
984219792,u984219792,human
984236868,u984236868,bot
985020698,u985020698,human
985221540,u985221540,human
986266873,u986266873,human
986628331,u986628331,bot
986826858,u986826858,bot
987086862,u987086862,bot
987435326,u987435326,bot
989094842,u989094842,bot
992994991,u992994991,human
993534145,u993534145,human
993798846,u993798846,bot
994242812,u994242812,bot
994690777,u994690777,bot
995134128,u995134128,bot
995276858,u995276858,human
995695514,u995695514,human
997282794,u997282794,bot
997960748,u997960748,human
997976990,u997976990,bot
998023952,u998023952,bot
998643846,u998643846,bot
999095640,u999095640,human
999317010,u999317010,human
999367094,u999367094,bot
1000262514,u1000262514,bot
1000921417,u1000921417,human
1001201702,u1001201702,human
1002014071,u1002014071,human
1003915483,u1003915483,bot
1005107508,u1005107508,bot
1007374478,u1007374478,human
1007602002,u1007602002,bot
1007796001,u1007796001,bot
1008209634,u1008209634,bot
1009248690,u1009248690,human
1009797164,u1009797164,human
1011356402,u1011356402,bot
1011380388,u1011380388,bot
1012543070,u1012543070,bot
1013076128,u1013076128,bot
1015608272,u1015608272,human
1015848216,u1015848216,human
1018962877,u1018962877,human
1019469630,u1019469630,human
1022084347,u1022084347,human
1023584335,u1023584335,human
1024010486,u1024010486,bot
1025505091,u1025505091,human
1025661499,u1025661499,human
1025841643,u1025841643,human
1026612140,u1026612140,bot
1027303357,u1027303357,human
1028331180,u1028331180,bot
1030528615,u1030528615,human
1031283188,u1031283188,human
1031636023,u1031636023,human
1032240265,u1032240265,human
1032598812,u1032598812,bot
1037037378,u1037037378,bot
1038523015,u1038523015,human
1039016263,u1039016263,bot
1039823366,u1039823366,human
1040432540,u1040432540,human
1041535664,u1041535664,bot
1041899640,u1041899640,human
1042746535,u1042746535,bot
1043996442,u1043996442,human
1045748604,u1045748604,human
1046250662,u1046250662,human
1047113148,u1047113148,bot
1047723067,u1047723067,bot
1048008104,u1048008104,human
1050727783,u1050727783,human
1051795722,u1051795722,human
1052246035,u1052246035,bot
1054980612,u1054980612,human
1055204455,u1055204455,bot
1055345545,u1055345545,bot
1055907624,u1055907624,human
1056717649,u1056717649,human
1058414978,u1058414978,bot
1060731290,u1060731290,human
1061141504,u1061141504,human
1062706908,u1062706908,human
1063589010,u1063589010,human
1063815936,u1063815936,human
1067392466,u1067392466,bot
1069198051,u1069198051,human
1069802168,u1069802168,human
1070593128,u1070593128,human
1070877486,u1070877486,human
1074381920,u1074381920,human
1077993114,u1077993114,bot
1080936662,u1080936662,bot
1081697510,u1081697510,bot
1082652884,u1082652884,human
1084480603,u1084480603,human
1084843248,u1084843248,bot
1085563848,u1085563848,human
1085681774,u1085681774,human
1087498446,u1087498446,human
1087646485,u1087646485,human
1089102890,u1089102890,human
1090137752,u1090137752,bot
1093958672,u1093958672,bot
1095016860,u1095016860,human
1095841166,u1095841166,human
1099431127,u1099431127,human
1100472294,u1100472294,bot
1101320424,u1101320424,bot
1101587154,u1101587154,human
1101593096,u1101593096,human
1103354868,u1103354868,bot
1104118075,u1104118075,human
1104833797,u1104833797,bot
1105450334,u1105450334,bot
1105691940,u1105691940,human
1106209087,u1106209087,human
1107166962,u1107166962,bot
1107569814,u1107569814,bot
1109690299,u1109690299,bot
1110672764,u1110672764,human
1111417706,u1111417706,human
1111441585,u1111441585,bot
1112553272,u1112553272,human
1115148079,u1115148079,human
1116029642,u1116029642,human
1116621739,u1116621739,bot
1117226678,u1117226678,human
1117528620,u1117528620,bot
1119809802,u1119809802,bot
1120219494,u1120219494,human
1123618232,u1123618232,bot
1124405762,u1124405762,bot
1124406145,u1124406145,bot
1125520928,u1125520928,bot
1126173366,u1126173366,bot
1129060808,u1129060808,bot
1129503212,u1129503212,human
1130516568,u1130516568,bot
1130703085,u1130703085,human
1130806766,u1130806766,bot
1131796868,u1131796868,human
1131978864,u1131978864,bot
1133168010,u1133168010,human
1135399020,u1135399020,human
1137560562,u1137560562,bot
1138528836,u1138528836,bot
1140331394,u1140331394,bot
1140795949,u1140795949,human
1142685895,u1142685895,human
1143040590,u1143040590,human
1144712011,u1144712011,human
1145944572,u1145944572,human
1146066420,u1146066420,bot
1146883957,u1146883957,human
1148681431,u1148681431,human
1148754746,u1148754746,human
1149943375,u1149943375,bot
1151357286,u1151357286,bot
1154220907,u1154220907,human
1157604793,u1157604793,human
1158433376,u1158433376,bot
1158941809,u1158941809,human
1160576473,u1160576473,bot
1162117250,u1162117250,bot
1163022206,u1163022206,human
1166216558,u1166216558,bot
1167553441,u1167553441,bot
1168507568,u1168507568,bot
1170073674,u1170073674,human
1171100814,u1171100814,bot
1171613323,u1171613323,bot
1171755060,u1171755060,human
1172242189,u1172242189,human
1173593353,u1173593353,bot
1175340848,u1175340848,bot
1176559771,u1176559771,human
1176679753,u1176679753,bot
1177673084,u1177673084,human
1178488742,u1178488742,human
1181284826,u1181284826,human
1181749471,u1181749471,human
1184539123,u1184539123,human
1185382400,u1185382400,human
1188389288,u1188389288,human
1189855981,u1189855981,human
1193660510,u1193660510,bot
1194006560,u1194006560,human
1196276569,u1196276569,human
1197466214,u1197466214,human
1197792091,u1197792091,bot
1198719445,u1198719445,bot
1201304340,u1201304340,human
1201323834,u1201323834,bot
1201410884,u1201410884,human
1202103697,u1202103697,human
1206067189,u1206067189,human
1206302209,u1206302209,bot
1208831840,u1208831840,bot
1211342858,u1211342858,human
1213162278,u1213162278,bot
1214528593,u1214528593,human
1216417074,u1216417074,bot
1218616142,u1218616142,bot
1222279818,u1222279818,bot
1222866955,u1222866955,bot
1223298266,u1223298266,human
1223600413,u1223600413,bot
1223836362,u1223836362,bot
1225926686,u1225926686,human
1226751164,u1226751164,human
1226865493,u1226865493,bot
1227004626,u1227004626,bot
1227119952,u1227119952,bot
1227146066,u1227146066,bot
1227147764,u1227147764,bot
1228320788,u1228320788,human
1228534670,u1228534670,human
1231476866,u1231476866,human
1236372840,u1236372840,bot
1236837823,u1236837823,bot
1240096214,u1240096214,human
1240610310,u1240610310,bot
1241395122,u1241395122,human
1243101630,u1243101630,human
1243467265,u1243467265,human
1244408354,u1244408354,bot
1245531962,u1245531962,human
1247001152,u1247001152,human
1247652517,u1247652517,human
1249100467,u1249100467,bot
1249256912,u1249256912,bot
1250216239,u1250216239,bot
1250977807,u1250977807,human
1252117386,u1252117386,bot
1254858001,u1254858001,bot
1256204010,u1256204010,bot
1256507922,u1256507922,bot
1257227582,u1257227582,bot
1257319471,u1257319471,bot
1258696219,u1258696219,bot
1259844588,u1259844588,bot
1259850818,u1259850818,bot
1263166567,u1263166567,human
1264891998,u1264891998,bot
1265037073,u1265037073,human
1265260098,u1265260098,human
1266832142,u1266832142,human
1267553226,u1267553226,bot
1270068241,u1270068241,human
1271447460,u1271447460,human
1271656262,u1271656262,human
1275221958,u1275221958,human
1275285811,u1275285811,human
1275302468,u1275302468,human
1275326904,u1275326904,human
1279699939,u1279699939,human
1279823214,u1279823214,bot
1281526188,u1281526188,human
1281695636,u1281695636,bot
1282203157,u1282203157,bot
1282206108,u1282206108,human
1282788834,u1282788834,bot
1283437206,u1283437206,human
1284008370,u1284008370,bot
1284917263,u1284917263,human
1286087420,u1286087420,human
1286980015,u1286980015,human
1287862226,u1287862226,bot
1289145816,u1289145816,bot
1290958910,u1290958910,human
1292597904,u1292597904,bot
1295136914,u1295136914,bot
1296519763,u1296519763,bot
1296544153,u1296544153,human
1296956359,u1296956359,bot
1298143076,u1298143076,human
1299906942,u1299906942,human
1302008960,u1302008960,bot
1304716856,u1304716856,human
1304939461,u1304939461,bot
1305086556,u1305086556,human
1305102895,u1305102895,bot
1306947794,u1306947794,bot
1307544762,u1307544762,human
1308221028,u1308221028,human
1310056538,u1310056538,human
1312348795,u1312348795,bot
1312647866,u1312647866,bot
1315296246,u1315296246,human
1315297603,u1315297603,bot
1316192208,u1316192208,human
1317026821,u1317026821,bot
1318623919,u1318623919,bot
1319306448,u1319306448,human
1320972278,u1320972278,bot
1321324412,u1321324412,human
1322354582,u1322354582,bot
1323615224,u1323615224,bot
1325574625,u1325574625,human
1327333338,u1327333338,human
1327936560,u1327936560,bot
1328874901,u1328874901,human
1328954190,u1328954190,human
1331049750,u1331049750,human
1331554658,u1331554658,bot
1332401234,u1332401234,bot
1333461488,u1333461488,bot
1336184372,u1336184372,bot
1336958378,u1336958378,human
1337785291,u1337785291,human
1338152300,u1338152300,bot
1338708854,u1338708854,bot
1341422088,u1341422088,human
1342928724,u1342928724,bot
1343248315,u1343248315,human
1345258093,u1345258093,human
1346297454,u1346297454,human
1346773969,u1346773969,bot
1346991528,u1346991528,bot
1347759692,u1347759692,human
1348788547,u1348788547,bot
1349039107,u1349039107,human
1349183828,u1349183828,bot
1349836555,u1349836555,bot
1351157935,u1351157935,bot
1351292863,u1351292863,bot
1354938914,u1354938914,bot
1355158860,u1355158860,bot
1355298392,u1355298392,bot
1355937960,u1355937960,human
1357711639,u1357711639,bot
1357760756,u1357760756,bot
1360063627,u1360063627,bot
1361106313,u1361106313,human
1361640776,u1361640776,bot
1361872532,u1361872532,human
1362027372,u1362027372,bot
1363626769,u1363626769,bot
1364265588,u1364265588,human
1364670924,u1364670924,bot
1365309446,u1365309446,bot
1365388369,u1365388369,human
1365850640,u1365850640,bot
1370326026,u1370326026,human
1370387143,u1370387143,human
1372027572,u1372027572,human
1372811760,u1372811760,human
1375123051,u1375123051,bot
1377391693,u1377391693,human
1381505906,u1381505906,human
1383630710,u1383630710,bot
1385637769,u1385637769,bot
1386560551,u1386560551,human
1387514922,u1387514922,human
1387677726,u1387677726,human
1391020099,u1391020099,bot
1394118523,u1394118523,bot
1394399438,u1394399438,human
1395474157,u1395474157,human
1396575560,u1396575560,human
1397541721,u1397541721,bot
1398290353,u1398290353,bot
1399148563,u1399148563,human
1399772870,u1399772870,bot
1399943144,u1399943144,bot
1400132136,u1400132136,human
1400517288,u1400517288,human
1403654504,u1403654504,human
1403905920,u1403905920,human
1405158247,u1405158247,human
1406882311,u1406882311,bot
1408142352,u1408142352,human
1408727533,u1408727533,human
1410437030,u1410437030,human
1410845287,u1410845287,human
1411619089,u1411619089,human
1412045425,u1412045425,human
1412178678,u1412178678,human
1412496494,u1412496494,bot
1415338212,u1415338212,human
1417829894,u1417829894,human
1418967138,u1418967138,bot
1420298204,u1420298204,human
1421137752,u1421137752,bot
1421638262,u1421638262,human
1421799349,u1421799349,bot
1423187707,u1423187707,human
1423426004,u1423426004,bot
1423639854,u1423639854,human
1423836397,u1423836397,bot
1424833375,u1424833375,bot
1426662534,u1426662534,bot
1428214442,u1428214442,bot
1428680258,u1428680258,bot
1430070217,u1430070217,human
1430116362,u1430116362,bot
1430648622,u1430648622,bot
1430925727,u1430925727,human
1431083209,u1431083209,bot
1431159756,u1431159756,bot
1433385218,u1433385218,human
1433535416,u1433535416,human
1434023490,u1434023490,human
1434833287,u1434833287,bot
1435125661,u1435125661,human
1436382126,u1436382126,human
1437690446,u1437690446,human
1438296968,u1438296968,bot
1438341642,u1438341642,bot
1438372741,u1438372741,bot
1439926627,u1439926627,bot
1440530696,u1440530696,bot
1442212082,u1442212082,bot
1444383487,u1444383487,bot
1444946612,u1444946612,bot
1445772925,u1445772925,human
1446635874,u1446635874,bot
1446960378,u1446960378,bot
1448739324,u1448739324,bot
1449825546,u1449825546,bot
1449855566,u1449855566,bot
1450005594,u1450005594,human
1450477844,u1450477844,human
1451492010,u1451492010,human
1452807901,u1452807901,human
1452842384,u1452842384,bot
1455690848,u1455690848,bot
1458585625,u1458585625,bot
1461529940,u1461529940,human
1463354832,u1463354832,human
1464239028,u1464239028,human
1465196828,u1465196828,bot
1465616899,u1465616899,human
1465716740,u1465716740,human
1468181904,u1468181904,human
1469175829,u1469175829,human
1469724830,u1469724830,human
1471035349,u1471035349,human
1472209584,u1472209584,human
1472358444,u1472358444,bot
1475444419,u1475444419,bot
1477605360,u1477605360,bot
1477789572,u1477789572,bot
1478210522,u1478210522,bot
1478619067,u1478619067,bot
1478811109,u1478811109,human
1478913350,u1478913350,bot
1480520209,u1480520209,human
1480746038,u1480746038,human
1482581556,u1482581556,human
1483080782,u1483080782,human
1487443482,u1487443482,human
1490048826,u1490048826,human
1490312634,u1490312634,human
1490661152,u1490661152,human
1491628339,u1491628339,bot
1493900287,u1493900287,human
1494605419,u1494605419,bot
1495297862,u1495297862,bot
1496116058,u1496116058,bot
1499365458,u1499365458,bot
1499936989,u1499936989,bot
1503171794,u1503171794,human
1509959084,u1509959084,bot
1511990131,u1511990131,bot
1512355742,u1512355742,human
1515860676,u1515860676,human
1516663548,u1516663548,human
1516841953,u1516841953,bot
1516864836,u1516864836,human
1519144464,u1519144464,human
1521981972,u1521981972,human
1522749996,u1522749996,bot
1523150852,u1523150852,bot
1523662034,u1523662034,bot
1524064579,u1524064579,bot
1526240340,u1526240340,bot
1528456471,u1528456471,bot
1530378877,u1530378877,human
1530957349,u1530957349,bot
1533844754,u1533844754,human
1535696492,u1535696492,human
1536500138,u1536500138,human
1536622308,u1536622308,human
1537028058,u1537028058,human
1539678780,u1539678780,human
1540623062,u1540623062,human
1540897980,u1540897980,human
1543075584,u1543075584,human
1543237478,u1543237478,human
1543764128,u1543764128,human
1543994892,u1543994892,bot
1544468570,u1544468570,human
1545093288,u1545093288,human
1545999955,u1545999955,bot
1546032648,u1546032648,bot
1546340288,u1546340288,bot
1548721730,u1548721730,human
1549038590,u1549038590,bot
1550327484,u1550327484,human
1553733026,u1553733026,bot
1554891072,u1554891072,human
1555446474,u1555446474,bot
1555788103,u1555788103,bot
1559610186,u1559610186,bot
1560834505,u1560834505,bot
1568566669,u1568566669,bot
1569419586,u1569419586,bot
1569684918,u1569684918,human
1571272964,u1571272964,bot
1575689167,u1575689167,bot
1575970878,u1575970878,bot
1576344206,u1576344206,bot
1576851252,u1576851252,bot
1577898554,u1577898554,bot
1578524209,u1578524209,human
1579746024,u1579746024,bot
1580575130,u1580575130,human
1581303680,u1581303680,human
1581645991,u1581645991,human
1582078202,u1582078202,bot
1582096694,u1582096694,bot
1582853809,u1582853809,human
1583273815,u1583273815,bot
1583338284,u1583338284,bot
1584137959,u1584137959,human
1584182978,u1584182978,human
1585816933,u1585816933,bot
1588276453,u1588276453,human
1589060755,u1589060755,bot
1591373244,u1591373244,human
1594176542,u1594176542,bot
1594340468,u1594340468,human
1595355434,u1595355434,bot
1595463991,u1595463991,bot
1595615893,u1595615893,human
1595684678,u1595684678,bot
1595924352,u1595924352,bot
1597721701,u1597721701,bot
1597774134,u1597774134,human
1598887500,u1598887500,human
1601593543,u1601593543,human
1601615208,u1601615208,human
1603439773,u1603439773,human
1603589724,u1603589724,human
1605911497,u1605911497,human
1607813791,u1607813791,bot
1608383834,u1608383834,bot
1608950586,u1608950586,human
1609849867,u1609849867,human
1610703685,u1610703685,bot
1610865276,u1610865276,bot
1611780386,u1611780386,human
1612796882,u1612796882,bot
1613526062,u1613526062,human
1614464011,u1614464011,bot
1615618795,u1615618795,human
1616059633,u1616059633,bot
1617006026,u1617006026,human
1617860070,u1617860070,human
1620221053,u1620221053,human
1620675516,u1620675516,human
1620987841,u1620987841,bot
1622615089,u1622615089,human
1628951042,u1628951042,bot
1629244514,u1629244514,human
1630896181,u1630896181,human
1631201930,u1631201930,bot
1631953117,u1631953117,bot
1633142401,u1633142401,human
1633409329,u1633409329,bot
1634089476,u1634089476,bot
1634868306,u1634868306,human
1635591025,u1635591025,human
1637041482,u1637041482,bot
1638692167,u1638692167,bot
1640531624,u1640531624,bot
1640671358,u1640671358,human
1640736572,u1640736572,human
1641262292,u1641262292,bot
1642477776,u1642477776,human
1645008468,u1645008468,human
1647005605,u1647005605,bot
1648322426,u1648322426,bot
1648363459,u1648363459,human
1648656108,u1648656108,bot
1650547158,u1650547158,bot
1651180872,u1651180872,bot
1651395931,u1651395931,bot
1652840774,u1652840774,bot
1653197726,u1653197726,bot
1654716739,u1654716739,human
1655173826,u1655173826,bot
1658076554,u1658076554,bot
1659462842,u1659462842,bot
1660065794,u1660065794,human
1660875002,u1660875002,human
1661058883,u1661058883,human
1661355896,u1661355896,bot
1664138053,u1664138053,bot
1665665700,u1665665700,human
1666138052,u1666138052,bot
1666328714,u1666328714,human
1667704322,u1667704322,bot
1668435678,u1668435678,human
1669501952,u1669501952,human
1669829090,u1669829090,bot
1669906094,u1669906094,bot
1670105485,u1670105485,human
1672524440,u1672524440,human
1673754104,u1673754104,bot
1674275041,u1674275041,bot
1674440275,u1674440275,human
1674546415,u1674546415,bot
1674705037,u1674705037,human
1674854804,u1674854804,bot
1676499943,u1676499943,bot
1677894596,u1677894596,human
1679043787,u1679043787,human
1679822588,u1679822588,bot
1681624476,u1681624476,human
1682312826,u1682312826,human
1683965070,u1683965070,bot
1684221468,u1684221468,bot
1685616014,u1685616014,bot
1686062821,u1686062821,bot
1686647936,u1686647936,bot
1688162922,u1688162922,bot
1689323390,u1689323390,human
1690395762,u1690395762,human
1693446193,u1693446193,human
1694772020,u1694772020,bot
1695864248,u1695864248,human
1698195079,u1698195079,human
1700157950,u1700157950,human
1700309342,u1700309342,bot
1704336470,u1704336470,human
1705569930,u1705569930,bot
1705890152,u1705890152,bot
1707240307,u1707240307,human
1707880543,u1707880543,bot
1708383414,u1708383414,human
1708464528,u1708464528,bot
1709374759,u1709374759,bot
1712257544,u1712257544,human
1713132974,u1713132974,human
1713188785,u1713188785,human
1713417312,u1713417312,human
1713511512,u1713511512,human
1714396867,u1714396867,bot
1715452825,u1715452825,bot
1716129972,u1716129972,human
1717116817,u1717116817,bot
1720046887,u1720046887,human
1723432226,u1723432226,bot
1725198458,u1725198458,human
1725901448,u1725901448,bot
1726066843,u1726066843,human
1726305288,u1726305288,human
1727522635,u1727522635,human
1732624986,u1732624986,bot
1734575215,u1734575215,human
1735613618,u1735613618,bot
1737529189,u1737529189,bot
1747350590,u1747350590,human
1767049184,u1767049184,human
1773673902,u1773673902,bot
1787201851,u1787201851,human
1833232651,u1833232651,bot
1835298692,u1835298692,bot
1838752303,u1838752303,human
1842926108,u1842926108,bot
1849172972,u1849172972,human
1850740351,u1850740351,bot
1851857544,u1851857544,human
1852382642,u1852382642,human
1853804004,u1853804004,human
1855035115,u1855035115,human
1856132144,u1856132144,human
1856925384,u1856925384,human
1858502012,u1858502012,bot
1858957987,u1858957987,bot
1859457890,u1859457890,bot
1860244544,u1860244544,bot
1860576704,u1860576704,bot
1860818150,u1860818150,human
1862018917,u1862018917,human
1863061536,u1863061536,human
1863315038,u1863315038,bot
1863585349,u1863585349,human
1864518889,u1864518889,human
1864643574,u1864643574,human
1867252915,u1867252915,bot
1871389603,u1871389603,bot
1872245198,u1872245198,human
1874245267,u1874245267,human
1876644379,u1876644379,bot
1877993594,u1877993594,human
1879128162,u1879128162,human
1880836741,u1880836741,bot
1881118034,u1881118034,human
1882066740,u1882066740,human
1884221084,u1884221084,bot
1887374790,u1887374790,bot
1893489794,u1893489794,bot
1894392625,u1894392625,bot
1894686620,u1894686620,bot
1895275237,u1895275237,bot
1897388485,u1897388485,bot
1897970054,u1897970054,human
1898236622,u1898236622,bot
1900730239,u1900730239,bot
1900923625,u1900923625,bot
1901997422,u1901997422,human
1903139586,u1903139586,bot
1903560060,u1903560060,human
1904145302,u1904145302,bot
1904237845,u1904237845,bot
1908634068,u1908634068,bot
1908743516,u1908743516,human
1909261734,u1909261734,human
1910501509,u1910501509,bot
1911644054,u1911644054,bot
1911648955,u1911648955,bot
1912628149,u1912628149,bot
1912665331,u1912665331,human
1915011211,u1915011211,human
1918685089,u1918685089,human
1918743985,u1918743985,bot
1918994642,u1918994642,human
1919787703,u1919787703,human
1920720745,u1920720745,human
1920750644,u1920750644,human
1921119872,u1921119872,human
1921682646,u1921682646,human
1923392131,u1923392131,human
1924484352,u1924484352,human
1926931381,u1926931381,human
1927195286,u1927195286,bot
1927516476,u1927516476,bot
1927533120,u1927533120,bot
1929778416,u1929778416,bot
1932982554,u1932982554,human
1934603773,u1934603773,human
1934844716,u1934844716,bot
1939862042,u1939862042,bot
1943460228,u1943460228,human
1943994128,u1943994128,bot
1946426010,u1946426010,bot
1947535171,u1947535171,bot
1948032967,u1948032967,bot
1951616070,u1951616070,human
1953117589,u1953117589,human
1954010053,u1954010053,bot
1954425152,u1954425152,human
1958671394,u1958671394,human
1960370958,u1960370958,human
1961081042,u1961081042,bot
1962309451,u1962309451,human
1962626484,u1962626484,human
1962954846,u1962954846,human
1963312058,u1963312058,human
1963617619,u1963617619,human
1964922566,u1964922566,bot
1966481083,u1966481083,bot
1966967424,u1966967424,human
1967275506,u1967275506,human
1968065630,u1968065630,bot
1968807138,u1968807138,human
1969102196,u1969102196,human
1972539134,u1972539134,human
1977419598,u1977419598,human
1978458494,u1978458494,bot
2148704118,u2148704118,bot
2148914500,u2148914500,bot
2149055299,u2149055299,bot
2150951173,u2150951173,human
2153061984,u2153061984,bot
2154013710,u2154013710,bot
2154055394,u2154055394,human
2154107565,u2154107565,bot
2154127088,u2154127088,human
2155816838,u2155816838,human
2157651508,u2157651508,human
2159169510,u2159169510,bot
2161582100,u2161582100,bot
2161875486,u2161875486,bot
2161925834,u2161925834,bot
2161940131,u2161940131,human
2162478830,u2162478830,human
2164699568,u2164699568,human
2164789578,u2164789578,bot
2165086078,u2165086078,bot
2165842172,u2165842172,bot
2167946376,u2167946376,bot
2168196977,u2168196977,human
2168459394,u2168459394,human
2169015218,u2169015218,bot
2169306931,u2169306931,human
2170666170,u2170666170,bot
2172525175,u2172525175,human
2172593423,u2172593423,human
2172682861,u2172682861,bot
2173030009,u2173030009,human
2173318130,u2173318130,human
2174547285,u2174547285,human
2175373188,u2175373188,bot
2175710003,u2175710003,human
2175824447,u2175824447,bot
2175939852,u2175939852,bot
2178163747,u2178163747,human
2179493472,u2179493472,bot
2179745089,u2179745089,bot
2181351862,u2181351862,bot
2181978954,u2181978954,bot
2182493598,u2182493598,bot
2183045018,u2183045018,bot
2183656454,u2183656454,human
2185403767,u2185403767,human
2186062965,u2186062965,human
2186476658,u2186476658,bot
2186808397,u2186808397,bot
2186996792,u2186996792,bot
2187818839,u2187818839,human
2188101931,u2188101931,human
2188668342,u2188668342,human
2189387236,u2189387236,human
2189716682,u2189716682,human
2190281755,u2190281755,bot
2190893247,u2190893247,bot
2192666827,u2192666827,human
2192712746,u2192712746,bot
2193100156,u2193100156,human
2194124415,u2194124415,human
2194594525,u2194594525,bot
2195205788,u2195205788,human
2195922780,u2195922780,bot
2196199453,u2196199453,human
2196348115,u2196348115,human
2196860159,u2196860159,human
2196981962,u2196981962,bot
2197522164,u2197522164,human
2200279530,u2200279530,bot
2200720733,u2200720733,bot
2200722551,u2200722551,bot
2200847340,u2200847340,bot
2201084490,u2201084490,bot
2201431746,u2201431746,human
2201577535,u2201577535,human
2201740862,u2201740862,bot
2203237903,u2203237903,human
2205195902,u2205195902,human
2205210260,u2205210260,bot
2206423445,u2206423445,bot
2206980738,u2206980738,human
2207249947,u2207249947,human
2208574532,u2208574532,bot
2209129257,u2209129257,bot
2209714216,u2209714216,bot
2211100392,u2211100392,human
2211673627,u2211673627,human
2212228370,u2212228370,bot
2214933598,u2214933598,human
2215198310,u2215198310,bot
2215499786,u2215499786,human
2216065900,u2216065900,human
2218160638,u2218160638,bot
2218639931,u2218639931,bot
2219785803,u2219785803,human
2221808541,u2221808541,bot
2222029998,u2222029998,human
2222286870,u2222286870,human
2223543830,u2223543830,bot
2224541852,u2224541852,human
2225963280,u2225963280,human
2226182755,u2226182755,bot
2227637136,u2227637136,bot
2229105008,u2229105008,bot
2229861493,u2229861493,human
2229994644,u2229994644,bot
2231215326,u2231215326,human
2231617016,u2231617016,human
2231716470,u2231716470,human
2232063890,u2232063890,human
2232848496,u2232848496,human
2233272756,u2233272756,human
2236496488,u2236496488,human
2237311590,u2237311590,human
2237661503,u2237661503,human
2237930953,u2237930953,human
2238067009,u2238067009,bot
2238505946,u2238505946,human
2238909606,u2238909606,bot
2239221307,u2239221307,human
2240302784,u2240302784,human
2240322455,u2240322455,human
2240601558,u2240601558,human
2240955240,u2240955240,bot
2241323270,u2241323270,human
2241409513,u2241409513,bot
2241904368,u2241904368,bot
2242325372,u2242325372,human
2244134066,u2244134066,human
2244162797,u2244162797,bot
2244891990,u2244891990,human
2245097203,u2245097203,human
2245197814,u2245197814,bot
2245481083,u2245481083,bot
2245610111,u2245610111,bot
2245863056,u2245863056,bot
2246447828,u2246447828,human
2246987636,u2246987636,bot
2247444301,u2247444301,human
2248343554,u2248343554,human
2248919588,u2248919588,human
2249769420,u2249769420,bot
2251066195,u2251066195,human
2252291763,u2252291763,bot
2253197430,u2253197430,human
2253198931,u2253198931,bot
2253206665,u2253206665,human
2253462178,u2253462178,human
2256018655,u2256018655,human
2257947242,u2257947242,bot
2258607828,u2258607828,bot
2260432746,u2260432746,human
2260589279,u2260589279,bot
2262677216,u2262677216,human
2263437272,u2263437272,human
2263691198,u2263691198,bot
2263888141,u2263888141,bot
2263921118,u2263921118,human
2264368966,u2264368966,human
2266573932,u2266573932,human
2267721319,u2267721319,human
2267900781,u2267900781,bot
2268314624,u2268314624,bot
2268640205,u2268640205,bot
2272426664,u2272426664,human
2272522555,u2272522555,bot
2273216286,u2273216286,human
2273244018,u2273244018,bot
2273527028,u2273527028,human
2276255773,u2276255773,bot
2277696385,u2277696385,bot
2278281343,u2278281343,bot
2278585567,u2278585567,bot
2279161716,u2279161716,human
2280672794,u2280672794,human
2280782713,u2280782713,bot
2281103742,u2281103742,human
2282196558,u2282196558,bot
2282703433,u2282703433,bot
2282867250,u2282867250,bot
2283094800,u2283094800,bot
2283150648,u2283150648,human
2283160130,u2283160130,bot
2285867316,u2285867316,bot
2286396673,u2286396673,bot
2287356176,u2287356176,bot
2287991321,u2287991321,human
2288772386,u2288772386,human
2290345111,u2290345111,human
2290819595,u2290819595,human
2291737033,u2291737033,bot
2291813732,u2291813732,bot
2291910612,u2291910612,bot
2292404853,u2292404853,bot
2292990830,u2292990830,bot
2295030020,u2295030020,human
2295554268,u2295554268,human
2295951641,u2295951641,human
2296251229,u2296251229,human
2298102021,u2298102021,human
2298708613,u2298708613,human
2299805303,u2299805303,human
2300329224,u2300329224,human
2301423236,u2301423236,bot
2301735416,u2301735416,bot
2302407500,u2302407500,human
2303798160,u2303798160,bot
2304647252,u2304647252,human
2306433577,u2306433577,human
2306974591,u2306974591,human
2307452270,u2307452270,human
2308188895,u2308188895,bot
2308211672,u2308211672,human
2308978435,u2308978435,bot
2309506312,u2309506312,bot
2310316068,u2310316068,bot
2310896137,u2310896137,bot
2311563239,u2311563239,human
2312262702,u2312262702,human
2312414153,u2312414153,bot
2312691572,u2312691572,bot
2313325687,u2313325687,bot
2314047020,u2314047020,human
2314443930,u2314443930,human
2314587960,u2314587960,bot
2315152543,u2315152543,human
2315912600,u2315912600,bot
2315990438,u2315990438,bot
2316007980,u2316007980,bot
2317519687,u2317519687,bot
2317969934,u2317969934,human
2318374983,u2318374983,human
2319108198,u2319108198,human
2319350382,u2319350382,human
2320231093,u2320231093,human
2320762676,u2320762676,bot
2321074473,u2321074473,bot
2321292469,u2321292469,human
2324928444,u2324928444,bot
2325704833,u2325704833,human
2325736448,u2325736448,bot
2326470361,u2326470361,bot
2327383451,u2327383451,bot
2328074923,u2328074923,human
2328108632,u2328108632,human
2328559952,u2328559952,bot
2329303874,u2329303874,bot
2329529695,u2329529695,human
2329556286,u2329556286,human
2329997701,u2329997701,bot
2330000882,u2330000882,bot
2330505276,u2330505276,human
2330573426,u2330573426,bot
2331674136,u2331674136,human
2331795757,u2331795757,bot
2331937140,u2331937140,human
2332116008,u2332116008,bot
2332134066,u2332134066,human
2332168940,u2332168940,bot
2332257158,u2332257158,human
2332368062,u2332368062,human
2333045815,u2333045815,human
2333988375,u2333988375,human
2335139576,u2335139576,bot
2335738159,u2335738159,bot
2336487116,u2336487116,human
2336873018,u2336873018,human
2337471864,u2337471864,human
2339188736,u2339188736,bot
2339973582,u2339973582,human
2340321572,u2340321572,bot
2342386916,u2342386916,bot
2343198944,u2343198944,human
2343223446,u2343223446,human
2344076851,u2344076851,human
2344530218,u2344530218,human
2347720356,u2347720356,human
2348239135,u2348239135,human
2348928990,u2348928990,bot
2349247323,u2349247323,bot
2349259095,u2349259095,human
2349669642,u2349669642,human
2350358260,u2350358260,human
2350457804,u2350457804,human
2350794517,u2350794517,human
2351756526,u2351756526,bot
2352376268,u2352376268,bot
2355096816,u2355096816,bot
2355257965,u2355257965,bot
2355459126,u2355459126,bot
2356647642,u2356647642,human
2357514375,u2357514375,human
2358270308,u2358270308,human
2358464130,u2358464130,bot
2359198425,u2359198425,human
2359297928,u2359297928,human
2359436953,u2359436953,human
2359856006,u2359856006,bot
2362623168,u2362623168,human
2362727250,u2362727250,bot
2363351662,u2363351662,human
2364221719,u2364221719,human
2364303651,u2364303651,human
2364368040,u2364368040,bot
2368934348,u2368934348,human
2370773007,u2370773007,human
2370825666,u2370825666,bot
2370911419,u2370911419,human
2371041853,u2371041853,bot
2374141831,u2374141831,bot
2374259623,u2374259623,human
2375262362,u2375262362,human
2376180501,u2376180501,bot
2376456090,u2376456090,human
2377234687,u2377234687,bot
2378524560,u2378524560,human
2378534328,u2378534328,human
2380461660,u2380461660,human
2381033437,u2381033437,human
2381064942,u2381064942,human
2381313907,u2381313907,bot
2382503143,u2382503143,human
2382998161,u2382998161,bot
2383569666,u2383569666,bot
2383717754,u2383717754,bot
2383863384,u2383863384,bot
2384006755,u2384006755,bot
2385884246,u2385884246,human
2386783885,u2386783885,bot
2387964332,u2387964332,human
2389603556,u2389603556,human
2390287976,u2390287976,human
2390501274,u2390501274,human
2390786460,u2390786460,bot
2391022366,u2391022366,human
2391051627,u2391051627,human
2391473700,u2391473700,bot
2391504396,u2391504396,bot
2391986684,u2391986684,bot
2392767832,u2392767832,bot
2397754986,u2397754986,bot
2398036586,u2398036586,bot
2398074553,u2398074553,human
2399880522,u2399880522,bot
2400027469,u2400027469,bot
2400813884,u2400813884,bot
2402011314,u2402011314,human
2402387226,u2402387226,bot
2402724142,u2402724142,bot
2405675727,u2405675727,bot
2407916096,u2407916096,human
2410240839,u2410240839,human
2410726597,u2410726597,bot
2410813555,u2410813555,bot
2411313110,u2411313110,bot
2412794903,u2412794903,human
2412958135,u2412958135,human
2414012077,u2414012077,human
2414683548,u2414683548,human
2415767978,u2415767978,human
2417107922,u2417107922,human
2418145838,u2418145838,bot
2418383227,u2418383227,human
2418491443,u2418491443,bot
2419480904,u2419480904,bot
2419518875,u2419518875,bot
2419897308,u2419897308,bot
2420379249,u2420379249,human
2421492818,u2421492818,bot
2422507625,u2422507625,human
2423851014,u2423851014,bot
2424151074,u2424151074,human
2424275808,u2424275808,human
2424658080,u2424658080,bot
2425131916,u2425131916,human
2426054353,u2426054353,human
2426148990,u2426148990,bot
2426170136,u2426170136,human
2427351685,u2427351685,human
2427392464,u2427392464,bot
2427885031,u2427885031,human
2430323502,u2430323502,human
2430325777,u2430325777,human
2431419187,u2431419187,human
2431499616,u2431499616,human
2432016882,u2432016882,human
2432272980,u2432272980,bot
2433230149,u2433230149,human
2433276240,u2433276240,human
2433368432,u2433368432,human
2433495000,u2433495000,human
2433724964,u2433724964,bot
2434191967,u2434191967,human
2436518028,u2436518028,human
2437792460,u2437792460,human
2439296859,u2439296859,human
2439655200,u2439655200,human
2440905902,u2440905902,bot
2441758778,u2441758778,bot
2441981779,u2441981779,bot
2442381762,u2442381762,human
2442744907,u2442744907,bot
2443887643,u2443887643,bot
2444302555,u2444302555,human
2445442050,u2445442050,human
2445595466,u2445595466,bot
2445615709,u2445615709,human
2445809510,u2445809510,human
2445883045,u2445883045,human
2446320283,u2446320283,bot
2446446708,u2446446708,human
2446873177,u2446873177,bot
2446901304,u2446901304,human
2448534947,u2448534947,human
2449693290,u2449693290,bot
2450124820,u2450124820,bot
2450130725,u2450130725,human
2452193122,u2452193122,bot
2452930902,u2452930902,human
2454313106,u2454313106,bot
2455731967,u2455731967,human
2455929786,u2455929786,human
2457027740,u2457027740,human
2458024800,u2458024800,human
2458057668,u2458057668,human
2458248091,u2458248091,bot
2458804166,u2458804166,bot
2458892874,u2458892874,bot
2459394362,u2459394362,human
2461812403,u2461812403,human
2461968937,u2461968937,human
2462436602,u2462436602,human
2463352884,u2463352884,bot
2463370231,u2463370231,bot
2464212098,u2464212098,bot
2464408747,u2464408747,human
2465242367,u2465242367,bot
2465283662,u2465283662,bot
2466137560,u2466137560,bot
2466548929,u2466548929,human
2466645955,u2466645955,human
2467658802,u2467658802,bot
2468534670,u2468534670,bot
2471672446,u2471672446,bot
2471881166,u2471881166,bot
2472252584,u2472252584,bot
2472455480,u2472455480,bot
2473050084,u2473050084,bot
2475150925,u2475150925,human
2475885734,u2475885734,bot
2476591289,u2476591289,bot
2476901377,u2476901377,bot
2477194700,u2477194700,bot
2478217117,u2478217117,human
2479063608,u2479063608,human
2479147740,u2479147740,bot
2480893932,u2480893932,bot
2482080210,u2482080210,human
2482518368,u2482518368,human
2482678027,u2482678027,bot
2482888200,u2482888200,human
2482947482,u2482947482,bot
2483872248,u2483872248,bot
2483991945,u2483991945,human
2484477901,u2484477901,bot
2484690625,u2484690625,bot
2485089643,u2485089643,human
2485322670,u2485322670,human
2485837333,u2485837333,bot
2486619919,u2486619919,bot
2487003684,u2487003684,human
2487828968,u2487828968,human
2488240818,u2488240818,bot
2489674494,u2489674494,bot
2490585282,u2490585282,bot
2491025474,u2491025474,human
2491074546,u2491074546,bot
2492917412,u2492917412,human
2495013543,u2495013543,human
2496247742,u2496247742,bot
2496382999,u2496382999,bot
2496656412,u2496656412,human
2496818223,u2496818223,bot
2496941382,u2496941382,human
2497110548,u2497110548,human
2497812405,u2497812405,human
2500316982,u2500316982,bot
2500529919,u2500529919,human
2502019975,u2502019975,human
2502990367,u2502990367,human
2506212118,u2506212118,bot
2507735414,u2507735414,bot
2508018034,u2508018034,bot
2509208611,u2509208611,human
2509381254,u2509381254,human
2511020628,u2511020628,bot
2511564204,u2511564204,bot
2511895177,u2511895177,bot
2512429476,u2512429476,human
2512998728,u2512998728,bot
2513247464,u2513247464,bot
2513318162,u2513318162,bot
2515474724,u2515474724,human
2515547137,u2515547137,human
2515591853,u2515591853,human
2517122019,u2517122019,bot
2518800718,u2518800718,human
2518975862,u2518975862,bot
2520043286,u2520043286,bot
2521277440,u2521277440,bot
2522772534,u2522772534,human
2525220860,u2525220860,bot
2525480741,u2525480741,human
2525531850,u2525531850,human
2526241154,u2526241154,bot
2527587103,u2527587103,human
2527904018,u2527904018,human
2528032772,u2528032772,human
2528472921,u2528472921,human
2530425661,u2530425661,bot
2531172931,u2531172931,human
2531843000,u2531843000,human
2533023970,u2533023970,bot
2533024722,u2533024722,bot
2533126758,u2533126758,human
2533215549,u2533215549,human
2533662164,u2533662164,bot
2534264643,u2534264643,human
2534427687,u2534427687,human
2535451561,u2535451561,bot
2537814394,u2537814394,bot
2538172466,u2538172466,human
2539873266,u2539873266,bot
2540890902,u2540890902,bot
2541047887,u2541047887,human
2541088938,u2541088938,human
2543529938,u2543529938,human
2543884214,u2543884214,bot
2543888244,u2543888244,human
2544013644,u2544013644,bot
2544267781,u2544267781,bot
2544574922,u2544574922,bot
2545137949,u2545137949,bot
2545759886,u2545759886,human
2546418373,u2546418373,human
2546797708,u2546797708,bot
2547531722,u2547531722,human
2547648448,u2547648448,human
2549407680,u2549407680,bot
2553499747,u2553499747,bot
2554592869,u2554592869,human
2554930256,u2554930256,bot
2559086222,u2559086222,bot
2562341041,u2562341041,bot
2562972898,u2562972898,bot
2563510940,u2563510940,bot
2564161513,u2564161513,bot
2564282797,u2564282797,bot
2565145598,u2565145598,bot
2565431626,u2565431626,human
2566645904,u2566645904,bot
2566850276,u2566850276,human
2567679079,u2567679079,bot
2567832510,u2567832510,human
2568296040,u2568296040,bot
2568659968,u2568659968,human
2569245224,u2569245224,bot
2570527903,u2570527903,bot
2570770229,u2570770229,human
2570842149,u2570842149,human
2571330897,u2571330897,human
2572271892,u2572271892,bot
2572625156,u2572625156,bot
2572695564,u2572695564,human
2572869006,u2572869006,bot
2573265174,u2573265174,human
2573466488,u2573466488,human
2573833471,u2573833471,human
2574471401,u2574471401,bot
2576060983,u2576060983,human
2576310153,u2576310153,bot
2577329951,u2577329951,bot
2577519084,u2577519084,bot
2577596593,u2577596593,human
2577886615,u2577886615,bot
2578704038,u2578704038,bot
2579550450,u2579550450,bot
2580307046,u2580307046,bot
2582754894,u2582754894,bot
2583210447,u2583210447,human
2583867391,u2583867391,human
2584040791,u2584040791,bot
2584667378,u2584667378,bot
2585978719,u2585978719,bot
2587079072,u2587079072,bot
2587760640,u2587760640,bot
2587888074,u2587888074,bot
2588569494,u2588569494,bot
2588841246,u2588841246,human
2589181681,u2589181681,bot
2589717313,u2589717313,human
2590160212,u2590160212,bot
2590335739,u2590335739,human
2591005166,u2591005166,human
2591320394,u2591320394,human
2591443279,u2591443279,bot
2591690364,u2591690364,bot
2592325153,u2592325153,human
2594958374,u2594958374,bot
2595424747,u2595424747,bot
2595602695,u2595602695,bot
2595621066,u2595621066,human
2596275908,u2596275908,human
2596589880,u2596589880,human
2598796579,u2598796579,bot
2599121383,u2599121383,human
2599196378,u2599196378,bot
2600639246,u2600639246,bot
2600943020,u2600943020,bot
2601091388,u2601091388,bot
2601739863,u2601739863,bot
2602920558,u2602920558,bot
2602959463,u2602959463,human
2603132052,u2603132052,bot
2605336322,u2605336322,bot
2605452684,u2605452684,bot
2607880942,u2607880942,human
2608768125,u2608768125,human
2609293685,u2609293685,bot
2609516467,u2609516467,human
2609560783,u2609560783,human
2611489057,u2611489057,human
2611789262,u2611789262,human
2615853902,u2615853902,bot
2616062641,u2616062641,human
2616339180,u2616339180,bot
2616592373,u2616592373,human
2623061992,u2623061992,human
2623605892,u2623605892,bot
2624101468,u2624101468,human
2627371719,u2627371719,bot
2628719181,u2628719181,bot
2631015170,u2631015170,bot
2637036385,u2637036385,human
2645980089,u2645980089,human
2646749889,u2646749889,bot
2647375500,u2647375500,human
2651353567,u2651353567,bot
2651501008,u2651501008,bot
2651796846,u2651796846,human
2652182246,u2652182246,bot
2652239532,u2652239532,human
2652379146,u2652379146,human
2652828556,u2652828556,human
2654306088,u2654306088,human
2654381281,u2654381281,bot
2654428483,u2654428483,bot
2654680267,u2654680267,bot
2656629811,u2656629811,human
2656796449,u2656796449,bot
2660171779,u2660171779,bot
2664366250,u2664366250,bot
2664730894,u2664730894,human
2665398600,u2665398600,human
2666597706,u2666597706,human
2667389023,u2667389023,human
2667495414,u2667495414,bot
2671163846,u2671163846,bot
2671179319,u2671179319,bot
2671556916,u2671556916,human
2672671078,u2672671078,human
2674935517,u2674935517,bot
2675172241,u2675172241,human
2678208594,u2678208594,bot
2678228832,u2678228832,bot
2678290878,u2678290878,bot
2682132084,u2682132084,bot
2683830085,u2683830085,human
2686761109,u2686761109,bot
2687019612,u2687019612,human
2688277244,u2688277244,bot
2689850420,u2689850420,bot
2692521840,u2692521840,human
2692749067,u2692749067,human
2693885376,u2693885376,human
2694183541,u2694183541,bot
2694921946,u2694921946,human
2696268463,u2696268463,bot
2696593014,u2696593014,bot
2698179823,u2698179823,human
2699899597,u2699899597,human
2701793432,u2701793432,human
2704715387,u2704715387,human
2705140969,u2705140969,bot
2706720373,u2706720373,human
2708815424,u2708815424,human
2710243311,u2710243311,bot
2712875067,u2712875067,bot
2712902371,u2712902371,human
2712956107,u2712956107,bot
2713954545,u2713954545,human
2714051581,u2714051581,bot
2715046843,u2715046843,human
2715099702,u2715099702,bot
2719560641,u2719560641,bot
2719650549,u2719650549,bot
2719800475,u2719800475,bot
2720379501,u2720379501,bot
2720506339,u2720506339,human
2720751739,u2720751739,bot
2720792168,u2720792168,human
2722918513,u2722918513,bot
2723217086,u2723217086,human
2723963928,u2723963928,human
2724173566,u2724173566,bot
2727044719,u2727044719,human
2727429836,u2727429836,bot
2729087494,u2729087494,bot
2729142601,u2729142601,bot
2730475156,u2730475156,bot
2730824608,u2730824608,bot
2732012381,u2732012381,bot
2732073988,u2732073988,bot
2732480119,u2732480119,human
2733846959,u2733846959,human
2733945109,u2733945109,bot
2734762370,u2734762370,bot
2734786073,u2734786073,bot
2736471646,u2736471646,bot
2737293019,u2737293019,human
2737428961,u2737428961,bot
2739253169,u2739253169,human
2739826012,u2739826012,human
2740284670,u2740284670,bot
2740736109,u2740736109,human
2741862091,u2741862091,bot
2742200146,u2742200146,human
2742459406,u2742459406,bot
2745754561,u2745754561,human
2745782956,u2745782956,human
2746027128,u2746027128,bot
2749818053,u2749818053,bot
2750548111,u2750548111,human
2750612826,u2750612826,bot
2751421558,u2751421558,bot
2752135868,u2752135868,bot
2752145503,u2752145503,bot
2752420039,u2752420039,human
2753232592,u2753232592,human
2755883513,u2755883513,human
2757364007,u2757364007,bot
2757695845,u2757695845,human
2757704356,u2757704356,bot
2760829173,u2760829173,human
2761212045,u2761212045,bot
2762298337,u2762298337,human
2765191131,u2765191131,bot
2765788833,u2765788833,bot
2765789702,u2765789702,human
2766042745,u2766042745,human
2766283745,u2766283745,human
2767708441,u2767708441,human
2768217298,u2768217298,bot
2768455599,u2768455599,human
2769253193,u2769253193,bot
2769381272,u2769381272,bot
2769983813,u2769983813,bot
2771098702,u2771098702,human
2772272466,u2772272466,bot
2772516270,u2772516270,bot
2773662817,u2773662817,bot
2773797223,u2773797223,bot
2774879952,u2774879952,bot
2777967071,u2777967071,human
2778549348,u2778549348,human
2778672157,u2778672157,human
2778976188,u2778976188,bot
2779511456,u2779511456,human
2780850314,u2780850314,human
2780986994,u2780986994,bot
2782621042,u2782621042,bot
2782910023,u2782910023,bot
2783132534,u2783132534,human
2783543455,u2783543455,human
2784336455,u2784336455,bot
2785038300,u2785038300,human
2785317370,u2785317370,human
2785982550,u2785982550,bot
2786353855,u2786353855,bot
2786353923,u2786353923,bot
2786363033,u2786363033,bot
2786405285,u2786405285,human
2788130120,u2788130120,bot
2788223257,u2788223257,bot
2788863042,u2788863042,bot
2789007754,u2789007754,bot
2789893968,u2789893968,human
2790334882,u2790334882,human
2790396710,u2790396710,bot
2790403603,u2790403603,human
2791376033,u2791376033,bot
2792539218,u2792539218,bot
2793056266,u2793056266,bot
2793278536,u2793278536,human
2794543926,u2794543926,bot
2796202809,u2796202809,bot
2796357878,u2796357878,bot
2797458689,u2797458689,human
2797706535,u2797706535,human
2797855248,u2797855248,bot
2799409064,u2799409064,bot
2799696983,u2799696983,bot
2800204849,u2800204849,human
2800387204,u2800387204,human
2800847830,u2800847830,human
2801042705,u2801042705,human
2801529949,u2801529949,bot
2802579095,u2802579095,bot
2802922490,u2802922490,bot
2804182260,u2804182260,bot
2805875567,u2805875567,bot
2806966400,u2806966400,bot
2807547679,u2807547679,bot
2807660289,u2807660289,bot
2809134973,u2809134973,bot
2809803589,u2809803589,bot
2812536754,u2812536754,human
2813365387,u2813365387,human
2813464232,u2813464232,human
2813658629,u2813658629,human
2813792360,u2813792360,human
2815119892,u2815119892,bot
2815285896,u2815285896,human
2817513636,u2817513636,human
2817674196,u2817674196,human
2818429238,u2818429238,bot
2819401691,u2819401691,bot
2819961553,u2819961553,bot
2820643036,u2820643036,bot
2821108647,u2821108647,human
2821197425,u2821197425,human
2821451759,u2821451759,human
2822106266,u2822106266,bot
2823694357,u2823694357,bot
2824031178,u2824031178,bot
2826178343,u2826178343,bot
2828242172,u2828242172,bot
2828480906,u2828480906,bot
2829932277,u2829932277,human
2832801048,u2832801048,bot
2832896673,u2832896673,human
2833644435,u2833644435,bot
2834546835,u2834546835,human
2834606956,u2834606956,bot
2835276183,u2835276183,human
2835331538,u2835331538,bot
2835431208,u2835431208,human
2835646938,u2835646938,bot
2835989799,u2835989799,human
2836111214,u2836111214,human
2836365556,u2836365556,bot
2838767611,u2838767611,human
2839205149,u2839205149,bot
2839641540,u2839641540,bot
2840669666,u2840669666,bot
2841002971,u2841002971,bot
2841191843,u2841191843,bot
2842282942,u2842282942,human
2842298930,u2842298930,human
2842853434,u2842853434,human
2845262875,u2845262875,bot
2845804535,u2845804535,bot
2846098326,u2846098326,human
2847665497,u2847665497,bot
2848235693,u2848235693,bot
2848795260,u2848795260,bot
2849685891,u2849685891,bot
2850038662,u2850038662,human
2850640496,u2850640496,human
2852146471,u2852146471,bot
2856722782,u2856722782,bot
2856963192,u2856963192,human
2857781636,u2857781636,bot
2858773839,u2858773839,human
2859009708,u2859009708,bot
2859135501,u2859135501,bot
2859456143,u2859456143,human
2860160796,u2860160796,human
2861885948,u2861885948,bot
2862906299,u2862906299,human
2863408140,u2863408140,bot
2863584259,u2863584259,human
2863759950,u2863759950,bot
2864379694,u2864379694,human
2865100348,u2865100348,bot
2865358737,u2865358737,bot
2867228188,u2867228188,bot
2867945827,u2867945827,human
2868192455,u2868192455,bot
2869101210,u2869101210,human
2869825197,u2869825197,human
2871094552,u2871094552,human
2871309116,u2871309116,bot
2871497139,u2871497139,bot
2872029575,u2872029575,human
2872518186,u2872518186,bot
2873801632,u2873801632,human
2873876122,u2873876122,human
2874132451,u2874132451,bot
2874886847,u2874886847,bot
2875081251,u2875081251,human
2875350654,u2875350654,human
2875793935,u2875793935,bot
2875900952,u2875900952,bot
2875942321,u2875942321,human
2876314569,u2876314569,bot
2877152247,u2877152247,bot
2878419366,u2878419366,bot
2878552400,u2878552400,human
2878971696,u2878971696,bot
2879631270,u2879631270,human
2879710385,u2879710385,bot
2879878261,u2879878261,human
2880905121,u2880905121,bot
2881040745,u2881040745,human
2882501298,u2882501298,human
2882519132,u2882519132,bot
2883160116,u2883160116,bot
2883341258,u2883341258,human
2883376708,u2883376708,human
2883475954,u2883475954,bot
2883654208,u2883654208,bot
2883966090,u2883966090,bot
2885229365,u2885229365,human
2885746899,u2885746899,bot
2886337191,u2886337191,human
2886531131,u2886531131,bot
2886972634,u2886972634,human
2887146386,u2887146386,human
2887801551,u2887801551,bot
2888659436,u2888659436,human
2888895350,u2888895350,human
2889152297,u2889152297,bot
2889468091,u2889468091,human
2890770580,u2890770580,human
2891875220,u2891875220,bot
2892235070,u2892235070,human
2893302211,u2893302211,human
2893927442,u2893927442,human
2895499182,u2895499182,human
2895891376,u2895891376,bot
2896065555,u2896065555,human
2897757312,u2897757312,bot
2898645766,u2898645766,bot
2899750038,u2899750038,bot
2899841136,u2899841136,bot
2900173157,u2900173157,human
2900275092,u2900275092,bot
2901094842,u2901094842,human
2901907736,u2901907736,human
2901999621,u2901999621,bot
2902199347,u2902199347,bot
2902674561,u2902674561,bot
2903315853,u2903315853,bot
2903355145,u2903355145,bot
2904119230,u2904119230,bot
2904254896,u2904254896,human
2904492015,u2904492015,bot
2904622814,u2904622814,human
2905415489,u2905415489,human
2905437920,u2905437920,bot
2905559096,u2905559096,human
2907774137,u2907774137,human
2907896822,u2907896822,bot
2909818276,u2909818276,bot
2909910787,u2909910787,bot
2909940069,u2909940069,bot
2910350817,u2910350817,human
2910544322,u2910544322,bot
2911697875,u2911697875,bot
2912355383,u2912355383,bot
2913320932,u2913320932,bot
2913452195,u2913452195,bot
2913673125,u2913673125,human
2914424047,u2914424047,bot
2915469342,u2915469342,bot
2920075966,u2920075966,human
2920350723,u2920350723,human
2920741927,u2920741927,bot
2920980588,u2920980588,bot
2922562563,u2922562563,human
2922906617,u2922906617,human
2922928743,u2922928743,human
2923160481,u2923160481,bot
2923371311,u2923371311,human
2923738928,u2923738928,human
2924437942,u2924437942,human
2924521080,u2924521080,human
2925413505,u2925413505,bot
2925747669,u2925747669,bot
2926600152,u2926600152,human
2927657345,u2927657345,bot
2929130079,u2929130079,bot
2929239658,u2929239658,human
2929544170,u2929544170,bot
2930156653,u2930156653,human
2932695386,u2932695386,human
2934250753,u2934250753,human
2934428344,u2934428344,human
2935607927,u2935607927,human
2936495493,u2936495493,bot
2936733264,u2936733264,bot
2937681905,u2937681905,bot
2938616182,u2938616182,bot
2938624672,u2938624672,human
2938937750,u2938937750,bot
2939998182,u2939998182,human
2941221501,u2941221501,bot
2942191204,u2942191204,bot
2943088202,u2943088202,human
2943507101,u2943507101,human
2944874032,u2944874032,bot
2945540118,u2945540118,human
2947218268,u2947218268,bot
2949773806,u2949773806,bot
2951213198,u2951213198,bot
2952682803,u2952682803,bot
2952968411,u2952968411,bot
2953298457,u2953298457,bot
2953396630,u2953396630,human
2953912113,u2953912113,human
2955712581,u2955712581,human
2956121356,u2956121356,human
2956797953,u2956797953,human
2957050783,u2957050783,human
2958465670,u2958465670,bot
2959017240,u2959017240,bot
2960488058,u2960488058,bot
2961710198,u2961710198,human
2962443429,u2962443429,human
2963731179,u2963731179,human
2964769877,u2964769877,bot
2966334616,u2966334616,bot
2967455656,u2967455656,human
2967901949,u2967901949,human
2968574217,u2968574217,human
2968747193,u2968747193,human
2970742728,u2970742728,bot
2970935287,u2970935287,bot
2971164941,u2971164941,bot
2971821172,u2971821172,bot
2973599231,u2973599231,bot
2974453288,u2974453288,human
2974711810,u2974711810,human
2974719906,u2974719906,human
2975317001,u2975317001,bot
2975579890,u2975579890,human
2977814397,u2977814397,human
2978037598,u2978037598,bot
2978849194,u2978849194,bot
2979646870,u2979646870,bot
2979867929,u2979867929,bot
2981339895,u2981339895,human
2981346897,u2981346897,human
2981968107,u2981968107,human
2982269822,u2982269822,human
2983087740,u2983087740,bot
2983642501,u2983642501,bot
2984496274,u2984496274,bot
2984900423,u2984900423,bot
2984950415,u2984950415,bot
2985238359,u2985238359,human
2985639924,u2985639924,human
2985654401,u2985654401,human
2985862971,u2985862971,bot
2987824674,u2987824674,bot
2988618831,u2988618831,bot
2989269790,u2989269790,human
2990458168,u2990458168,human
2990629754,u2990629754,human
2990638741,u2990638741,bot
2990977834,u2990977834,bot
2991299497,u2991299497,human
2992610139,u2992610139,human
2993283127,u2993283127,human
2994523533,u2994523533,bot
2994715837,u2994715837,bot
2994945033,u2994945033,bot
2995155201,u2995155201,human
2997615499,u2997615499,bot
2999698870,u2999698870,bot
2999992556,u2999992556,human
3000567936,u3000567936,bot
3000814276,u3000814276,human
3002060437,u3002060437,bot
3002226652,u3002226652,bot
3003341273,u3003341273,human
3003743254,u3003743254,human
3003951169,u3003951169,human
3003964979,u3003964979,bot
3004086383,u3004086383,human
3004553628,u3004553628,bot
3006068794,u3006068794,bot
3006318438,u3006318438,human
3006357507,u3006357507,human
3010502138,u3010502138,bot
3010544743,u3010544743,human
3010686120,u3010686120,human
3011056362,u3011056362,bot
3011623795,u3011623795,human
3012193654,u3012193654,human
3012909315,u3012909315,bot
3013038220,u3013038220,human
3014076511,u3014076511,bot
3014190327,u3014190327,human
3014491107,u3014491107,human
3015890978,u3015890978,bot
3016557534,u3016557534,human
3016661977,u3016661977,bot
3017753586,u3017753586,bot
3017887065,u3017887065,human
3018190461,u3018190461,bot
3018252251,u3018252251,human
3019144513,u3019144513,bot
3019818430,u3019818430,bot
3020131004,u3020131004,bot
3022130590,u3022130590,bot
3023072408,u3023072408,bot
3024767848,u3024767848,human
3024789041,u3024789041,bot
3024928412,u3024928412,bot
3025012742,u3025012742,human
3025143731,u3025143731,human
3025704317,u3025704317,bot
3025719637,u3025719637,bot
3025942030,u3025942030,bot
3026207993,u3026207993,bot
3026892720,u3026892720,bot
3027007946,u3027007946,bot
3031050899,u3031050899,bot
3031483110,u3031483110,bot
3031778319,u3031778319,bot
3032082945,u3032082945,bot
3033830972,u3033830972,human
3033869396,u3033869396,human
3034916907,u3034916907,human
3036013565,u3036013565,bot
3037070976,u3037070976,human
3037813365,u3037813365,bot
3037921451,u3037921451,bot
3038041326,u3038041326,bot
3038983743,u3038983743,bot
3039118167,u3039118167,bot
3039231854,u3039231854,bot
3039467861,u3039467861,human
3040047224,u3040047224,bot
3041574341,u3041574341,bot
3042470970,u3042470970,human
3043492144,u3043492144,bot
3044717775,u3044717775,bot
3044985568,u3044985568,bot
3046908806,u3046908806,human
3048582929,u3048582929,bot
3048596779,u3048596779,human
3049213968,u3049213968,human
3050205531,u3050205531,human
3050241350,u3050241350,bot
3052045660,u3052045660,human
3052798810,u3052798810,bot
3053097528,u3053097528,human
3053530565,u3053530565,bot
3053651441,u3053651441,human
3054344553,u3054344553,bot
3054361064,u3054361064,human
3056394376,u3056394376,human
3056731564,u3056731564,human
3059155432,u3059155432,human
3060075937,u3060075937,bot
3060082442,u3060082442,bot
3060478797,u3060478797,bot
3060573952,u3060573952,human
3061315280,u3061315280,human
3063724193,u3063724193,bot
3063766428,u3063766428,bot
3063892619,u3063892619,human
3063924069,u3063924069,bot
3064320599,u3064320599,human
3065485428,u3065485428,bot
3065891650,u3065891650,human
3068537321,u3068537321,bot
3068835433,u3068835433,bot
3071128474,u3071128474,bot
3071586742,u3071586742,bot
3071914261,u3071914261,bot
3074142448,u3074142448,human
3074868986,u3074868986,human
3075571728,u3075571728,human
3075691109,u3075691109,bot
3078067566,u3078067566,bot
3078395160,u3078395160,human
3079387254,u3079387254,human
3079463050,u3079463050,human
3079891912,u3079891912,human
3081558205,u3081558205,human
3081774910,u3081774910,bot
3082871337,u3082871337,human
3083825464,u3083825464,human
3086903788,u3086903788,human
3086938095,u3086938095,bot
3087027947,u3087027947,bot
3087556127,u3087556127,bot
3087557736,u3087557736,bot
3087685677,u3087685677,bot
3089098794,u3089098794,human
3090159397,u3090159397,bot
3090371191,u3090371191,bot
3091935836,u3091935836,bot
3092005252,u3092005252,bot
3092134465,u3092134465,bot
3092518100,u3092518100,bot
3092522633,u3092522633,human
3092528122,u3092528122,bot
3092582488,u3092582488,human
3092696991,u3092696991,bot
3093242123,u3093242123,human
3093525213,u3093525213,bot
3094342519,u3094342519,human
3094649957,u3094649957,human
3095738459,u3095738459,bot
3095809183,u3095809183,human
3095842728,u3095842728,bot
3096586910,u3096586910,bot
3096816535,u3096816535,bot
3097146719,u3097146719,human
3098162165,u3098162165,bot
3098354966,u3098354966,bot
3099560412,u3099560412,human
3101542833,u3101542833,human
3101588527,u3101588527,human
3104269506,u3104269506,bot
3104284616,u3104284616,bot
3105132380,u3105132380,bot
3107139062,u3107139062,bot
3107988794,u3107988794,bot
3108033410,u3108033410,human
3108461956,u3108461956,bot
3108863586,u3108863586,bot
3110243971,u3110243971,bot
3110276196,u3110276196,bot
3110372472,u3110372472,bot
3110754472,u3110754472,bot
3111429321,u3111429321,human
3112950839,u3112950839,bot
3115003452,u3115003452,bot
3115446404,u3115446404,human
3116066883,u3116066883,bot
3116332259,u3116332259,bot
3117671981,u3117671981,human
3118474635,u3118474635,human
3119040953,u3119040953,bot
3120661606,u3120661606,bot
3121251977,u3121251977,bot
3123214253,u3123214253,bot
3123236815,u3123236815,bot
3123751658,u3123751658,bot
3124287693,u3124287693,bot
3127947520,u3127947520,bot
3128688292,u3128688292,human
3128958933,u3128958933,bot
3130630774,u3130630774,human
3131376376,u3131376376,bot
3131573463,u3131573463,bot
3132018487,u3132018487,bot
3134039644,u3134039644,human
3135485645,u3135485645,human
3138637447,u3138637447,human
3139490298,u3139490298,bot
3141985139,u3141985139,human
3142349846,u3142349846,bot
3142863603,u3142863603,bot
3144664041,u3144664041,bot
3144877333,u3144877333,bot
3146085608,u3146085608,human
3146471452,u3146471452,bot
3149487047,u3149487047,bot
3150092611,u3150092611,bot
3152477810,u3152477810,bot
3153574948,u3153574948,bot
3154008365,u3154008365,bot
3158071445,u3158071445,human
3159240969,u3159240969,human
3160713703,u3160713703,human
3160933567,u3160933567,bot
3162054026,u3162054026,human
3162144476,u3162144476,bot
3162262183,u3162262183,bot
3163141466,u3163141466,bot
3164767448,u3164767448,bot
3165098208,u3165098208,bot
3166125738,u3166125738,bot
3166330969,u3166330969,bot
3166457783,u3166457783,bot
3167290661,u3167290661,bot
3167496323,u3167496323,bot
3167778757,u3167778757,human
3167993605,u3167993605,bot
3168085350,u3168085350,bot
3168263076,u3168263076,bot
3168680250,u3168680250,bot
3168785813,u3168785813,bot
3169652667,u3169652667,bot
3169721291,u3169721291,bot
3169916217,u3169916217,human
3169963433,u3169963433,human
3171150979,u3171150979,human
3173416207,u3173416207,bot
3176239377,u3176239377,human
3178310229,u3178310229,bot
3180671605,u3180671605,human
3183456849,u3183456849,human
3185512585,u3185512585,human
3187309338,u3187309338,bot
3187616987,u3187616987,human
3187884921,u3187884921,human
3188480306,u3188480306,bot
3188723094,u3188723094,bot
3189990679,u3189990679,bot
3191821027,u3191821027,bot
3191865330,u3191865330,bot
3192737971,u3192737971,bot
3196230327,u3196230327,human
3197017998,u3197017998,human
3201570519,u3201570519,bot
3207390748,u3207390748,bot
3208852132,u3208852132,bot
3212706501,u3212706501,human
3213737156,u3213737156,bot
3214498797,u3214498797,human
3215140937,u3215140937,bot
3218244202,u3218244202,human
3219188982,u3219188982,bot
3221284878,u3221284878,bot
3221406620,u3221406620,bot
3223903062,u3223903062,human
3224063257,u3224063257,human
3224500311,u3224500311,human
3224592455,u3224592455,bot
3224623859,u3224623859,bot
3224988343,u3224988343,human
3225530490,u3225530490,human
3225863298,u3225863298,human
3226122551,u3226122551,bot
3226162437,u3226162437,bot
3226551999,u3226551999,bot
3227556940,u3227556940,bot
3227709156,u3227709156,bot
3228486315,u3228486315,human
3230379291,u3230379291,bot
3230813689,u3230813689,bot
3231517596,u3231517596,bot
3232828608,u3232828608,human
3232924232,u3232924232,human
3233725030,u3233725030,human
3233891354,u3233891354,human
3234144047,u3234144047,human
3234171607,u3234171607,bot
3234201314,u3234201314,bot
3234756518,u3234756518,bot
3235265588,u3235265588,human
3235933119,u3235933119,bot
3236013371,u3236013371,human
3236217765,u3236217765,bot
3237848623,u3237848623,human
3239066580,u3239066580,human
3239278163,u3239278163,bot
3239963093,u3239963093,bot
3240385912,u3240385912,bot
3240859366,u3240859366,human
3241172629,u3241172629,bot
3242142868,u3242142868,bot
3242149807,u3242149807,bot
3242948498,u3242948498,human
3243468971,u3243468971,human
3244043994,u3244043994,bot
3245129953,u3245129953,human
3245552196,u3245552196,bot
3246247247,u3246247247,bot
3246253868,u3246253868,human
3246765082,u3246765082,bot
3248669685,u3248669685,bot
3248753545,u3248753545,human
3248845414,u3248845414,human
3249271969,u3249271969,bot
3251931329,u3251931329,human
3252463739,u3252463739,human
3253601921,u3253601921,bot
3254857712,u3254857712,human
3256715028,u3256715028,bot
3256868952,u3256868952,bot
3257225780,u3257225780,bot
3258014478,u3258014478,bot
3258061375,u3258061375,bot
3258222633,u3258222633,human
3259442426,u3259442426,human
3261072266,u3261072266,bot
3262723722,u3262723722,human
3262800187,u3262800187,human
3271587427,u3271587427,human
3271683685,u3271683685,bot
3272813330,u3272813330,bot
3272914284,u3272914284,bot
3274643478,u3274643478,human
3275247408,u3275247408,human
3276885486,u3276885486,bot
3278749520,u3278749520,bot
3280763528,u3280763528,bot
3282487556,u3282487556,bot
3283670366,u3283670366,bot
3285119581,u3285119581,human
3285328814,u3285328814,human
3285965604,u3285965604,bot
3286212547,u3286212547,human
3287999704,u3287999704,human
3289388736,u3289388736,bot
3289451782,u3289451782,bot
3289945347,u3289945347,human
3289968268,u3289968268,bot
3290195085,u3290195085,bot
3290392330,u3290392330,bot
3290526443,u3290526443,human
3290544489,u3290544489,bot
3291305583,u3291305583,bot
3291306041,u3291306041,human
3291760994,u3291760994,bot
3292745711,u3292745711,human
3293011687,u3293011687,human
3294352751,u3294352751,bot
3294512643,u3294512643,human
3295074641,u3295074641,human
3297045461,u3297045461,bot
3297475706,u3297475706,human
3297793690,u3297793690,bot
3297876381,u3297876381,bot
3299003362,u3299003362,bot
3299485205,u3299485205,bot
3299882803,u3299882803,bot
3300258209,u3300258209,bot
3301106409,u3301106409,human
3301237148,u3301237148,human
3301643341,u3301643341,bot
3301768225,u3301768225,human
3301884766,u3301884766,human
3302377120,u3302377120,bot
3302594456,u3302594456,bot
3302818361,u3302818361,bot
3302903935,u3302903935,bot
3302967441,u3302967441,bot
3303163697,u3303163697,human
3303695877,u3303695877,bot
3303758744,u3303758744,bot
3303974052,u3303974052,bot
3304478315,u3304478315,human
3304548477,u3304548477,human
3304925983,u3304925983,human
3304964327,u3304964327,bot
3305395701,u3305395701,human
3305783419,u3305783419,bot
3306688947,u3306688947,bot
3307276270,u3307276270,human
3307406161,u3307406161,bot
3307710034,u3307710034,human
3308142276,u3308142276,human
3308228529,u3308228529,bot
3308366893,u3308366893,bot
3308597723,u3308597723,human
3309054455,u3309054455,bot
3309110927,u3309110927,human
3309375033,u3309375033,human
3309626503,u3309626503,bot
3309825223,u3309825223,bot
3310124382,u3310124382,human
3311009115,u3311009115,human
3312108981,u3312108981,human
3313667909,u3313667909,human
3313698122,u3313698122,human
3313910506,u3313910506,human
3314048909,u3314048909,human
3314732624,u3314732624,bot
3315395267,u3315395267,bot
3315496315,u3315496315,human
3316358742,u3316358742,bot
3316439506,u3316439506,bot
3317513744,u3317513744,human
3317684734,u3317684734,bot
3317762095,u3317762095,bot
3318135438,u3318135438,bot
3318185437,u3318185437,human
3318648305,u3318648305,bot
3319213977,u3319213977,bot
3319680269,u3319680269,human
3319725731,u3319725731,bot
3320357362,u3320357362,bot
3321159693,u3321159693,human
3321767260,u3321767260,bot
3322072414,u3322072414,bot
3322477663,u3322477663,bot
3322844033,u3322844033,bot
3322912486,u3322912486,bot
3323276593,u3323276593,human
3323294862,u3323294862,bot
3324033249,u3324033249,human
3327553149,u3327553149,bot
3327709735,u3327709735,bot
3330707206,u3330707206,bot
3331113269,u3331113269,human
3331173117,u3331173117,bot
3331382073,u3331382073,bot
3331399473,u3331399473,bot
3332757976,u3332757976,human
3332950005,u3332950005,bot
3333256966,u3333256966,human
3335731978,u3335731978,bot
3336693958,u3336693958,human
3336873793,u3336873793,bot
3338970794,u3338970794,human
3339061714,u3339061714,bot
3341083798,u3341083798,bot
3341947834,u3341947834,human
3342354323,u3342354323,bot
3342969351,u3342969351,bot
3343222966,u3343222966,human
3343873882,u3343873882,bot
3343944244,u3343944244,bot
3344556981,u3344556981,bot
3344705062,u3344705062,bot
3344897053,u3344897053,human
3345484378,u3345484378,human
3346820638,u3346820638,human
3347594416,u3347594416,bot
3347652921,u3347652921,bot
3348185856,u3348185856,human
3350938264,u3350938264,bot
3351632566,u3351632566,human
3351905752,u3351905752,bot
3352322069,u3352322069,human
3352671022,u3352671022,human
3356441181,u3356441181,bot
3359217867,u3359217867,human
3360138916,u3360138916,bot
3361224957,u3361224957,bot
3361669804,u3361669804,bot
3362748339,u3362748339,bot
3363584909,u3363584909,human
3363735159,u3363735159,human
3364415807,u3364415807,bot
3365526887,u3365526887,human
3367334171,u3367334171,human
3367834983,u3367834983,human
3369334785,u3369334785,bot
3369549951,u3369549951,bot
3370660264,u3370660264,bot
3372730900,u3372730900,bot
3374008517,u3374008517,bot
3376778776,u3376778776,bot
3377536221,u3377536221,bot
3377846824,u3377846824,human
3378202870,u3378202870,bot
3379300332,u3379300332,human
3379820897,u3379820897,bot
3380227330,u3380227330,human
3380886305,u3380886305,bot
3384328197,u3384328197,human
3385726509,u3385726509,bot
3386978961,u3386978961,human
3387013282,u3387013282,human
3388708780,u3388708780,human
3390071746,u3390071746,human
3390502168,u3390502168,bot
3390591063,u3390591063,human
3390988517,u3390988517,bot
3392703478,u3392703478,human
3393237673,u3393237673,human
3393742396,u3393742396,bot
3394733789,u3394733789,bot
3395534152,u3395534152,human
3397663229,u3397663229,human
3400698239,u3400698239,bot
3401470906,u3401470906,human
3403277572,u3403277572,bot
3405077008,u3405077008,bot
3408606059,u3408606059,human
3409898008,u3409898008,human
3410166105,u3410166105,bot
3411436169,u3411436169,bot
3412052653,u3412052653,human
3412135167,u3412135167,bot
3416829412,u3416829412,human
3418179562,u3418179562,bot
3422200198,u3422200198,human
3422312704,u3422312704,bot
3423735975,u3423735975,human
3424399408,u3424399408,human
3424848581,u3424848581,human
3425661267,u3425661267,bot
3425900182,u3425900182,human
3425918409,u3425918409,bot
3427978475,u3427978475,human
3428281505,u3428281505,human
3429057748,u3429057748,human
3429542111,u3429542111,bot
3430194303,u3430194303,bot
3430269892,u3430269892,human
3431488572,u3431488572,human
3431897752,u3431897752,bot
3432963977,u3432963977,bot
3432995254,u3432995254,bot
3433871607,u3433871607,bot
3434662733,u3434662733,human
3437798182,u3437798182,human
3441046759,u3441046759,bot
3447877814,u3447877814,bot
3448709243,u3448709243,bot
3449208083,u3449208083,bot
3452096893,u3452096893,bot
3457000157,u3457000157,bot
3460735528,u3460735528,human
3462961514,u3462961514,bot
3467931076,u3467931076,human
3473022974,u3473022974,bot
3481170672,u3481170672,bot
3491698636,u3491698636,bot
3500548875,u3500548875,bot
3511430425,u3511430425,human
3515085202,u3515085202,human
3525077237,u3525077237,human
3526187903,u3526187903,human
3526463908,u3526463908,bot
3534920933,u3534920933,bot
3544081159,u3544081159,bot
3545535928,u3545535928,bot
3561566772,u3561566772,human
3565141937,u3565141937,human
3568748296,u3568748296,human
3571029740,u3571029740,bot
3573010994,u3573010994,bot
3573287841,u3573287841,bot
3575360353,u3575360353,bot
3585328340,u3585328340,bot
3589968563,u3589968563,human
3593120232,u3593120232,human
3605919437,u3605919437,bot
3606002352,u3606002352,bot
3610739003,u3610739003,bot
3618354350,u3618354350,bot
3620096115,u3620096115,bot
3624591555,u3624591555,human
3631604417,u3631604417,bot
3634881197,u3634881197,human
3636502754,u3636502754,bot
3647740459,u3647740459,human
3650487322,u3650487322,human
3653118738,u3653118738,bot
3654439995,u3654439995,human
3657047482,u3657047482,bot
3658451472,u3658451472,bot
3659641456,u3659641456,human
3660744859,u3660744859,bot
3664677855,u3664677855,bot
3667255697,u3667255697,bot
3670178534,u3670178534,bot
3678521655,u3678521655,human
3678834378,u3678834378,bot
3682599017,u3682599017,human
3686545036,u3686545036,human
3687721995,u3687721995,human
3689006533,u3689006533,bot
3691052780,u3691052780,human
3697013177,u3697013177,human
3710097683,u3710097683,human
3710398278,u3710398278,bot
3715501394,u3715501394,bot
3719034443,u3719034443,bot
3725655197,u3725655197,human
3725665577,u3725665577,human
3728294178,u3728294178,bot
3728484432,u3728484432,bot
3728951472,u3728951472,human
3730019716,u3730019716,human
3730648282,u3730648282,bot
3733312943,u3733312943,bot
3736612100,u3736612100,bot
3741979273,u3741979273,human
3742460654,u3742460654,bot
3743398212,u3743398212,human
3747626133,u3747626133,human
3748065977,u3748065977,bot
3748323194,u3748323194,bot
3750663497,u3750663497,bot
3752217136,u3752217136,bot
3762482423,u3762482423,human
3773563634,u3773563634,bot
3775360879,u3775360879,human
3783264673,u3783264673,human
3802705181,u3802705181,human
3804459856,u3804459856,bot
3805219155,u3805219155,bot
3806029277,u3806029277,bot
3806229853,u3806229853,bot
3812415620,u3812415620,human
3813896679,u3813896679,bot
3819442460,u3819442460,human
3826243702,u3826243702,human
3826634662,u3826634662,bot
3828327323,u3828327323,bot
3832109234,u3832109234,bot
3833554875,u3833554875,bot
3835806853,u3835806853,bot
3836199688,u3836199688,human
3838287732,u3838287732,human
3840603915,u3840603915,human
3840969983,u3840969983,human
3842925988,u3842925988,bot
3843733696,u3843733696,human
3852089894,u3852089894,bot
3855729382,u3855729382,human
3860269577,u3860269577,bot
3861332363,u3861332363,bot
3862592758,u3862592758,human
3866529553,u3866529553,bot
3872933415,u3872933415,human
3873335000,u3873335000,bot
3883954582,u3883954582,bot
3890280383,u3890280383,bot
3890738241,u3890738241,bot
3892541605,u3892541605,bot
3892758880,u3892758880,bot
3898931595,u3898931595,bot
3902122445,u3902122445,bot
3902889327,u3902889327,bot
3904993392,u3904993392,bot
3911388029,u3911388029,bot
3915253634,u3915253634,human
3918267753,u3918267753,bot
3919171420,u3919171420,human
3926900913,u3926900913,bot
3929773355,u3929773355,human
3935828893,u3935828893,human
3948308435,u3948308435,human
3949422257,u3949422257,human
3953367365,u3953367365,bot
3953717129,u3953717129,bot
3957817872,u3957817872,human
3958302737,u3958302737,bot
3958405758,u3958405758,human
3959119450,u3959119450,bot
3969170837,u3969170837,human
3989248213,u3989248213,bot
3994652050,u3994652050,human
3995717735,u3995717735,human
4005934334,u4005934334,bot
4009869622,u4009869622,bot
4015946477,u4015946477,human
4018395023,u4018395023,human
4021650673,u4021650673,bot
4022761579,u4022761579,bot
4024721255,u4024721255,human
4025059012,u4025059012,human
4030163112,u4030163112,bot
4038190455,u4038190455,bot
4041507679,u4041507679,bot
4041824789,u4041824789,human
4042702817,u4042702817,human
4049143985,u4049143985,bot
4049149515,u4049149515,human
4051271535,u4051271535,human
4061198532,u4061198532,human
4068347835,u4068347835,human
4068616573,u4068616573,bot
4069461267,u4069461267,bot
4071778817,u4071778817,bot
4075161765,u4075161765,bot
4076775635,u4076775635,bot
4084877788,u4084877788,human
4089122013,u4089122013,human
4097386216,u4097386216,bot
4109659955,u4109659955,bot
4111988417,u4111988417,bot
4117972163,u4117972163,bot
4120985057,u4120985057,human
4125868813,u4125868813,bot
4126122674,u4126122674,bot
4126378300,u4126378300,bot
4128537492,u4128537492,bot
4142639176,u4142639176,bot
4148042355,u4148042355,human
4148449455,u4148449455,bot
4148772493,u4148772493,bot
4149757972,u4149757972,bot
4151979620,u4151979620,bot
4157477135,u4157477135,bot
4159171732,u4159171732,human
4163900453,u4163900453,bot
4172212900,u4172212900,bot
4175657833,u4175657833,bot
4175956265,u4175956265,bot
4180791095,u4180791095,human
4182338231,u4182338231,bot
4190966068,u4190966068,bot
4199649639,u4199649639,bot
4205582915,u4205582915,bot
4205706912,u4205706912,bot
4210880775,u4210880775,bot
4217492261,u4217492261,bot
4218360677,u4218360677,human
4220984952,u4220984952,bot
4221272169,u4221272169,human
4238564410,u4238564410,bot
4244069833,u4244069833,bot
4244466831,u4244466831,bot
4249565567,u4249565567,bot
4250736093,u4250736093,bot
4268836967,u4268836967,bot
4274691915,u4274691915,human
4289106281,u4289106281,human
4289971703,u4289971703,bot
4297118415,u4297118415,bot
4303298356,u4303298356,human
4306715188,u4306715188,human
4307032575,u4307032575,bot
4311016395,u4311016395,human
4315713973,u4315713973,bot
4319296344,u4319296344,human
4337530942,u4337530942,human
4359789076,u4359789076,bot
4360481296,u4360481296,bot
4363150512,u4363150512,human
4375683675,u4375683675,human
4392955575,u4392955575,bot
4398278787,u4398278787,human
4399175235,u4399175235,bot
4413478512,u4413478512,bot
4415805073,u4415805073,human
4417285579,u4417285579,bot
4417467569,u4417467569,bot
4420065495,u4420065495,bot
4424685134,u4424685134,human
4426466854,u4426466854,bot
4430022094,u4430022094,bot
4433557275,u4433557275,bot
4438412549,u4438412549,bot
4443992007,u4443992007,bot
4447496302,u4447496302,bot
4455308832,u4455308832,bot
4484652100,u4484652100,bot
4490396355,u4490396355,human
4497365419,u4497365419,bot
4516893455,u4516893455,bot
4523325693,u4523325693,bot
4525199560,u4525199560,human
4534589428,u4534589428,human
4534608320,u4534608320,human
4537696110,u4537696110,bot
4542801089,u4542801089,bot
4543078576,u4543078576,bot
4544245579,u4544245579,bot
4549119314,u4549119314,bot
4551643789,u4551643789,human
4553997675,u4553997675,human
4558044792,u4558044792,bot
4558932373,u4558932373,human
4559961313,u4559961313,human
4561161202,u4561161202,human
4566832581,u4566832581,human
4576420035,u4576420035,bot
4580617828,u4580617828,bot
4587677361,u4587677361,bot
4596260174,u4596260174,bot
4599599442,u4599599442,bot
4604114597,u4604114597,bot
4615806555,u4615806555,bot
4619926278,u4619926278,human
4626588101,u4626588101,bot
4644707247,u4644707247,bot
4646156380,u4646156380,bot
4646713769,u4646713769,human
4655995696,u4655995696,bot
4658134513,u4658134513,human
4667591756,u4667591756,human
4674734580,u4674734580,human
4675338319,u4675338319,bot
4682100312,u4682100312,human
4687560121,u4687560121,bot
4687801640,u4687801640,human
4688688218,u4688688218,human
4690816302,u4690816302,human
4690897274,u4690897274,human
4692297438,u4692297438,bot
4693655024,u4693655024,human
4698356774,u4698356774,bot
4702650451,u4702650451,human
4707090568,u4707090568,bot
4707876014,u4707876014,bot
4708128828,u4708128828,bot
4716718512,u4716718512,human
4719782571,u4719782571,bot
4723596331,u4723596331,human
4723934657,u4723934657,bot
4725768919,u4725768919,human
4730583802,u4730583802,human
4731316813,u4731316813,bot
4735805294,u4735805294,bot
4737606515,u4737606515,human
4738006500,u4738006500,human
4738598791,u4738598791,bot
4739320889,u4739320889,human
4740672132,u4740672132,bot
4741834707,u4741834707,human
4746935776,u4746935776,bot
4751947999,u4751947999,bot
4763858353,u4763858353,human
4763942892,u4763942892,human
4765364386,u4765364386,human
4767193469,u4767193469,human
4767381941,u4767381941,bot
4767568855,u4767568855,bot
4767659191,u4767659191,bot
4776752134,u4776752134,human
4777814309,u4777814309,human
4778117175,u4778117175,human
4783690002,u4783690002,human
4794180146,u4794180146,bot
4795670259,u4795670259,human
4800642015,u4800642015,bot
4800747961,u4800747961,bot
4802175765,u4802175765,human
4805005719,u4805005719,bot
4809822682,u4809822682,bot
4811379346,u4811379346,human
4814250417,u4814250417,bot
4815017752,u4815017752,bot
4818468094,u4818468094,human
4820804277,u4820804277,human
4821628500,u4821628500,human
4823364634,u4823364634,human
4823667507,u4823667507,bot
4824409834,u4824409834,bot
4824486599,u4824486599,bot
4824869535,u4824869535,bot
4825225218,u4825225218,bot
4825398551,u4825398551,bot
4825481213,u4825481213,bot
4826209539,u4826209539,human
4827409395,u4827409395,human
4829335510,u4829335510,bot
4831459699,u4831459699,bot
4832426679,u4832426679,bot
4833056519,u4833056519,human
4833067575,u4833067575,bot
4833090921,u4833090921,human
4835251577,u4835251577,human
4838080055,u4838080055,human
4840178752,u4840178752,bot
4842888313,u4842888313,bot
4843248123,u4843248123,bot
4843731243,u4843731243,bot
4843948528,u4843948528,bot
4844184915,u4844184915,bot
4844352312,u4844352312,human
4846242670,u4846242670,bot
4846407964,u4846407964,bot
4850430791,u4850430791,bot
4853479961,u4853479961,bot
4853965371,u4853965371,human
4854028280,u4854028280,bot
4855602651,u4855602651,human
4857336980,u4857336980,human
4857465641,u4857465641,bot
4857888203,u4857888203,bot
4858602611,u4858602611,human
4859166478,u4859166478,bot
4859599821,u4859599821,human
4859777525,u4859777525,human
4860680813,u4860680813,human
4861510534,u4861510534,bot
4861598420,u4861598420,bot
4863031389,u4863031389,bot
4863548391,u4863548391,bot
4864783477,u4864783477,bot
4865114985,u4865114985,bot
4866165495,u4866165495,human
4870109967,u4870109967,bot
4870750696,u4870750696,bot
4871724407,u4871724407,human
4871766076,u4871766076,human
4873950705,u4873950705,human
4874199171,u4874199171,human
4874292742,u4874292742,human
4875673248,u4875673248,human
4876211031,u4876211031,bot
4876511674,u4876511674,bot
4880287039,u4880287039,human
4882558840,u4882558840,bot
4883081493,u4883081493,bot
4884316995,u4884316995,bot
4885609873,u4885609873,bot
4885734357,u4885734357,bot
4889040303,u4889040303,human
4890000754,u4890000754,human
4890059224,u4890059224,bot
4892305824,u4892305824,bot
4892858675,u4892858675,bot
4895341505,u4895341505,bot
4896762159,u4896762159,bot
4897371105,u4897371105,bot
4897392827,u4897392827,bot
4897480708,u4897480708,bot
4897599847,u4897599847,human
4902546982,u4902546982,bot
4904718862,u4904718862,bot
4906493621,u4906493621,bot
4906890086,u4906890086,human
4912562445,u4912562445,bot
4914371062,u4914371062,bot
4915429864,u4915429864,bot
4917369992,u4917369992,human
4918384113,u4918384113,bot
4919333219,u4919333219,human
4920409179,u4920409179,human
4921158470,u4921158470,bot
4921614133,u4921614133,bot
694870792585240576,u694870792585240576,bot
695360370253234178,u695360370253234178,human
696770355726262273,u696770355726262273,bot
698112592250826753,u698112592250826753,bot
699204595650863104,u699204595650863104,human
699226311726755840,u699226311726755840,bot
700423347818123264,u700423347818123264,bot
700424782840516608,u700424782840516608,bot
700452609388376064,u700452609388376064,bot
700654208651931648,u700654208651931648,human
700806184182239233,u700806184182239233,human
701187509498355713,u701187509498355713,bot
701352851893784578,u701352851893784578,bot
701783933436895232,u701783933436895232,bot
701817337570271232,u701817337570271232,human
701819506553917440,u701819506553917440,human
702264372115038208,u702264372115038208,human
702273414229311489,u702273414229311489,bot
702463263708155904,u702463263708155904,bot
702856798445895680,u702856798445895680,human
703240195961847809,u703240195961847809,bot
703280263447584769,u703280263447584769,bot
703349000737435648,u703349000737435648,bot
703449628792979456,u703449628792979456,human
703468647788974080,u703468647788974080,bot
703640251378618369,u703640251378618369,human
703669166188826624,u703669166188826624,human
703967809974439938,u703967809974439938,human
703981680718172161,u703981680718172161,bot
704245272075960322,u704245272075960322,bot
704275542648819712,u704275542648819712,human
704306345646923776,u704306345646923776,bot
704317171955081216,u704317171955081216,human
704416055620276225,u704416055620276225,bot
704657222727540738,u704657222727540738,bot
704691627357507584,u704691627357507584,human
704723879156162560,u704723879156162560,bot
705359073798201344,u705359073798201344,bot
705366647985430528,u705366647985430528,bot
705392995298717697,u705392995298717697,human
705408898652639236,u705408898652639236,human
705539763349164032,u705539763349164032,human
705564459809378304,u705564459809378304,human
705850200473010178,u705850200473010178,human
705981031107526658,u705981031107526658,bot
706289722004545536,u706289722004545536,bot
706515550088929284,u706515550088929284,human
706618129749663744,u706618129749663744,human
706657845576654853,u706657845576654853,bot
706800925394997249,u706800925394997249,human
706863698976051200,u706863698976051200,human
706910608663453698,u706910608663453698,human
706913859966275585,u706913859966275585,bot
707120382394941440,u707120382394941440,human
707140218416185344,u707140218416185344,human
707186570525331457,u707186570525331457,human
707291326644097024,u707291326644097024,bot
707484470392332288,u707484470392332288,human
707486083961851904,u707486083961851904,human
707530130726453248,u707530130726453248,bot
707584830503063552,u707584830503063552,human
707685816265523201,u707685816265523201,human
707712372048326656,u707712372048326656,bot
707795850932658177,u707795850932658177,human
707831821707251713,u707831821707251713,human
707879763315036162,u707879763315036162,bot
707881648428290048,u707881648428290048,human
708015077010624513,u708015077010624513,human
709039503235616770,u709039503235616770,human
709119819883421696,u709119819883421696,human
709124101311483905,u709124101311483905,human
709151752294105089,u709151752294105089,bot
709205490341797888,u709205490341797888,bot
709213739145437184,u709213739145437184,human
709228316230705152,u709228316230705152,human
709705023605895169,u709705023605895169,bot
709747443819098112,u709747443819098112,bot
710007161280204802,u710007161280204802,bot
710212754821550080,u710212754821550080,bot
710425811925471232,u710425811925471232,human
710463119886262272,u710463119886262272,human
710496174000709632,u710496174000709632,human
710509944072757248,u710509944072757248,human
710588606771961856,u710588606771961856,bot
710606442143883265,u710606442143883265,human
710708121363046400,u710708121363046400,bot
710928824461090816,u710928824461090816,bot
711052684191731712,u711052684191731712,human
711181128355356672,u711181128355356672,bot
711923017375473664,u711923017375473664,human
712012171031420928,u712012171031420928,human
712218954240888832,u712218954240888832,human
712235001480237057,u712235001480237057,bot
712484746467520512,u712484746467520512,bot
712580569713008640,u712580569713008640,bot
712582663916236800,u712582663916236800,bot
712653126633971712,u712653126633971712,human
712696265071407104,u712696265071407104,human
712755195705483265,u712755195705483265,human
712911880642113537,u712911880642113537,bot
712926178877837312,u712926178877837312,human
713057568466153472,u713057568466153472,human
713090149609934848,u713090149609934848,human
713091816757837826,u713091816757837826,human
713189138107928577,u713189138107928577,bot
713389493076758528,u713389493076758528,human
713536486075932673,u713536486075932673,bot
713855504393617408,u713855504393617408,human
713870858125774848,u713870858125774848,bot
714135850934734849,u714135850934734849,human
714156875919532032,u714156875919532032,human
714196520388562944,u714196520388562944,human
714203308282523649,u714203308282523649,bot
714270520909307904,u714270520909307904,bot
714286688676110336,u714286688676110336,bot
714447618777202688,u714447618777202688,bot
715215516072153088,u715215516072153088,bot
715420570700095488,u715420570700095488,bot
715426143457951744,u715426143457951744,human
715841701005406208,u715841701005406208,human
715884022577119232,u715884022577119232,bot
715909745811525632,u715909745811525632,bot
715939177083211776,u715939177083211776,human
716361791471636480,u716361791471636480,human
716520630380658688,u716520630380658688,human
716576919328841728,u716576919328841728,human
716932996452990976,u716932996452990976,bot
716945431427584001,u716945431427584001,bot
716980203902341121,u716980203902341121,human
716984474001547265,u716984474001547265,human
717021859787702274,u717021859787702274,human
717339625413423104,u717339625413423104,human
717394321864015872,u717394321864015872,bot
717456558922330113,u717456558922330113,bot
717635274214400000,u717635274214400000,human
717728022011326464,u717728022011326464,bot
717925993793654784,u717925993793654784,human
718220293546897409,u718220293546897409,human
718432209712103428,u718432209712103428,human
718495181914316801,u718495181914316801,human
718554927438520320,u718554927438520320,human
718724923930316800,u718724923930316800,human
718779366134648834,u718779366134648834,human
718855947947352064,u718855947947352064,human
718915346774769664,u718915346774769664,bot
719382012407128064,u719382012407128064,bot
719479964945510400,u719479964945510400,human
719894583178575872,u719894583178575872,human
719964564167749633,u719964564167749633,human
720003716544204800,u720003716544204800,bot
720211661014048768,u720211661014048768,bot
720264122819047425,u720264122819047425,human
720387819223420928,u720387819223420928,human
720416585458933760,u720416585458933760,bot
720488153216393217,u720488153216393217,bot
720596803754795008,u720596803754795008,human
720730223541678080,u720730223541678080,bot
721050200207450112,u721050200207450112,bot
721148093123674113,u721148093123674113,bot
721309216603029504,u721309216603029504,human
721342263746510848,u721342263746510848,bot
721451316489383936,u721451316489383936,bot
721604994726633472,u721604994726633472,human
721610114403160064,u721610114403160064,bot
721686963770798080,u721686963770798080,bot
721723453041156097,u721723453041156097,human
721780141219647488,u721780141219647488,bot
721826174733684736,u721826174733684736,human
721912473092243456,u721912473092243456,bot
721940682307452928,u721940682307452928,human
721992447585337344,u721992447585337344,bot
722067485613277186,u722067485613277186,human
722123178445815808,u722123178445815808,human
722349070031986689,u722349070031986689,human
722528529716383744,u722528529716383744,human
722711827650633729,u722711827650633729,human
722750684827758592,u722750684827758592,human
723120994588626945,u723120994588626945,bot
723270639025459201,u723270639025459201,bot
723273932325965824,u723273932325965824,bot
723305366277238785,u723305366277238785,human
723379184458825728,u723379184458825728,bot
723381396295671808,u723381396295671808,human
723643103341645824,u723643103341645824,human
723651522257670144,u723651522257670144,bot
724155200097947648,u724155200097947648,human
724184714056216577,u724184714056216577,bot
724489368434565120,u724489368434565120,bot
724500636365144064,u724500636365144064,human
724604869659631616,u724604869659631616,human
724626500121706497,u724626500121706497,bot
724841631179001856,u724841631179001856,bot
725219970905456640,u725219970905456640,human
725325757589929984,u725325757589929984,human
725379434451185665,u725379434451185665,bot
725395562405703681,u725395562405703681,bot
725442233189732352,u725442233189732352,human
725654956296925184,u725654956296925184,bot
725828010490888196,u725828010490888196,human
725979000057810944,u725979000057810944,bot
726128524944355328,u726128524944355328,bot
726267360240275456,u726267360240275456,bot
726419781574885377,u726419781574885377,bot
726562242011897856,u726562242011897856,bot
726727268391878656,u726727268391878656,human
726909074672128001,u726909074672128001,bot
726942811786981376,u726942811786981376,bot
727155379772252160,u727155379772252160,human
727172376392294401,u727172376392294401,human
727320480236056576,u727320480236056576,bot
727585810178973697,u727585810178973697,bot
727689565901709312,u727689565901709312,human
728233225190027264,u728233225190027264,bot
728239682975346688,u728239682975346688,bot
728484472568610816,u728484472568610816,bot
728517343152898048,u728517343152898048,bot
728746182307160065,u728746182307160065,human
729345305632772100,u729345305632772100,bot
729349975860219904,u729349975860219904,human
729365546861498368,u729365546861498368,human
729467746006794241,u729467746006794241,human
729517590305898496,u729517590305898496,human
729614518771294210,u729614518771294210,human
729666382384619521,u729666382384619521,human
729842543228276736,u729842543228276736,human
730351973384499200,u730351973384499200,human
730408720056893440,u730408720056893440,bot
730520573701443584,u730520573701443584,human
731249155574652928,u731249155574652928,bot
731443852507222016,u731443852507222016,human
731478516181565440,u731478516181565440,human
731783723796992000,u731783723796992000,bot
731939832646242304,u731939832646242304,human
732030006226882560,u732030006226882560,bot
732032846848614400,u732032846848614400,bot
732089734923620352,u732089734923620352,bot
732110905987588096,u732110905987588096,human
732174947548864512,u732174947548864512,human
732624937295478784,u732624937295478784,bot
732642576566640640,u732642576566640640,human
732854787658633216,u732854787658633216,bot
732888188088397824,u732888188088397824,bot
732937238162505728,u732937238162505728,human
733147937677529088,u733147937677529088,bot
733491499984248832,u733491499984248832,bot
733534353108541440,u733534353108541440,human
733680190925230080,u733680190925230080,bot
733729083599794176,u733729083599794176,human
734076644449746945,u734076644449746945,bot
734653569576673280,u734653569576673280,bot
735141088047042560,u735141088047042560,bot
735497235702685697,u735497235702685697,human
735525033448210432,u735525033448210432,bot
735834024157925376,u735834024157925376,human
735872609691258880,u735872609691258880,bot
735984245806661632,u735984245806661632,human
736100258774552577,u736100258774552577,bot
736277537395904512,u736277537395904512,human
736292801902739460,u736292801902739460,bot
737089715392876544,u737089715392876544,bot
737126388403048448,u737126388403048448,bot
737584584234139648,u737584584234139648,human
737619489827749888,u737619489827749888,bot
737855483583823874,u737855483583823874,human
738082564351627265,u738082564351627265,human
738088071149785088,u738088071149785088,human
738118115595165697,u738118115595165697,human
738157842423635970,u738157842423635970,human
738306811808206848,u738306811808206848,human
738363248886566913,u738363248886566913,human
738722545638072321,u738722545638072321,human
738780572231868417,u738780572231868417,bot
738803172991373312,u738803172991373312,human
739069936019083265,u739069936019083265,human
739133515170729984,u739133515170729984,bot
739375182259888128,u739375182259888128,bot
739394173804138496,u739394173804138496,bot
740256827997294592,u740256827997294592,bot
740452459206856704,u740452459206856704,bot
740524794823770112,u740524794823770112,bot
740555370591031296,u740555370591031296,human
740565157927997441,u740565157927997441,bot
740669128193638400,u740669128193638400,bot
740920476202110976,u740920476202110976,bot
741213435224936449,u741213435224936449,human
741389628083691525,u741389628083691525,human
741502200996716544,u741502200996716544,human
741587730199511041,u741587730199511041,human
741647832415756292,u741647832415756292,human
741936276077707264,u741936276077707264,bot
742011320581640192,u742011320581640192,bot
742091629289316352,u742091629289316352,bot
742150082871582720,u742150082871582720,bot
742399574426279937,u742399574426279937,human
742684897307963393,u742684897307963393,human
742693590921555968,u742693590921555968,bot
743037910476304385,u743037910476304385,bot
743151671077928961,u743151671077928961,bot
743183254665175040,u743183254665175040,bot
743249317885009925,u743249317885009925,human
743292799286534144,u743292799286534144,bot
743581754120888320,u743581754120888320,human
743696568939753475,u743696568939753475,human
743755458976985088,u743755458976985088,human
743763819491622912,u743763819491622912,bot
743814040670056449,u743814040670056449,bot
743819000275177476,u743819000275177476,bot
743917727820058626,u743917727820058626,human
743917958527913985,u743917958527913985,human
744076104818790400,u744076104818790400,human
744260316284911616,u744260316284911616,bot
744301448721219585,u744301448721219585,bot
744465310489550848,u744465310489550848,bot
744542394058694658,u744542394058694658,bot
744854738441805824,u744854738441805824,human
744918326246203393,u744918326246203393,bot
745004005621784576,u745004005621784576,bot
745005274784751616,u745005274784751616,human
745052936951078918,u745052936951078918,human
745240964852224000,u745240964852224000,human
745294695220158464,u745294695220158464,human
745309291326865408,u745309291326865408,human
745329505745526785,u745329505745526785,bot
745618491429031936,u745618491429031936,bot
745754813577715712,u745754813577715712,bot
746072947601858560,u746072947601858560,human
746468202784428032,u746468202784428032,human
746480292983013376,u746480292983013376,bot
746726308651081728,u746726308651081728,human
747212842470891520,u747212842470891520,human
747469350714519552,u747469350714519552,bot
747487140611686401,u747487140611686401,bot
747497269302198272,u747497269302198272,bot
747512739946336256,u747512739946336256,bot
747658436133937152,u747658436133937152,human
747703114824822784,u747703114824822784,bot
747844924243083265,u747844924243083265,bot
748018641652842500,u748018641652842500,human
748166368713908224,u748166368713908224,bot
748185011191316480,u748185011191316480,human
748528569064710145,u748528569064710145,human
748558804783075328,u748558804783075328,human
749640763059933184,u749640763059933184,human
749849728662245376,u749849728662245376,bot
750020982581125120,u750020982581125120,human
750032587809288193,u750032587809288193,human
750375848419602432,u750375848419602432,human
750573837977284608,u750573837977284608,human
750931618001453056,u750931618001453056,bot
751068588686110720,u751068588686110720,human
751090044430147584,u751090044430147584,human
751245426578190336,u751245426578190336,human
751316235195969536,u751316235195969536,bot
751514872928763905,u751514872928763905,bot
751693380854439936,u751693380854439936,bot
751776051987148800,u751776051987148800,bot
751844218985865216,u751844218985865216,human
752487999800094720,u752487999800094720,human
752610984276135940,u752610984276135940,bot
752622297622671361,u752622297622671361,bot
752745768025485312,u752745768025485312,bot
752866861826600961,u752866861826600961,human
752956747292082176,u752956747292082176,bot
753057780383166464,u753057780383166464,bot
753165526566899713,u753165526566899713,human
753337720030760960,u753337720030760960,bot
753638505281097733,u753638505281097733,bot
753646988151881728,u753646988151881728,bot
753677792039079937,u753677792039079937,bot
753822924876820480,u753822924876820480,bot
753927090471333888,u753927090471333888,human
753990660823388164,u753990660823388164,bot
754479301718843392,u754479301718843392,bot
754492834242236416,u754492834242236416,bot
754496482531827712,u754496482531827712,bot
754679717194764288,u754679717194764288,bot
754735985703858178,u754735985703858178,bot
754891923127611393,u754891923127611393,bot
755122072095977473,u755122072095977473,human
755135678422327296,u755135678422327296,human
755299775298277376,u755299775298277376,bot
755362053984964609,u755362053984964609,bot
755365986757337088,u755365986757337088,human
755418403050024960,u755418403050024960,human
755487198154141696,u755487198154141696,bot
755565301744361473,u755565301744361473,human
755815665118932998,u755815665118932998,bot
755854671953080320,u755854671953080320,human
755877821671702528,u755877821671702528,human
756326958946922496,u756326958946922496,human
756587777534418946,u756587777534418946,human
756685628746698752,u756685628746698752,bot
756779024832196608,u756779024832196608,bot
756836741823291392,u756836741823291392,human
756867859616325632,u756867859616325632,bot
756974432648695809,u756974432648695809,bot
757057772546560000,u757057772546560000,bot
757265807747325953,u757265807747325953,human
757327643826094080,u757327643826094080,human
757361493423820804,u757361493423820804,human
757590895709466624,u757590895709466624,bot
757992869076537345,u757992869076537345,bot
757994457409003520,u757994457409003520,bot
758514687696785408,u758514687696785408,bot
758517041124913152,u758517041124913152,bot
758665131110739972,u758665131110739972,bot
758698214509936640,u758698214509936640,human
759129401032253440,u759129401032253440,human
759474375292809216,u759474375292809216,bot
759719890278191104,u759719890278191104,bot
759963581001728000,u759963581001728000,bot
760215100670242820,u760215100670242820,human
760219193195302912,u760219193195302912,human
760239565047263232,u760239565047263232,human
760420730307653632,u760420730307653632,bot
760547938850447360,u760547938850447360,bot
760595303544201217,u760595303544201217,human
761045952912199685,u761045952912199685,bot
761149951829241856,u761149951829241856,bot
761182689277927424,u761182689277927424,human
761315949458952192,u761315949458952192,bot
761328987758923777,u761328987758923777,bot
761646386223812608,u761646386223812608,bot
761737710386024448,u761737710386024448,bot
761996438247092224,u761996438247092224,bot
762014236893732864,u762014236893732864,human
762020411601068033,u762020411601068033,human
762035281730166785,u762035281730166785,bot
762354957605560320,u762354957605560320,bot
762495101243318272,u762495101243318272,human
762873130406727683,u762873130406727683,bot
763052115392593920,u763052115392593920,human
763153355669594113,u763153355669594113,human
763259380137467904,u763259380137467904,human
763432576375779328,u763432576375779328,human
763784118576439297,u763784118576439297,human
763974897286598657,u763974897286598657,human
764088549230702592,u764088549230702592,human
764185546239410176,u764185546239410176,bot
764546769015361536,u764546769015361536,human
764746145918771200,u764746145918771200,human
764814651032952832,u764814651032952832,bot
765069732579975168,u765069732579975168,human
765194112765014017,u765194112765014017,human
765241902325174272,u765241902325174272,bot
765248727560761344,u765248727560761344,bot
765471365856055296,u765471365856055296,bot
765553881380163584,u765553881380163584,human
765691630879928327,u765691630879928327,bot
765777223857086464,u765777223857086464,human
765842460895391744,u765842460895391744,bot
765918946734247936,u765918946734247936,bot
765979966412578816,u765979966412578816,bot
766009098097856512,u766009098097856512,bot
766197247990267904,u766197247990267904,bot
766368427749609472,u766368427749609472,bot
766586133455273984,u766586133455273984,bot
766631690596978688,u766631690596978688,human
767140361089130497,u767140361089130497,bot
767327208654245888,u767327208654245888,bot
767531882670018560,u767531882670018560,bot
768130666659590145,u768130666659590145,bot
768550272624955392,u768550272624955392,bot
769103785083998208,u769103785083998208,human
769156023357542400,u769156023357542400,human
769225825300443137,u769225825300443137,bot
769276958542737408,u769276958542737408,human
769279457387540480,u769279457387540480,human
769287203361087488,u769287203361087488,bot
769485867790569472,u769485867790569472,bot
769504624160178176,u769504624160178176,bot
769545796597395456,u769545796597395456,bot
769766440912187392,u769766440912187392,bot
770023227942899712,u770023227942899712,bot
770276030267482112,u770276030267482112,bot
770306017498247170,u770306017498247170,bot
771030124422696960,u771030124422696960,bot
771102358243860480,u771102358243860480,human
771131788106272768,u771131788106272768,bot
771359348782235648,u771359348782235648,bot
771550330144161793,u771550330144161793,bot
771758047412748288,u771758047412748288,human
771893674712166400,u771893674712166400,human
772016107096014848,u772016107096014848,bot
772751482999414784,u772751482999414784,bot
772876897613189121,u772876897613189121,human
773015684758511616,u773015684758511616,human
773578611416764416,u773578611416764416,bot
773624538051543040,u773624538051543040,human
773764049217650688,u773764049217650688,bot
773937115897929729,u773937115897929729,bot
774498256055209984,u774498256055209984,bot
774510439824822273,u774510439824822273,human
774816990347354112,u774816990347354112,bot
775064818256584706,u775064818256584706,human
775380605152272384,u775380605152272384,bot
775393656693850112,u775393656693850112,human
775449081682493445,u775449081682493445,bot
775449094739197953,u775449094739197953,human
775622474725601280,u775622474725601280,human
775631611878596608,u775631611878596608,bot
775656901254209537,u775656901254209537,bot
775699687647154177,u775699687647154177,bot
775705779802370048,u775705779802370048,human
775727675344318464,u775727675344318464,human
775776621525598209,u775776621525598209,bot
775857587887616000,u775857587887616000,bot
775884428858064906,u775884428858064906,human
776085967992152064,u776085967992152064,human
776288171675955200,u776288171675955200,human
776450766710136832,u776450766710136832,human
776585502606721024,u776585502606721024,human
777038685200080896,u777038685200080896,human
777080277948477441,u777080277948477441,human
777268777520168961,u777268777520168961,human
777333619530534912,u777333619530534912,human
777531503186018304,u777531503186018304,human
777630511409815552,u777630511409815552,human
778275602650558464,u778275602650558464,bot
778330565829390336,u778330565829390336,bot
778764142412984320,u778764142412984320,human
778925259806371840,u778925259806371840,human
778944333256986624,u778944333256986624,human
779093220357615616,u779093220357615616,bot
779141414193987584,u779141414193987584,human
779191919159156736,u779191919159156736,human
779198281448431616,u779198281448431616,human
779266494270173187,u779266494270173187,human
779318939851616256,u779318939851616256,bot
779332774809497600,u779332774809497600,bot
779416353019203584,u779416353019203584,human
780152675602235392,u780152675602235392,bot
780399461436645376,u780399461436645376,human
780406216342200320,u780406216342200320,human
780573361000722432,u780573361000722432,human
780575699035840512,u780575699035840512,human
780594449655005184,u780594449655005184,bot
780633771829669888,u780633771829669888,human
780738076544868352,u780738076544868352,bot
780740537326325760,u780740537326325760,bot
780896731601002496,u780896731601002496,bot
780979080887996417,u780979080887996417,bot
781109654285848576,u781109654285848576,human
781283714550665216,u781283714550665216,human
781369249008750592,u781369249008750592,human
781417619484180481,u781417619484180481,bot
781584454884159488,u781584454884159488,bot
781651818719961092,u781651818719961092,bot
781673283829788672,u781673283829788672,human
781808871161655296,u781808871161655296,human
781946299717394433,u781946299717394433,bot
781982295863484456,u781982295863484456,bot
782359149267054592,u782359149267054592,bot
782552438855208960,u782552438855208960,bot
782716665150705664,u782716665150705664,human
782867962403381248,u782867962403381248,human
782973815496192000,u782973815496192000,human
783061931334766596,u783061931334766596,human
783252675710242816,u783252675710242816,human
783575983408513024,u783575983408513024,bot
783808494470168577,u783808494470168577,human
783999911465365504,u783999911465365504,bot
784129606655893508,u784129606655893508,bot
784321838205706240,u784321838205706240,human
784890784273215488,u784890784273215488,human
785057074795409408,u785057074795409408,human
785099695895015424,u785099695895015424,human
785284455770497024,u785284455770497024,human
785650106783584256,u785650106783584256,bot
786051065003118592,u786051065003118592,human
786057442601959424,u786057442601959424,bot
786270268779958272,u786270268779958272,human
786332275755458560,u786332275755458560,human
786444127101517824,u786444127101517824,bot
786617659592962050,u786617659592962050,human
786686832008396800,u786686832008396800,bot
786694833989705733,u786694833989705733,bot
786804744069128193,u786804744069128193,bot
786857745098084352,u786857745098084352,human
786873444935749632,u786873444935749632,bot
787038971499012096,u787038971499012096,bot
787068168028221440,u787068168028221440,human
787384509444612096,u787384509444612096,bot
787645047542087680,u787645047542087680,bot
787907879802064897,u787907879802064897,bot
787955435340963840,u787955435340963840,human
788009899322212353,u788009899322212353,bot
788065764255211520,u788065764255211520,human
788221030783266816,u788221030783266816,bot
788387429069627393,u788387429069627393,human
788533935886077952,u788533935886077952,human
788707107990274049,u788707107990274049,bot
788707346759421952,u788707346759421952,bot
788719920787787776,u788719920787787776,bot
788796409226985472,u788796409226985472,human
788842790838906880,u788842790838906880,human
788851519064010754,u788851519064010754,human
788860249033670656,u788860249033670656,human
788884510846902272,u788884510846902272,human
789211741850853376,u789211741850853376,bot
789923132425445376,u789923132425445376,bot
789937733074640896,u789937733074640896,bot
789974427098165248,u789974427098165248,human
790537138764849152,u790537138764849152,bot
790538990436974593,u790538990436974593,bot
790736502049439744,u790736502049439744,human
790959772468072453,u790959772468072453,human
791084665247371264,u791084665247371264,bot
792005315088773121,u792005315088773121,bot
792067425659260928,u792067425659260928,human
792138944187990016,u792138944187990016,human
792257203667365892,u792257203667365892,bot
792696877850456064,u792696877850456064,bot
792762680322973697,u792762680322973697,human
792818827079798784,u792818827079798784,bot
792829948113227776,u792829948113227776,bot
793288660040896512,u793288660040896512,human
793523423775424512,u793523423775424512,human
793549784682553346,u793549784682553346,human
793558143653511169,u793558143653511169,human
793931776045576192,u793931776045576192,human
794194936740646912,u794194936740646912,human
794270482015125511,u794270482015125511,human
794587065329520640,u794587065329520640,bot
794632864256196608,u794632864256196608,bot
794921795073822720,u794921795073822720,human
795022747357343744,u795022747357343744,human
795044265210560513,u795044265210560513,bot
795196341337079808,u795196341337079808,human
795216257339555840,u795216257339555840,bot
795581547512496129,u795581547512496129,bot
795890560884244480,u795890560884244480,human
796074734953893888,u796074734953893888,human
796092645193846784,u796092645193846784,human
796336485767122944,u796336485767122944,bot
796337426524475392,u796337426524475392,bot
796402994422173697,u796402994422173697,bot
796409200767139840,u796409200767139840,bot
796777451917557760,u796777451917557760,human
796798652102668289,u796798652102668289,human
796974685288157184,u796974685288157184,human
797474812004331520,u797474812004331520,human
797872735070265344,u797872735070265344,human
798181519109955585,u798181519109955585,bot
798341195328028672,u798341195328028672,human
798375537139974144,u798375537139974144,human
798485038648193024,u798485038648193024,bot
798509188326498305,u798509188326498305,bot
798578764129140737,u798578764129140737,bot
798883207508795392,u798883207508795392,human
799178390829838340,u799178390829838340,human
799312507986935808,u799312507986935808,human
799377581590118401,u799377581590118401,bot
799482390825619456,u799482390825619456,bot
799739582032072704,u799739582032072704,bot
799776686153703424,u799776686153703424,bot
799990739891425280,u799990739891425280,bot
800591784858370048,u800591784858370048,bot
800765415836135424,u800765415836135424,human
800781612325535744,u800781612325535744,human
800811486843047936,u800811486843047936,bot
800826311145062400,u800826311145062400,bot
801322982828285952,u801322982828285952,bot
801364461361790976,u801364461361790976,human
801718427870199808,u801718427870199808,human
801758085995986948,u801758085995986948,bot
801879070766153728,u801879070766153728,human
802228101782573056,u802228101782573056,human
802516905814880256,u802516905814880256,bot
802615428711268352,u802615428711268352,bot
802703861668610048,u802703861668610048,human
802771255342469120,u802771255342469120,human
802962842177728512,u802962842177728512,human
803248849150152704,u803248849150152704,human
803462690568019968,u803462690568019968,bot
803652792187400192,u803652792187400192,human
803805945314742272,u803805945314742272,bot
803882049484398592,u803882049484398592,bot
804184132951691264,u804184132951691264,bot
804256452227596288,u804256452227596288,human
804264419022766080,u804264419022766080,human
804279990636474368,u804279990636474368,human
804282990146658304,u804282990146658304,human
804370923272933376,u804370923272933376,human
804588965625892864,u804588965625892864,human
804673151183495168,u804673151183495168,bot
804729990201962497,u804729990201962497,bot
804734898930151424,u804734898930151424,human
804787323640680448,u804787323640680448,human
805265652848136192,u805265652848136192,human
805340075802460160,u805340075802460160,bot
805690811413184512,u805690811413184512,bot
805704173631115264,u805704173631115264,bot
805803658151690240,u805803658151690240,bot
805942710314139648,u805942710314139648,bot
805951640129781760,u805951640129781760,human
806058672619212800,u806058672619212800,human
806110972515676160,u806110972515676160,human
806344552718045184,u806344552718045184,human
806460336471584768,u806460336471584768,bot
806530892978147328,u806530892978147328,bot
806554362919030784,u806554362919030784,bot
806609267985891328,u806609267985891328,human
806650990648770560,u806650990648770560,bot
806718709326893056,u806718709326893056,bot
806906071348547585,u806906071348547585,human
807175975423373312,u807175975423373312,human
807233040825126912,u807233040825126912,human
807519843834597377,u807519843834597377,bot
807549204914667520,u807549204914667520,bot
807689304206180352,u807689304206180352,human
808012567549542404,u808012567549542404,bot
808051702591012864,u808051702591012864,bot
808105242080460801,u808105242080460801,bot
808412928374403076,u808412928374403076,human
808483502417215488,u808483502417215488,bot
808623855497379840,u808623855497379840,human
808815172794118145,u808815172794118145,human
808844440731316224,u808844440731316224,bot
809392706170617856,u809392706170617856,bot
809427007587155968,u809427007587155968,bot
809471061947334657,u809471061947334657,bot
809479999296335872,u809479999296335872,human
809539676503703553,u809539676503703553,bot
809689990896685056,u809689990896685056,bot
809828187588788224,u809828187588788224,bot
809999219213930498,u809999219213930498,bot
810568055554277376,u810568055554277376,bot
810580189818290176,u810580189818290176,bot
810612243448610817,u810612243448610817,human
810752890012831744,u810752890012831744,bot
810862406398345217,u810862406398345217,human
811035478514405376,u811035478514405376,bot
811111583384485888,u811111583384485888,bot
811197852563206145,u811197852563206145,bot
811229675758505984,u811229675758505984,human
811255817039126529,u811255817039126529,human
811408471652347904,u811408471652347904,human
811538725192826884,u811538725192826884,human
811840379733606401,u811840379733606401,human
811874704772501504,u811874704772501504,human
811948282427621376,u811948282427621376,bot
811972460560019456,u811972460560019456,human
812247366900346885,u812247366900346885,bot
812544946859343872,u812544946859343872,bot
812926437032390656,u812926437032390656,human
812938399250165760,u812938399250165760,human
813054739936067585,u813054739936067585,human
813176796854231040,u813176796854231040,human
813623587001290755,u813623587001290755,bot
813772585208946689,u813772585208946689,bot
814022763908366336,u814022763908366336,bot
814156749196427264,u814156749196427264,human
814160194515177472,u814160194515177472,human
814246648826232832,u814246648826232832,bot
814425348641202177,u814425348641202177,bot
814518981579022336,u814518981579022336,human
814572401153474560,u814572401153474560,bot
815037408827805696,u815037408827805696,human
815129038427521024,u815129038427521024,human
815138720051511296,u815138720051511296,human
815162980396568576,u815162980396568576,bot
815163721471299586,u815163721471299586,human
815219657993023488,u815219657993023488,bot
815581209862565888,u815581209862565888,bot
815656520193024000,u815656520193024000,human
815731546074320900,u815731546074320900,bot
815826614252666880,u815826614252666880,human
815916854195683328,u815916854195683328,human
816061098231296000,u816061098231296000,human
816094162768556033,u816094162768556033,bot
816175307132698624,u816175307132698624,bot
816263912630996996,u816263912630996996,human
816336945110511617,u816336945110511617,bot
816548258344476672,u816548258344476672,bot
816646064493170688,u816646064493170688,human
816722707194740736,u816722707194740736,bot
816780305579315201,u816780305579315201,bot
816920269537378304,u816920269537378304,human
817461289081409536,u817461289081409536,human
817687407491432448,u817687407491432448,human
817901661192671232,u817901661192671232,bot
818030056182312960,u818030056182312960,human
818077433362530304,u818077433362530304,human
818115381156081664,u818115381156081664,human
818154526423322624,u818154526423322624,human
818282957618216960,u818282957618216960,human
818349091750957056,u818349091750957056,human
818401525882036224,u818401525882036224,human
818480916360110080,u818480916360110080,human
818577976619102208,u818577976619102208,human
818753677888552961,u818753677888552961,human
818902892652466176,u818902892652466176,human
819107989638545408,u819107989638545408,bot
819224053919739904,u819224053919739904,human
819265273530347521,u819265273530347521,bot
819534730701996032,u819534730701996032,bot
819620040819535872,u819620040819535872,bot
819756020197167104,u819756020197167104,human
819854630926557189,u819854630926557189,bot
819881576330915840,u819881576330915840,human
819991243073712133,u819991243073712133,human
820337659218423808,u820337659218423808,human
820354372827758592,u820354372827758592,human
820367095120547841,u820367095120547841,human
820394958372933633,u820394958372933633,bot
820720451890642944,u820720451890642944,bot
821012561877467137,u821012561877467137,bot
821073527906463744,u821073527906463744,bot
821122178888384517,u821122178888384517,human
821217950401175552,u821217950401175552,human
821319246986833921,u821319246986833921,bot
822034174638964736,u822034174638964736,human
822156563641225221,u822156563641225221,bot
822177562516475904,u822177562516475904,bot
822215679726100480,u822215679726100480,human
822426735136350208,u822426735136350208,bot
822565531828023297,u822565531828023297,bot
822603100171227136,u822603100171227136,bot
822774917867405313,u822774917867405313,bot
822792734041894913,u822792734041894913,bot
822825233203728384,u822825233203728384,bot
822845135293714433,u822845135293714433,human
822902396582068225,u822902396582068225,bot
823017371262746624,u823017371262746624,bot
823152932329758721,u823152932329758721,human
823518894182846464,u823518894182846464,human
823839719335161856,u823839719335161856,bot
823905881448452096,u823905881448452096,bot
823989578264702976,u823989578264702976,bot
824007742532763648,u824007742532763648,human
824422377442439168,u824422377442439168,human
824493881031094272,u824493881031094272,bot
824523311044579328,u824523311044579328,human
824556974813708288,u824556974813708288,human
824647924428656640,u824647924428656640,human
824881173310509057,u824881173310509057,bot
824883890657452032,u824883890657452032,bot
825020010192048129,u825020010192048129,bot
825116623698788352,u825116623698788352,bot
825605087103946753,u825605087103946753,bot
825760357654339588,u825760357654339588,bot
825775742323683331,u825775742323683331,bot
825915542225575936,u825915542225575936,human
826096463402905600,u826096463402905600,human
826108735827345410,u826108735827345410,bot
826288847562559488,u826288847562559488,human
826324181436530689,u826324181436530689,bot
826592275375460355,u826592275375460355,human
826913092227444742,u826913092227444742,human
826924032444338177,u826924032444338177,bot
826929286380658688,u826929286380658688,bot
826974719819780096,u826974719819780096,human
827163441597075456,u827163441597075456,human
827297417473228801,u827297417473228801,human
827525885246971904,u827525885246971904,bot
827792060837027840,u827792060837027840,bot
827931545721675776,u827931545721675776,bot
828079985751519233,u828079985751519233,bot
828301184368783360,u828301184368783360,bot
828388065664172035,u828388065664172035,human
828551849707962368,u828551849707962368,human
828728154193698816,u828728154193698816,human
828871988873531392,u828871988873531392,human
829055807643906049,u829055807643906049,bot
829142920985006080,u829142920985006080,bot
829281727013122052,u829281727013122052,human
829405647124852736,u829405647124852736,bot
829645104180719616,u829645104180719616,bot
830047699022053377,u830047699022053377,bot
830114383770550272,u830114383770550272,bot
830186741017481216,u830186741017481216,bot
830402742224949248,u830402742224949248,bot
830514077055201280,u830514077055201280,bot
830693383303630848,u830693383303630848,bot
830858968272687109,u830858968272687109,human
830871162917888002,u830871162917888002,bot
830925823322554368,u830925823322554368,human
830935388759810048,u830935388759810048,human
830960706753212416,u830960706753212416,bot
831096964066406402,u831096964066406402,human
831129270252498944,u831129270252498944,bot
831389572319866880,u831389572319866880,human
831431567671193600,u831431567671193600,human
831528248710459396,u831528248710459396,bot
831779353142902784,u831779353142902784,bot
831838521694552065,u831838521694552065,bot
832129281127899136,u832129281127899136,bot
832154897768448001,u832154897768448001,bot
832234435709960193,u832234435709960193,bot
832271187019444224,u832271187019444224,human
832503334749741056,u832503334749741056,bot
832869611934674945,u832869611934674945,bot
832885476306542594,u832885476306542594,bot
832898374085070851,u832898374085070851,bot
833431064521691137,u833431064521691137,bot
833447476375859201,u833447476375859201,bot
833453763075637248,u833453763075637248,bot
833494644197560321,u833494644197560321,human
833587995928178692,u833587995928178692,human
833627175974735877,u833627175974735877,bot
833802223117271040,u833802223117271040,bot
833807623409504262,u833807623409504262,human
833912184807817216,u833912184807817216,bot
834092482799497217,u834092482799497217,bot
834126818236063744,u834126818236063744,bot
834391594098950145,u834391594098950145,bot
834407124088168448,u834407124088168448,bot
834425591310884865,u834425591310884865,bot
834609484781723648,u834609484781723648,bot
834699977829945344,u834699977829945344,human
834860341553041408,u834860341553041408,human
834872136477057025,u834872136477057025,human
835039018001674240,u835039018001674240,human
835762217358237696,u835762217358237696,human
835956893747118080,u835956893747118080,bot
836265656991494146,u836265656991494146,human
836359727265243136,u836359727265243136,human
836664922498969600,u836664922498969600,human
836678619166486529,u836678619166486529,human
836912308127469570,u836912308127469570,human
837361646783844354,u837361646783844354,bot
837658486121070592,u837658486121070592,bot
837843389341122560,u837843389341122560,human
837867651078610944,u837867651078610944,human
838004757406986240,u838004757406986240,human
838024053986213888,u838024053986213888,bot
838256318356017154,u838256318356017154,bot
838435305564827649,u838435305564827649,bot
838492066070081539,u838492066070081539,bot
838748483158933507,u838748483158933507,bot
838791756980310016,u838791756980310016,bot
839082941036789760,u839082941036789760,human
839115823142817792,u839115823142817792,bot
839121240677724160,u839121240677724160,bot
839158373526437892,u839158373526437892,human
839341784798912513,u839341784798912513,bot
839454451245203457,u839454451245203457,bot
839492111603019776,u839492111603019776,human
839556374518353921,u839556374518353921,bot
839564059485724672,u839564059485724672,human
839603919454158848,u839603919454158848,human
839678149839331328,u839678149839331328,bot
839779832238129152,u839779832238129152,bot
839859642184388609,u839859642184388609,bot
839936262639321090,u839936262639321090,bot
840599781957226497,u840599781957226497,bot
840746981190447105,u840746981190447105,human
841338232906354689,u841338232906354689,bot
841370824544251904,u841370824544251904,human
841404746330177540,u841404746330177540,human
841740944542171139,u841740944542171139,bot
841787910051504128,u841787910051504128,human
842041846553550849,u842041846553550849,human
842245697491496960,u842245697491496960,human
842352355618242560,u842352355618242560,bot
842422714677764096,u842422714677764096,bot
842688989865918466,u842688989865918466,bot
842790983179927554,u842790983179927554,bot
843076085596262400,u843076085596262400,bot
843097737541419008,u843097737541419008,bot
843169024594886658,u843169024594886658,bot
843171782102319105,u843171782102319105,bot
843290248792735744,u843290248792735744,bot
843655910820069376,u843655910820069376,bot
843715473967603716,u843715473967603716,human
843874109553565698,u843874109553565698,bot
843955080135086081,u843955080135086081,bot
843992461601050624,u843992461601050624,bot
844002284136742912,u844002284136742912,bot
844094461474873348,u844094461474873348,bot
844203397310046209,u844203397310046209,bot
844647043134054400,u844647043134054400,bot
844666695499333634,u844666695499333634,bot
844872419479359489,u844872419479359489,human
845342056780226560,u845342056780226560,bot
845347157553135616,u845347157553135616,bot
846086879221071874,u846086879221071874,bot
846196671419731969,u846196671419731969,bot
846417084192055296,u846417084192055296,human
846427416473944064,u846427416473944064,human
846526909995536384,u846526909995536384,bot
846652757671100416,u846652757671100416,bot
846708783636189184,u846708783636189184,bot
847023691724664832,u847023691724664832,human
847090917718810625,u847090917718810625,bot
847429259836538880,u847429259836538880,bot
847556014912274432,u847556014912274432,human
847801154473996288,u847801154473996288,human
847831007021551617,u847831007021551617,bot
847899191426908160,u847899191426908160,bot
847942285098725376,u847942285098725376,bot
847946727311233024,u847946727311233024,bot
848263240673046528,u848263240673046528,bot
848504113260351489,u848504113260351489,human
848606882587693061,u848606882587693061,human
848761356962545665,u848761356962545665,bot
849460073021796353,u849460073021796353,bot
849998347720990720,u849998347720990720,bot
850067449491857408,u850067449491857408,bot
850070481344528385,u850070481344528385,human
850283620447248384,u850283620447248384,human
850454632560300032,u850454632560300032,human
850540298149261312,u850540298149261312,bot
850639773374889984,u850639773374889984,bot
850645947545767936,u850645947545767936,bot
850705908036378626,u850705908036378626,human
851193949494628352,u851193949494628352,human
851603329436332036,u851603329436332036,bot
851631929019572224,u851631929019572224,bot
851718299977121793,u851718299977121793,bot
851811222076968960,u851811222076968960,bot
851985789072408576,u851985789072408576,human
852058527988428800,u852058527988428800,human
852116555945172992,u852116555945172992,bot
852209269604831232,u852209269604831232,bot
852245283861925888,u852245283861925888,bot
852268113697660932,u852268113697660932,human
852337040431525890,u852337040431525890,bot
852439354526101504,u852439354526101504,human
852533458668748804,u852533458668748804,human
852563822313385984,u852563822313385984,bot
852577770085502976,u852577770085502976,bot
852789899145076737,u852789899145076737,bot
852845856319565828,u852845856319565828,human
852856132632797184,u852856132632797184,bot
852932962240741376,u852932962240741376,bot
852956673438351360,u852956673438351360,human
853028992596807680,u853028992596807680,human
853082356978130944,u853082356978130944,bot
853087667214352384,u853087667214352384,bot
853139477572792320,u853139477572792320,human
853411771184500737,u853411771184500737,bot
853517380848431105,u853517380848431105,human
853585683939811329,u853585683939811329,bot
854880727124647936,u854880727124647936,bot
855069393864216576,u855069393864216576,human
855183726552240129,u855183726552240129,human
855236444322799616,u855236444322799616,bot
855456408762011649,u855456408762011649,bot
855482971868069890,u855482971868069890,human
855487392068841472,u855487392068841472,bot
855580663004635136,u855580663004635136,human
855649442715713537,u855649442715713537,bot
855714122880749568,u855714122880749568,bot
855742402950287361,u855742402950287361,bot
855749764251611136,u855749764251611136,human
856019182600716288,u856019182600716288,human
856155592578158592,u856155592578158592,human
856175729867935746,u856175729867935746,human
856198068156252160,u856198068156252160,human
856242953358016513,u856242953358016513,bot
856355721192984576,u856355721192984576,human
856416027227430912,u856416027227430912,bot
856432904108421120,u856432904108421120,human
856522854917124097,u856522854917124097,human
856584021358280704,u856584021358280704,bot
857047062860382208,u857047062860382208,bot
857065685402431489,u857065685402431489,bot
857247519834767360,u857247519834767360,bot
857475249486536704,u857475249486536704,human
857552677470908416,u857552677470908416,bot
857600679019413504,u857600679019413504,human
857618277325058048,u857618277325058048,bot
857628381793447937,u857628381793447937,human
857722144809246722,u857722144809246722,human
857801472897155072,u857801472897155072,bot
857957614034059264,u857957614034059264,bot
858114187893116929,u858114187893116929,human
858190940678258688,u858190940678258688,bot
858342690517377025,u858342690517377025,human
858422332733501443,u858422332733501443,bot
858685673058033664,u858685673058033664,bot
858690583220674561,u858690583220674561,human
858865370807115776,u858865370807115776,human
858866473334210560,u858866473334210560,human
858995004802465792,u858995004802465792,bot
859018776049856514,u859018776049856514,bot
859021665912619008,u859021665912619008,human
859058607094157313,u859058607094157313,bot
859326308483911681,u859326308483911681,bot
859611609685164033,u859611609685164033,bot
859714501331038208,u859714501331038208,human
859957429668392960,u859957429668392960,bot
859969123102539777,u859969123102539777,human
860187639932219397,u860187639932219397,human
860196768922914818,u860196768922914818,bot
860214818334179328,u860214818334179328,bot
860243795421671424,u860243795421671424,bot
860298638882332672,u860298638882332672,human
860322134928670720,u860322134928670720,human
860781730315292672,u860781730315292672,bot
861585151867879425,u861585151867879425,bot
861597308881948674,u861597308881948674,bot
861702441569361920,u861702441569361920,human
861881823412064256,u861881823412064256,human
862096441178820608,u862096441178820608,bot
862223936704180224,u862223936704180224,bot
863090413640572930,u863090413640572930,bot
863103021886124036,u863103021886124036,bot
863103045378260992,u863103045378260992,human
863829045619896329,u863829045619896329,bot
863942680061063168,u863942680061063168,bot
864068095807303680,u864068095807303680,bot
864305332075364352,u864305332075364352,bot
864560037821370369,u864560037821370369,human
864588778886881280,u864588778886881280,human
864775893838954496,u864775893838954496,bot
864785692257169409,u864785692257169409,bot
864856377339990016,u864856377339990016,bot
864879958379966464,u864879958379966464,bot
864987000197140480,u864987000197140480,human
865086135214755840,u865086135214755840,human
865185081836658688,u865185081836658688,human
865293871089102848,u865293871089102848,bot
865461891820249089,u865461891820249089,bot
865475647677714432,u865475647677714432,human
865549909381890048,u865549909381890048,human
865631220524212227,u865631220524212227,human
865644456476688384,u865644456476688384,bot
865849287644635136,u865849287644635136,bot
866040719278059521,u866040719278059521,bot
866306487156695041,u866306487156695041,bot
866361334530813954,u866361334530813954,bot
866987004306874370,u866987004306874370,human
867074541092306944,u867074541092306944,bot
867253360910635008,u867253360910635008,bot
867406584476909568,u867406584476909568,bot
867519541026402305,u867519541026402305,bot
867558693939945472,u867558693939945472,bot
867721005564809216,u867721005564809216,human
867750248990392321,u867750248990392321,bot
867874653695377409,u867874653695377409,bot
868521026866622464,u868521026866622464,bot
868576481693270017,u868576481693270017,human
868832989190406149,u868832989190406149,bot
868850293563211778,u868850293563211778,bot
869121934621122561,u869121934621122561,bot
869292811857866752,u869292811857866752,bot
869356058690670594,u869356058690670594,bot
869896317262344193,u869896317262344193,human
869914029518663680,u869914029518663680,human
870272320673390592,u870272320673390592,bot
870438268030128128,u870438268030128128,bot
870576101109768192,u870576101109768192,bot
870628701947539460,u870628701947539460,human
870676588622340100,u870676588622340100,human
871016931213619200,u871016931213619200,human
871025322568724481,u871025322568724481,bot
871108037720846336,u871108037720846336,bot
871748613260673024,u871748613260673024,human
872038955352510464,u872038955352510464,bot
872057469069119490,u872057469069119490,human
872424826291576832,u872424826291576832,human
872436801125969921,u872436801125969921,human
872518859152125952,u872518859152125952,human
872833507042754560,u872833507042754560,bot
872886948364509184,u872886948364509184,bot
873264852516708352,u873264852516708352,bot
873534859259650048,u873534859259650048,human
873645137028673536,u873645137028673536,human
873887327113707520,u873887327113707520,bot
873896019758465024,u873896019758465024,bot
874028069023043589,u874028069023043589,bot
874217977184477185,u874217977184477185,bot
874244525098762244,u874244525098762244,human
874245923236433920,u874245923236433920,bot
874305169890172928,u874305169890172928,bot
874310395875295232,u874310395875295232,bot
874578297031708679,u874578297031708679,human
874592708093816833,u874592708093816833,human
874638932453076992,u874638932453076992,bot
874711855763267584,u874711855763267584,bot
874819301416599552,u874819301416599552,bot
874910671133081601,u874910671133081601,human
875023920906326016,u875023920906326016,bot
875038652266577922,u875038652266577922,bot
875408064337371136,u875408064337371136,human
875430125130596353,u875430125130596353,human
875447213878423552,u875447213878423552,human
875748450532380672,u875748450532380672,bot
875776212341329920,u875776212341329920,human
876398340862291968,u876398340862291968,bot
876411779160702976,u876411779160702976,bot
876697144811376641,u876697144811376641,bot
876725880806031361,u876725880806031361,bot
876759750662393856,u876759750662393856,bot
876766560433647617,u876766560433647617,human
876895425835479041,u876895425835479041,human
876991383093075972,u876991383093075972,human
877062587199967232,u877062587199967232,bot
877228722927136768,u877228722927136768,bot
877252743282515968,u877252743282515968,bot
877714558063964166,u877714558063964166,human
877763988389363715,u877763988389363715,human
877856679303434244,u877856679303434244,human
877910158655016960,u877910158655016960,bot
878030287174762498,u878030287174762498,bot
878058994601938944,u878058994601938944,bot
878135994037526529,u878135994037526529,bot
878247600096509952,u878247600096509952,human
878315447048839168,u878315447048839168,human
878426345440768005,u878426345440768005,human
878635790523408384,u878635790523408384,human
878974208998383616,u878974208998383616,bot
879049385182625792,u879049385182625792,bot
879124379451351041,u879124379451351041,bot
879374013688147970,u879374013688147970,human
879378695663697920,u879378695663697920,human
879428521537540097,u879428521537540097,human
879456634413740032,u879456634413740032,bot
879663599815467008,u879663599815467008,bot
879678938238332928,u879678938238332928,bot
879749842586804229,u879749842586804229,bot
879865228678311936,u879865228678311936,human
880165524600221697,u880165524600221697,human
880407847690829824,u880407847690829824,human
880412538625810432,u880412538625810432,human
880418855465746434,u880418855465746434,bot
880444462572294144,u880444462572294144,human
880479771645300736,u880479771645300736,bot
880663206154424320,u880663206154424320,bot
880778157892268033,u880778157892268033,human
880808907282808833,u880808907282808833,bot
881103270197866497,u881103270197866497,bot
881141157073489920,u881141157073489920,bot
881191552546095108,u881191552546095108,bot
881371616000823296,u881371616000823296,human
881615056437297152,u881615056437297152,human
881650677797330944,u881650677797330944,human
881761012008968192,u881761012008968192,bot
881833264419397633,u881833264419397633,human
881852239656169472,u881852239656169472,human
881904772076515329,u881904772076515329,bot
881918430508716033,u881918430508716033,bot
882171122657185792,u882171122657185792,human
882271960771833857,u882271960771833857,bot
882595842103721985,u882595842103721985,bot
882737115808792576,u882737115808792576,bot
882764640589139968,u882764640589139968,bot
883159967162707969,u883159967162707969,human
883239929131679744,u883239929131679744,human
883371539923685376,u883371539923685376,bot
883515895968083968,u883515895968083968,human
883535804273971200,u883535804273971200,human
884143865908932608,u884143865908932608,human
884423533899763712,u884423533899763712,bot
884490700942868481,u884490700942868481,bot
884725831054098432,u884725831054098432,bot
884952657311309824,u884952657311309824,bot
885043239832756224,u885043239832756224,human
885163612947582976,u885163612947582976,human
885500581212811264,u885500581212811264,bot
885642644629721088,u885642644629721088,bot
885643207283023874,u885643207283023874,bot
885835554776121344,u885835554776121344,human
885836462918443009,u885836462918443009,human
886299065763450883,u886299065763450883,bot
886749256807100416,u886749256807100416,human
886937364777402369,u886937364777402369,bot
886947554696605696,u886947554696605696,human
886974624898195457,u886974624898195457,human
887068685176885248,u887068685176885248,human
887313737090297856,u887313737090297856,bot
887365783105359876,u887365783105359876,human
887464432430850048,u887464432430850048,bot
887474399292600320,u887474399292600320,bot
887491655619706881,u887491655619706881,bot
887546051539779584,u887546051539779584,bot
887606425479856128,u887606425479856128,human
887664671028858880,u887664671028858880,bot
887709237861896194,u887709237861896194,human
887715484484980737,u887715484484980737,bot
888008088577593344,u888008088577593344,human
888088314019930112,u888088314019930112,bot
888098950833557504,u888098950833557504,bot
888236870345293824,u888236870345293824,bot
888275480033476610,u888275480033476610,human
888442544161517568,u888442544161517568,bot
888779235627868161,u888779235627868161,bot
889058991418068993,u889058991418068993,bot
889096104859627520,u889096104859627520,human
889102418868412416,u889102418868412416,bot
889108058336571392,u889108058336571392,bot
889647698936307712,u889647698936307712,bot
889806868100644864,u889806868100644864,bot
889871558088417281,u889871558088417281,human
889876157935611904,u889876157935611904,human
889945950013313026,u889945950013313026,bot
889968241556295680,u889968241556295680,human
890160325449961472,u890160325449961472,bot
890161945197891584,u890161945197891584,bot
890431128980656128,u890431128980656128,bot
890531004661858305,u890531004661858305,bot
890590789813841920,u890590789813841920,human
890641842047508481,u890641842047508481,bot
890765379076673541,u890765379076673541,human
890929845240254464,u890929845240254464,bot
891007619787235328,u891007619787235328,bot
891077171673931776,u891077171673931776,human
891116080646803456,u891116080646803456,bot
891292956916887553,u891292956916887553,bot
891320201983270914,u891320201983270914,bot
891617148275216384,u891617148275216384,bot
891735027142283264,u891735027142283264,human
891933677940121600,u891933677940121600,bot
892159508016975876,u892159508016975876,human
892221362558951425,u892221362558951425,human
892225119422205953,u892225119422205953,human
892273881179762688,u892273881179762688,human
892485018228068352,u892485018228068352,bot
892587922251280385,u892587922251280385,bot
892647651732103168,u892647651732103168,bot
892679289832951809,u892679289832951809,human
892753640917803008,u892753640917803008,bot
892916916666466304,u892916916666466304,bot
893046370189418496,u893046370189418496,human
893052263077466112,u893052263077466112,bot
893059644129550336,u893059644129550336,bot
893204174179094528,u893204174179094528,bot
893292923873308672,u893292923873308672,bot
893368955003256832,u893368955003256832,bot
893412709311496192,u893412709311496192,bot
893434888120041473,u893434888120041473,bot
893580503495868416,u893580503495868416,human
893882282175471616,u893882282175471616,human
893897602575384576,u893897602575384576,human
894334162710151168,u894334162710151168,bot
894803118038204416,u894803118038204416,bot
894982813853863938,u894982813853863938,human
895047993996394496,u895047993996394496,bot
895246631850975236,u895246631850975236,human
895261333247197184,u895261333247197184,bot
895659037198393344,u895659037198393344,human
896217906656165888,u896217906656165888,bot
896389482223722501,u896389482223722501,bot
896419454443110401,u896419454443110401,bot
896504229799612417,u896504229799612417,human
896656131136925697,u896656131136925697,human
897041334304989188,u897041334304989188,human
897060827316072448,u897060827316072448,human
897141038334316544,u897141038334316544,human
897168034095386626,u897168034095386626,bot
897172492963504128,u897172492963504128,bot
897217613255790593,u897217613255790593,bot
897414024949899264,u897414024949899264,human
897463220977512449,u897463220977512449,human
897480280885395456,u897480280885395456,bot
897782419226492929,u897782419226492929,bot
898354945862365184,u898354945862365184,bot
898394188831576065,u898394188831576065,bot
898559533487988736,u898559533487988736,human
898561555394027520,u898561555394027520,bot
898812481056800770,u898812481056800770,bot
898992230744162309,u898992230744162309,bot
899156487703904256,u899156487703904256,bot
899565787182239744,u899565787182239744,bot
899856140850397184,u899856140850397184,human
899869536282845185,u899869536282845185,bot
899893482940055552,u899893482940055552,human
899992416672993282,u899992416672993282,human
900040284616114176,u900040284616114176,human
900089993393319936,u900089993393319936,bot
900263295143231488,u900263295143231488,bot
900346030490648577,u900346030490648577,bot
900460128738193408,u900460128738193408,human
900654517439664129,u900654517439664129,bot
900716954830417920,u900716954830417920,human
900824275338366976,u900824275338366976,bot
900955797856829443,u900955797856829443,human
901008311574835200,u901008311574835200,human
901231978766376961,u901231978766376961,human
901303999529312256,u901303999529312256,human
901398640199057408,u901398640199057408,human
901628511776935937,u901628511776935937,bot
902029888852418562,u902029888852418562,bot
902061922735931394,u902061922735931394,human
902399152910245888,u902399152910245888,bot
902688268197625856,u902688268197625856,bot
902839045356744704,u902839045356744704,human
902852168453169154,u902852168453169154,bot
902909611770093568,u902909611770093568,bot
902926941413453824,u902926941413453824,human
903386826894913537,u903386826894913537,human
903433530964881408,u903433530964881408,bot
903511848082972672,u903511848082972672,bot
903528688326758400,u903528688326758400,bot
904249160387276800,u904249160387276800,bot
904371172678217728,u904371172678217728,bot
904397461028040712,u904397461028040712,bot
904523130919628801,u904523130919628801,bot
904760130981519360,u904760130981519360,human
904824980571115520,u904824980571115520,bot
904988933100011520,u904988933100011520,human
905090955040219137,u905090955040219137,human
905103739043840001,u905103739043840001,bot
905264066255613952,u905264066255613952,human
905396070850625536,u905396070850625536,bot
905420799221354498,u905420799221354498,human
905639635744940032,u905639635744940032,bot
905755106200756225,u905755106200756225,bot
905836963026137088,u905836963026137088,human
905840140052025344,u905840140052025344,human
905858906513133569,u905858906513133569,human
905997304682786816,u905997304682786816,bot
906018616776073218,u906018616776073218,bot
906039337862610944,u906039337862610944,bot
906112490995634176,u906112490995634176,bot
906153220938063872,u906153220938063872,bot
906249252741029889,u906249252741029889,human
906457688749383680,u906457688749383680,bot
906818110216339456,u906818110216339456,human
907327016336273409,u907327016336273409,bot
907577359498338304,u907577359498338304,bot
907579017007476736,u907579017007476736,human
907692895809011712,u907692895809011712,bot
907694455913897991,u907694455913897991,bot
907697974746255362,u907697974746255362,human
907913819514703872,u907913819514703872,human
907955678769065984,u907955678769065984,human
908046666980306947,u908046666980306947,bot
908301129850736640,u908301129850736640,human
908368758560788480,u908368758560788480,human
908416496396914688,u908416496396914688,bot
908449352913506304,u908449352913506304,human
909041406488072193,u909041406488072193,human
909160406639431680,u909160406639431680,bot
909451577999724544,u909451577999724544,human
909785410145890305,u909785410145890305,bot
909902340651732992,u909902340651732992,bot
909963743714529280,u909963743714529280,human
910150107009601538,u910150107009601538,bot
910196746852036608,u910196746852036608,bot
910394218744389632,u910394218744389632,bot
910423067310030848,u910423067310030848,bot
910460037465726977,u910460037465726977,bot
910601049588805632,u910601049588805632,human
910606252329271297,u910606252329271297,human
910716150820085761,u910716150820085761,bot
910736476274614272,u910736476274614272,human
910805063194484736,u910805063194484736,bot
910868993581436928,u910868993581436928,human
911011433147654144,u911011433147654144,human
911096503921369088,u911096503921369088,human
911143018941571072,u911143018941571072,bot
911297187664949248,u911297187664949248,human
911413167145791488,u911413167145791488,bot
911468199954104320,u911468199954104320,bot
911514942335012864,u911514942335012864,human
911989964698800128,u911989964698800128,bot
912022229373931521,u912022229373931521,human
912089740853334016,u912089740853334016,human
912328841510735873,u912328841510735873,bot
912567276905345025,u912567276905345025,human
912663093599248384,u912663093599248384,human
912674199663267841,u912674199663267841,bot
912792989755428864,u912792989755428864,bot
912812990134501376,u912812990134501376,bot
912974971370115072,u912974971370115072,human
913026317574180865,u913026317574180865,human
913113396391940096,u913113396391940096,bot
913129266145038337,u913129266145038337,bot
913161597815631872,u913161597815631872,bot
913203345053057024,u913203345053057024,bot
913237169606615040,u913237169606615040,bot
913284448686301184,u913284448686301184,human
913299913395654658,u913299913395654658,bot
913302048564637696,u913302048564637696,bot
913442492346970112,u913442492346970112,bot
913568797348569090,u913568797348569090,bot
913801902919266306,u913801902919266306,bot
914236916488441856,u914236916488441856,human
914829130314723329,u914829130314723329,human
914841313605906433,u914841313605906433,bot
914863145906262017,u914863145906262017,bot
914915232966901760,u914915232966901760,bot
915023436178583553,u915023436178583553,bot
915140405628456960,u915140405628456960,bot
915183457604702215,u915183457604702215,bot
915299296198692864,u915299296198692864,human
915500434827223040,u915500434827223040,bot
915538743385346048,u915538743385346048,human
915693507502903296,u915693507502903296,bot
915709016705204225,u915709016705204225,bot
915889775277731840,u915889775277731840,bot
916249935275847680,u916249935275847680,human
916344256704471040,u916344256704471040,human
916349221455974402,u916349221455974402,human
916457738963742720,u916457738963742720,human
917087170720038912,u917087170720038912,human
917143350481870848,u917143350481870848,bot
917415861278924806,u917415861278924806,bot
917452195754364928,u917452195754364928,bot
917718667898621953,u917718667898621953,bot
918259925402472450,u918259925402472450,bot
918292908570238982,u918292908570238982,bot
918408053074153472,u918408053074153472,human
918414587099254789,u918414587099254789,bot
918489483166838784,u918489483166838784,bot
918521012614057984,u918521012614057984,human
918571703898460161,u918571703898460161,bot
918619131942973440,u918619131942973440,bot
918671212967890944,u918671212967890944,human
918968935239655425,u918968935239655425,bot
919636741308366849,u919636741308366849,human
919678461312143365,u919678461312143365,bot
919867825799483392,u919867825799483392,human
919922230905245697,u919922230905245697,bot
919950686502219776,u919950686502219776,bot
920160588650516480,u920160588650516480,human
920241948262322177,u920241948262322177,bot
920407102203596800,u920407102203596800,bot
920417565448507392,u920417565448507392,human
920670204874645504,u920670204874645504,bot
920786891187687425,u920786891187687425,bot
920921217267314688,u920921217267314688,bot
921016410251366401,u921016410251366401,bot
921335854047653888,u921335854047653888,bot
921344453838884864,u921344453838884864,bot
921484932551200769,u921484932551200769,bot
921853563747356673,u921853563747356673,human
922047748484067329,u922047748484067329,bot
922109800300781568,u922109800300781568,bot
922188859605180418,u922188859605180418,bot
922230051168538624,u922230051168538624,human
922446807346700291,u922446807346700291,bot
922461289015906304,u922461289015906304,bot
922617394379591680,u922617394379591680,human
922842328171204608,u922842328171204608,bot
923169689408286721,u923169689408286721,bot
923357892673028097,u923357892673028097,human
923497153275707392,u923497153275707392,human
923590208435650560,u923590208435650560,human
923645233341984768,u923645233341984768,bot
923756113585061888,u923756113585061888,bot
923891238050435072,u923891238050435072,bot
923938806423625728,u923938806423625728,bot
924281141359624193,u924281141359624193,bot
924951203649273856,u924951203649273856,bot
924974959834710018,u924974959834710018,bot
925042474325753856,u925042474325753856,bot
925147660331384833,u925147660331384833,human
925156077456543745,u925156077456543745,bot
925328885792653312,u925328885792653312,bot
925341127049297920,u925341127049297920,bot
925489113578573825,u925489113578573825,human
925597165304520704,u925597165304520704,bot
925670903832182786,u925670903832182786,bot
925836293031960576,u925836293031960576,human
925873174306320391,u925873174306320391,human
926094973623250946,u926094973623250946,human
926288949798211590,u926288949798211590,human
926332703284310016,u926332703284310016,human
926385468287135744,u926385468287135744,human
926718252927143937,u926718252927143937,bot
927125919508054016,u927125919508054016,bot
927170241548955650,u927170241548955650,bot
927184566070206464,u927184566070206464,human
927214057282732032,u927214057282732032,bot
927317266554937345,u927317266554937345,bot
927580631172833280,u927580631172833280,human
927864011433033728,u927864011433033728,bot
928288077541494785,u928288077541494785,bot
928301283034914817,u928301283034914817,human
928435269233192960,u928435269233192960,bot
928453179104284673,u928453179104284673,bot
928591052541517824,u928591052541517824,bot
928647393939263488,u928647393939263488,bot
928655606118076417,u928655606118076417,bot
928732587807444992,u928732587807444992,human
928808544064942080,u928808544064942080,bot
928833800091480064,u928833800091480064,bot
929107107978211328,u929107107978211328,bot
929178128848625665,u929178128848625665,bot
929732297414381568,u929732297414381568,human
929791330519322624,u929791330519322624,bot
930026683838611456,u930026683838611456,bot
930099529625624576,u930099529625624576,bot
930227405997801472,u930227405997801472,human
930312537958174720,u930312537958174720,human
930322109351460864,u930322109351460864,human
930380832782671872,u930380832782671872,human
930451718680260610,u930451718680260610,human
930471098344525825,u930471098344525825,bot
930502837053902849,u930502837053902849,bot
930748671767056385,u930748671767056385,bot
930833035091640320,u930833035091640320,human
930881087957544961,u930881087957544961,bot
931035131636105216,u931035131636105216,bot
931154553592078338,u931154553592078338,bot
931174445263261697,u931174445263261697,bot
931209924385710080,u931209924385710080,bot
931249366634987521,u931249366634987521,human
931266430875701248,u931266430875701248,human
931267967559585793,u931267967559585793,bot
931598010173349888,u931598010173349888,bot
931681289614385158,u931681289614385158,human
932338725803253760,u932338725803253760,human
932581061112029185,u932581061112029185,bot
932649755242651648,u932649755242651648,human
932847441316999169,u932847441316999169,human
932865189686448128,u932865189686448128,human
933084565895286786,u933084565895286786,human
933227158398386182,u933227158398386182,human
933428625277251584,u933428625277251584,human
933460005893713920,u933460005893713920,bot
933646020436664320,u933646020436664320,bot
933938983637155840,u933938983637155840,human
934149146742808577,u934149146742808577,bot
934223587799527424,u934223587799527424,bot
934622785577525248,u934622785577525248,human
934897738172342272,u934897738172342272,human
934960623028387841,u934960623028387841,bot
935001180673007616,u935001180673007616,bot
935152012576067585,u935152012576067585,human
935245013797175296,u935245013797175296,bot
935253847311663104,u935253847311663104,bot
935278893187108864,u935278893187108864,bot
935329702654361600,u935329702654361600,bot
935339055151185921,u935339055151185921,human
935549442106720256,u935549442106720256,bot
935606860547346433,u935606860547346433,human
935656379104161792,u935656379104161792,human
935750757751640066,u935750757751640066,human
935988518433718277,u935988518433718277,bot
936134598295093248,u936134598295093248,bot
936156509309988864,u936156509309988864,human
936169831786835968,u936169831786835968,human
936188223273013248,u936188223273013248,human
936224248586211329,u936224248586211329,human
936310701047668736,u936310701047668736,bot
936318255702204416,u936318255702204416,human
936331435614593024,u936331435614593024,bot
936363566827008000,u936363566827008000,human
936570665309822976,u936570665309822976,bot
936632192658059264,u936632192658059264,human
936634238916546562,u936634238916546562,bot
936651743764664321,u936651743764664321,bot
936699493050933248,u936699493050933248,human
937399704157114372,u937399704157114372,bot
937672256066646016,u937672256066646016,bot
937706817156796416,u937706817156796416,human
937710988190765056,u937710988190765056,human
937721982463832069,u937721982463832069,bot
937725617088356352,u937725617088356352,human
937733703911972864,u937733703911972864,bot
937747120702058496,u937747120702058496,bot
937934670712524800,u937934670712524800,bot
938047364698443776,u938047364698443776,human
938086983011917825,u938086983011917825,bot
938206414652223489,u938206414652223489,human
938321541829447680,u938321541829447680,bot
938338405645258753,u938338405645258753,bot
938429346292826112,u938429346292826112,bot
938616384572948480,u938616384572948480,human
938710723672227840,u938710723672227840,bot
938759137969758208,u938759137969758208,bot
938807680487055360,u938807680487055360,human
938912936025714688,u938912936025714688,human
939003758398210049,u939003758398210049,bot
939318691212267521,u939318691212267521,bot
939355506036170753,u939355506036170753,bot
939654993954725888,u939654993954725888,bot
939816677465886720,u939816677465886720,human
939835083745255425,u939835083745255425,human
939975090434904069,u939975090434904069,bot
940015101553364996,u940015101553364996,bot
940102295685021696,u940102295685021696,human
940135684194611200,u940135684194611200,bot
940332977258680320,u940332977258680320,bot
940543515548717056,u940543515548717056,human
940578188979253248,u940578188979253248,human
940718480202051585,u940718480202051585,bot
940881739915976705,u940881739915976705,bot
940950644629934080,u940950644629934080,bot
941062524761341952,u941062524761341952,human
941102447686180869,u941102447686180869,human
941131462744539137,u941131462744539137,bot
941165149393526784,u941165149393526784,bot
941201703667486720,u941201703667486720,bot
941451337035911169,u941451337035911169,bot
941721529166938112,u941721529166938112,bot
941757498972831747,u941757498972831747,bot
941903680084647936,u941903680084647936,bot
942137112119336960,u942137112119336960,bot
942456650014785536,u942456650014785536,bot
942687815279800320,u942687815279800320,human
943071298753662977,u943071298753662977,bot
943101874575568896,u943101874575568896,human
943465764203515904,u943465764203515904,human
943539687842607104,u943539687842607104,human
943553250124541953,u943553250124541953,bot
943679546452148224,u943679546452148224,bot
943786126262841344,u943786126262841344,bot
943817536352681985,u943817536352681985,bot
943968591258505222,u943968591258505222,bot
944141070836711429,u944141070836711429,bot
944969708306141184,u944969708306141184,bot
944989987329773568,u944989987329773568,bot
945040712080510977,u945040712080510977,bot
945593804689571840,u945593804689571840,bot
945650237695197185,u945650237695197185,human
945708754825342976,u945708754825342976,bot
945894707321888768,u945894707321888768,bot
945957031323639808,u945957031323639808,human
946076082192683008,u946076082192683008,bot
946202760025952256,u946202760025952256,bot
946449270701297664,u946449270701297664,bot
946468441753452544,u946468441753452544,human
946477930636611587,u946477930636611587,human
946569239984406528,u946569239984406528,bot
946926984332042240,u946926984332042240,human
947258716025446400,u947258716025446400,human
947386969788739584,u947386969788739584,human
947861813349240832,u947861813349240832,human
947924373029171200,u947924373029171200,human
948019459838447616,u948019459838447616,bot
948212855354134528,u948212855354134528,bot
948260302499598337,u948260302499598337,bot
948274771837444096,u948274771837444096,human
948397415132024838,u948397415132024838,bot
948639587143860224,u948639587143860224,bot
948661949629456384,u948661949629456384,human
948967636024614912,u948967636024614912,bot
949318577160622085,u949318577160622085,bot
949418983119310849,u949418983119310849,bot
949754838732156928,u949754838732156928,human
949778836048277504,u949778836048277504,human
950061989551722496,u950061989551722496,bot
950439970845605888,u950439970845605888,human
950451100682825728,u950451100682825728,bot
950512465439174656,u950512465439174656,human
950561519196020736,u950561519196020736,bot
950586151810818048,u950586151810818048,human
950661934105415680,u950661934105415680,human
950761725430677504,u950761725430677504,human
951091819089219584,u951091819089219584,human
951142665977933824,u951142665977933824,bot
951329744804392960,u951329744804392960,human
951342887685558272,u951342887685558272,human
951429239450079232,u951429239450079232,bot
951442837295509505,u951442837295509505,human
951461375058071552,u951461375058071552,bot
951772611876409344,u951772611876409344,bot
951914083615477761,u951914083615477761,bot
951940066187862016,u951940066187862016,bot
951984491203055616,u951984491203055616,bot
952087880918228992,u952087880918228992,human
952267431069790209,u952267431069790209,human
952360161007538176,u952360161007538176,bot
952424562448252929,u952424562448252929,bot
952426744253853696,u952426744253853696,human
952859605071212544,u952859605071212544,bot
952913425713086464,u952913425713086464,human
952943135314923523,u952943135314923523,human
953186687261134848,u953186687261134848,human
953198068660305920,u953198068660305920,bot
953369915544801283,u953369915544801283,human
953389910827896839,u953389910827896839,bot
953423624651730944,u953423624651730944,bot
953680522106064896,u953680522106064896,bot
953686343825096705,u953686343825096705,bot
953715019333754881,u953715019333754881,bot
953755479477555201,u953755479477555201,bot
953821322668322817,u953821322668322817,human
953998051672313856,u953998051672313856,bot
954009558464184321,u954009558464184321,bot
954018010246807552,u954018010246807552,bot
954030928531111936,u954030928531111936,bot
954264776833716225,u954264776833716225,human
954335153723183104,u954335153723183104,human
954345048765861888,u954345048765861888,human
954406397193654273,u954406397193654273,bot
954463515800162304,u954463515800162304,human
954619946851618816,u954619946851618816,bot
954620165592899584,u954620165592899584,bot
955057705047044097,u955057705047044097,bot
955443343336660995,u955443343336660995,human
955604515893448704,u955604515893448704,bot
955609947244519424,u955609947244519424,bot
955671124280598528,u955671124280598528,bot
955768653047390208,u955768653047390208,human
956250163848376320,u956250163848376320,human
956256834549108736,u956256834549108736,human
956651396207693824,u956651396207693824,bot
956674177033015296,u956674177033015296,human
956840962713575424,u956840962713575424,human
957134260074246145,u957134260074246145,bot
957157357967953921,u957157357967953921,bot
957514867115806720,u957514867115806720,bot
957703848340070400,u957703848340070400,bot
957852912390234112,u957852912390234112,bot
958405675998162944,u958405675998162944,human
958567675436859394,u958567675436859394,human
958924086306013184,u958924086306013184,bot
959028649528840192,u959028649528840192,human
959338543213670401,u959338543213670401,bot
959478967861424133,u959478967861424133,bot
959583815197868035,u959583815197868035,bot
959706884826697728,u959706884826697728,bot
959899465984471042,u959899465984471042,human
959918848492363777,u959918848492363777,bot
960015338095239168,u960015338095239168,human
960214935904161792,u960214935904161792,human
960399630730084352,u960399630730084352,bot
960459029058375682,u960459029058375682,human
960885624260640768,u960885624260640768,human
960948066030374912,u960948066030374912,bot
960970493707788288,u960970493707788288,bot
961168892109340672,u961168892109340672,bot
961263258018762753,u961263258018762753,bot
961273302164627456,u961273302164627456,human
961286905882140672,u961286905882140672,human
961331090429427713,u961331090429427713,bot
961490991306833920,u961490991306833920,bot
961544622806917121,u961544622806917121,human
961564557247483906,u961564557247483906,human
961696278114521088,u961696278114521088,bot
961702281505681408,u961702281505681408,human
961791530259419136,u961791530259419136,bot
961802092003209216,u961802092003209216,human
962157797172502528,u962157797172502528,human
962431009680740352,u962431009680740352,human
962529422271135744,u962529422271135744,bot
962876421268914177,u962876421268914177,bot
963059775603953665,u963059775603953665,bot
963065581439086593,u963065581439086593,bot
963086548966215681,u963086548966215681,bot
963142506450845696,u963142506450845696,bot
963220649811611648,u963220649811611648,human
963399597728129024,u963399597728129024,bot
963424322516856832,u963424322516856832,human
963468858798608384,u963468858798608384,bot
963625448344379392,u963625448344379392,human
963706405000794113,u963706405000794113,bot
963806635272613888,u963806635272613888,human
963884836162342913,u963884836162342913,human
964428194479681537,u964428194479681537,bot
964549915920732161,u964549915920732161,bot
964826864962408448,u964826864962408448,human
965023721282048001,u965023721282048001,bot
965093642456023040,u965093642456023040,human
965130018895482882,u965130018895482882,bot
965279321752522753,u965279321752522753,bot
965349922508767233,u965349922508767233,bot
965556224283627520,u965556224283627520,human
965577279366610945,u965577279366610945,human
965674672988852225,u965674672988852225,human
965971075191353344,u965971075191353344,bot
966249800919236608,u966249800919236608,human
966266266586554368,u966266266586554368,human
966279849676627968,u966279849676627968,bot
966537939760054273,u966537939760054273,bot
966540857431138304,u966540857431138304,bot
966697169532137472,u966697169532137472,human
966942608600850432,u966942608600850432,bot
967056764062584834,u967056764062584834,human
967115349576617984,u967115349576617984,human
967142592499585024,u967142592499585024,bot
967289398835507200,u967289398835507200,bot
967382282402254848,u967382282402254848,bot
967510573746339840,u967510573746339840,human
967540879564136453,u967540879564136453,human
967541001202974720,u967541001202974720,bot
967871914600488960,u967871914600488960,bot
968091954624909312,u968091954624909312,bot
968105128220819457,u968105128220819457,bot
968123924491001856,u968123924491001856,human
968190473625112577,u968190473625112577,bot
968269097971499008,u968269097971499008,human
968536128268750848,u968536128268750848,bot
968713427924418562,u968713427924418562,human
968922727175409664,u968922727175409664,human
969157810289303554,u969157810289303554,bot
969336690392276993,u969336690392276993,human
969584428971380736,u969584428971380736,bot
969628305740582912,u969628305740582912,human
969629299933315073,u969629299933315073,human
969911597580759040,u969911597580759040,human
969935105115525120,u969935105115525120,bot
970095571267710976,u970095571267710976,bot
970376432827453440,u970376432827453440,bot
970404402828787712,u970404402828787712,human
970426727158689792,u970426727158689792,human
970431277533810689,u970431277533810689,bot
970575183978336256,u970575183978336256,bot
970716252179136514,u970716252179136514,human
970780136562937856,u970780136562937856,human
970964263106940928,u970964263106940928,human
971323979133800448,u971323979133800448,bot
971324470563655680,u971324470563655680,bot
971361006348890113,u971361006348890113,human
971370779005898752,u971370779005898752,human
971459033277313024,u971459033277313024,human
971521825363685377,u971521825363685377,bot
971535798351806467,u971535798351806467,bot
971573194288259072,u971573194288259072,bot
971749681289138177,u971749681289138177,bot
971781381419237376,u971781381419237376,bot
972092072898347010,u972092072898347010,human
972113479447470080,u972113479447470080,bot
972210344067239936,u972210344067239936,human
972644920371458049,u972644920371458049,bot
972816292691427333,u972816292691427333,bot
972891836476923904,u972891836476923904,bot
973038332811898880,u973038332811898880,human
973197695388090368,u973197695388090368,bot
973242975219322882,u973242975219322882,human
973492976847597568,u973492976847597568,bot
973638026382503941,u973638026382503941,bot
973892547650125824,u973892547650125824,bot
973892651522166785,u973892651522166785,human
974144123480494080,u974144123480494080,human
974697596085329921,u974697596085329921,human
974734537476530181,u974734537476530181,human
974751247793311745,u974751247793311745,human
974768006759895043,u974768006759895043,bot
974837240621862914,u974837240621862914,bot
975056001375272960,u975056001375272960,human
975211630584836096,u975211630584836096,bot
975338579789479937,u975338579789479937,human
975338847365148672,u975338847365148672,bot
975356758632882176,u975356758632882176,human
975735690498596864,u975735690498596864,human
975782467452985344,u975782467452985344,bot
975848453271097344,u975848453271097344,human
975850467937878017,u975850467937878017,human
976304508719558661,u976304508719558661,bot
976532488381239297,u976532488381239297,human
976539516436733952,u976539516436733952,bot
976620969384185856,u976620969384185856,human
976821775370719234,u976821775370719234,bot
976935295798140928,u976935295798140928,human
977057649387696128,u977057649387696128,human
977108150166917120,u977108150166917120,human
977141504467767298,u977141504467767298,bot
977170460751298564,u977170460751298564,human
977212489300627458,u977212489300627458,bot
977284292727353344,u977284292727353344,bot
977499227336003585,u977499227336003585,bot
977541804684926978,u977541804684926978,bot
977957075065110529,u977957075065110529,human
977983234297552896,u977983234297552896,bot
978262864078299137,u978262864078299137,human
978295966330736640,u978295966330736640,human
978566222282444800,u978566222282444800,human
978639907710058496,u978639907710058496,bot
978749448246489089,u978749448246489089,bot
979041261570097153,u979041261570097153,bot
979331344256946176,u979331344256946176,bot
979347726151364608,u979347726151364608,human
979571577581785088,u979571577581785088,bot
979648612257873920,u979648612257873920,bot
979810138067529729,u979810138067529729,human
979848443853246464,u979848443853246464,bot
980005687517474816,u980005687517474816,bot
980088607103954945,u980088607103954945,bot
980448041734934529,u980448041734934529,human
980749991491682304,u980749991491682304,human
980996487382536192,u980996487382536192,human
981028883641217025,u981028883641217025,human
981192783028396033,u981192783028396033,human
981250608190644224,u981250608190644224,bot
981275320446746624,u981275320446746624,bot
981451968534073344,u981451968534073344,bot
981473550254198784,u981473550254198784,bot
981548248979603457,u981548248979603457,bot
981707577657405440,u981707577657405440,bot
981865190416420865,u981865190416420865,bot
981939674045452289,u981939674045452289,human
982024587583115264,u982024587583115264,bot
982210411918385152,u982210411918385152,bot
982337621748678656,u982337621748678656,bot
982516128667779078,u982516128667779078,bot
982527082591866880,u982527082591866880,human
982703404794425349,u982703404794425349,human
982719496220790785,u982719496220790785,bot
983064697992773634,u983064697992773634,human
983487921238900737,u983487921238900737,human
983509438563745792,u983509438563745792,bot
983580450902818817,u983580450902818817,human
983710040753364993,u983710040753364993,human
983780245768757250,u983780245768757250,human
983914437655457792,u983914437655457792,bot
984043193934151682,u984043193934151682,bot
984059935645421568,u984059935645421568,human
984159299411894273,u984159299411894273,bot
984232946596016128,u984232946596016128,human
984369416241590272,u984369416241590272,human
984428440379187201,u984428440379187201,bot
984486195999617024,u984486195999617024,bot
984521262411198465,u984521262411198465,human
984578159210311681,u984578159210311681,human
984703114447065088,u984703114447065088,human
984864177738207232,u984864177738207232,bot
985681327306498048,u985681327306498048,bot
985686071244541952,u985686071244541952,human
985916593065476096,u985916593065476096,human
986125020404514816,u986125020404514816,bot
986283777335808000,u986283777335808000,bot
986296779514707970,u986296779514707970,human
986508547210006528,u986508547210006528,bot
986525549488111616,u986525549488111616,bot
986623356605730816,u986623356605730816,human
986652825563357184,u986652825563357184,bot
986655152659664901,u986655152659664901,human
986658303878029312,u986658303878029312,human
986734646443565059,u986734646443565059,bot
986768489007362048,u986768489007362048,human
987036964229664770,u987036964229664770,bot
987064812239716352,u987064812239716352,human
987088439463088128,u987088439463088128,human
987244464832950277,u987244464832950277,bot
987648596303597568,u987648596303597568,bot
987729476149653504,u987729476149653504,bot
987800539688681472,u987800539688681472,bot
987990943038169088,u987990943038169088,bot
988170978277634048,u988170978277634048,bot
988223928513585152,u988223928513585152,human
988395374497992705,u988395374497992705,human
988495831358758912,u988495831358758912,bot
988614870588448770,u988614870588448770,bot
988639538850533377,u988639538850533377,human
988731024828968961,u988731024828968961,bot
988735785192120320,u988735785192120320,bot
988795345046978561,u988795345046978561,bot
989136114433736705,u989136114433736705,human
989160650327908353,u989160650327908353,human
989229780640960512,u989229780640960512,human
989316882422353921,u989316882422353921,human
989359746179354625,u989359746179354625,human
989396481282052096,u989396481282052096,bot
989521438825746433,u989521438825746433,human
989552461936553984,u989552461936553984,bot
989591203300569088,u989591203300569088,bot
989771135813222401,u989771135813222401,bot
990006862048309248,u990006862048309248,bot
990049407633518592,u990049407633518592,bot
990399984318275585,u990399984318275585,bot
990433714948661250,u990433714948661250,human
990731452022059008,u990731452022059008,bot
990862995180965888,u990862995180965888,human
991210614180605952,u991210614180605952,bot
991337315921473536,u991337315921473536,human
991365283498651648,u991365283498651648,human
991514049564176384,u991514049564176384,bot
991571748683468800,u991571748683468800,human
991582627231510529,u991582627231510529,bot
991750876262891520,u991750876262891520,bot
991965599780757504,u991965599780757504,human
992132818439290880,u992132818439290880,human
992259803681439745,u992259803681439745,bot
992410352548761600,u992410352548761600,bot
992490697105141760,u992490697105141760,human
992785798704451586,u992785798704451586,bot
992881484947247105,u992881484947247105,human
993137416738410496,u993137416738410496,bot
993223833040584705,u993223833040584705,human
993435347936833537,u993435347936833537,human
993555096150700032,u993555096150700032,human
993868489252311041,u993868489252311041,human
994081250146181120,u994081250146181120,bot
994155418145390592,u994155418145390592,human
994300581291282432,u994300581291282432,human
994304342130913281,u994304342130913281,bot
994744356908294147,u994744356908294147,bot
994954621000003585,u994954621000003585,bot
995329809822765058,u995329809822765058,human
995587140707868672,u995587140707868672,bot
995623608591552512,u995623608591552512,human
995650360843931649,u995650360843931649,human
995703482467405824,u995703482467405824,bot
996188707538563075,u996188707538563075,human
996320013022777344,u996320013022777344,human
996493481114730498,u996493481114730498,bot
996735440970493952,u996735440970493952,human
996790688506433539,u996790688506433539,human
996829570274807808,u996829570274807808,human
996838648070000640,u996838648070000640,human
997082422435921920,u997082422435921920,human
997125573519396864,u997125573519396864,bot
997138342905958401,u997138342905958401,bot
997606723832766465,u997606723832766465,bot
997657750455762944,u997657750455762944,bot
997994342949236736,u997994342949236736,human
998025254806147072,u998025254806147072,human
998120739197898753,u998120739197898753,bot
998242627123376128,u998242627123376128,human
998260196735639552,u998260196735639552,human
998327796672811008,u998327796672811008,human
998458613046882305,u998458613046882305,bot
998513807851958272,u998513807851958272,human
998521411437301760,u998521411437301760,bot
998591858195484673,u998591858195484673,bot
998964108924997634,u998964108924997634,human
998980799218233350,u998980799218233350,human
999068699322667008,u999068699322667008,human
999494433409261573,u999494433409261573,human
999505252435902464,u999505252435902464,bot
999527804042559489,u999527804042559489,bot
999678952766517248,u999678952766517248,human
999908467832901632,u999908467832901632,bot
999947328621395968,u999947328621395968,human
999991144384737280,u999991144384737280,bot
1000204725600403456,u1000204725600403456,bot
1000524625892212742,u1000524625892212742,human
1000774543647141888,u1000774543647141888,bot
1000958672648814592,u1000958672648814592,human
1000979520948600832,u1000979520948600832,human
1001406291581976576,u1001406291581976576,bot
1001443833102655489,u1001443833102655489,bot
1001513160212471810,u1001513160212471810,bot
1001863463642189826,u1001863463642189826,human
1001875491043889152,u1001875491043889152,human
1001902518971092992,u1001902518971092992,bot
1001941109780746241,u1001941109780746241,bot
1002077200886071296,u1002077200886071296,bot
1002211204897517568,u1002211204897517568,human
1002229604734599174,u1002229604734599174,human
1002287910064934917,u1002287910064934917,human
1002321190315331584,u1002321190315331584,bot
1002790398765555712,u1002790398765555712,bot
1002899059705810944,u1002899059705810944,human
1003004687573020672,u1003004687573020672,human
1003205498278170624,u1003205498278170624,bot
1003379156984483842,u1003379156984483842,bot
1003451792456216578,u1003451792456216578,bot
1003671043729428480,u1003671043729428480,bot
1003674890355052544,u1003674890355052544,human
1003836763578646528,u1003836763578646528,bot
1003909323628646400,u1003909323628646400,human
1003913756223496192,u1003913756223496192,human
1003941295864401920,u1003941295864401920,bot
1004046048980013057,u1004046048980013057,human
1004117711805407233,u1004117711805407233,human
1004126803995181057,u1004126803995181057,bot
1004247600848035840,u1004247600848035840,human
1004440668763230210,u1004440668763230210,human
1004480856151343104,u1004480856151343104,bot
1004486292401541121,u1004486292401541121,human
1004770429070970880,u1004770429070970880,bot
1004801822522036226,u1004801822522036226,bot
1004904662518992896,u1004904662518992896,bot
1005087744027082752,u1005087744027082752,bot
1005155787776364545,u1005155787776364545,human
1005370056413413376,u1005370056413413376,human
1005422441492082688,u1005422441492082688,human
1005540881389248512,u1005540881389248512,bot
1005616619316482049,u1005616619316482049,human
1006025006982270976,u1006025006982270976,bot
1006088295972048898,u1006088295972048898,bot
1006181491246710784,u1006181491246710784,bot
1006288914485833731,u1006288914485833731,bot
1006304400330186752,u1006304400330186752,bot
1006320912164163585,u1006320912164163585,human
1006332556831145984,u1006332556831145984,bot
1006398890260729856,u1006398890260729856,bot
1006419421244678144,u1006419421244678144,human
1006460973887213569,u1006460973887213569,human
1006469614010818563,u1006469614010818563,human
1006506407322144768,u1006506407322144768,bot
1006601503988121600,u1006601503988121600,bot
1006811794172674048,u1006811794172674048,bot
1006911095062323201,u1006911095062323201,bot
1006923068177113088,u1006923068177113088,bot
1007050268062597121,u1007050268062597121,bot
1007218217633361920,u1007218217633361920,human
1007289017422045187,u1007289017422045187,bot
1007380246516174848,u1007380246516174848,bot
1007505793761964032,u1007505793761964032,human
1007582855113969664,u1007582855113969664,human
1007740654259236865,u1007740654259236865,human
1007910924567633920,u1007910924567633920,bot
1008210166230274049,u1008210166230274049,bot
1008287581086408710,u1008287581086408710,bot
1008375874096427013,u1008375874096427013,bot
1008436503616225280,u1008436503616225280,human
1008695999701929986,u1008695999701929986,bot
1008893891628580864,u1008893891628580864,bot
1009140644382683138,u1009140644382683138,human
1009495181882773506,u1009495181882773506,human
1009804608540200960,u1009804608540200960,human
1009822765933723648,u1009822765933723648,bot
1010033533279014913,u1010033533279014913,human
1010047555852435456,u1010047555852435456,bot
1010158052513861632,u1010158052513861632,human
1010260904179617792,u1010260904179617792,bot
1010481333234069505,u1010481333234069505,bot
1010743719299956737,u1010743719299956737,human
1010788616530903041,u1010788616530903041,bot
1010825908066967552,u1010825908066967552,human
1011190414550945794,u1011190414550945794,human
1011305593435574272,u1011305593435574272,human
1011392868055994368,u1011392868055994368,human
1011505410090532864,u1011505410090532864,human
1011559160540876800,u1011559160540876800,bot
1011941361573089280,u1011941361573089280,human
1011980188081623040,u1011980188081623040,bot
1012115521024774144,u1012115521024774144,human
1012124895088726016,u1012124895088726016,human
1012276847135125504,u1012276847135125504,bot
1012314942953881601,u1012314942953881601,bot
1012782544792834048,u1012782544792834048,bot
1012942859681476608,u1012942859681476608,bot
1013151066299478016,u1013151066299478016,human
1013329200491659265,u1013329200491659265,human
1013601199935942656,u1013601199935942656,bot
1013616900411088897,u1013616900411088897,bot
1013723691815927808,u1013723691815927808,bot
1013941702820880384,u1013941702820880384,bot
1013971684624424960,u1013971684624424960,human
1014219100380418054,u1014219100380418054,human
1014312247315886092,u1014312247315886092,bot
1014513206478426112,u1014513206478426112,human
1014524458508439552,u1014524458508439552,bot
1014614550463692800,u1014614550463692800,human
1014747422361149441,u1014747422361149441,bot
1014957733320318976,u1014957733320318976,bot
1015004699106447362,u1015004699106447362,bot
1015114622146232320,u1015114622146232320,bot
1015586522765111297,u1015586522765111297,bot
1015681547415031808,u1015681547415031808,human
1015958510935293952,u1015958510935293952,human
1016233031877779456,u1016233031877779456,human
1016244928945541120,u1016244928945541120,human
1016288526009282560,u1016288526009282560,bot
1016291220463726592,u1016291220463726592,bot
1016359279895474176,u1016359279895474176,bot
1016733864998424576,u1016733864998424576,human
1016786527748313088,u1016786527748313088,human
1016819170288328704,u1016819170288328704,human
1016862658845237248,u1016862658845237248,bot
1017029007752290305,u1017029007752290305,bot
1017063166784757761,u1017063166784757761,human
1017096025843134467,u1017096025843134467,human
1017385070083141632,u1017385070083141632,bot
1017441116256382978,u1017441116256382978,bot
1017953975142739968,u1017953975142739968,bot
1017968345193373702,u1017968345193373702,human
1018043446165204993,u1018043446165204993,human
1018053278662316032,u1018053278662316032,bot
1018488939181629445,u1018488939181629445,human
1018670963250978816,u1018670963250978816,bot
1018755160733044738,u1018755160733044738,human
1019325782068482048,u1019325782068482048,bot
1019334714338041857,u1019334714338041857,human
1019363882115239937,u1019363882115239937,bot
1019481531633430529,u1019481531633430529,human
1019718525244575744,u1019718525244575744,bot
1019944707311403008,u1019944707311403008,human
1020214551206289408,u1020214551206289408,bot
1020366177326059521,u1020366177326059521,bot
1020673882980855808,u1020673882980855808,human
1020895678728318977,u1020895678728318977,bot
1021016613297033216,u1021016613297033216,bot
1021054215526014976,u1021054215526014976,bot
1021070439668305920,u1021070439668305920,human
1021356552010326017,u1021356552010326017,bot
1021428436886343680,u1021428436886343680,human
1021834537314209792,u1021834537314209792,bot
1022209734076710912,u1022209734076710912,human
1022505650960691206,u1022505650960691206,bot
1022697760678658048,u1022697760678658048,human
1022923794191544322,u1022923794191544322,bot
1023194384890777601,u1023194384890777601,bot
1023201980083257344,u1023201980083257344,bot
1023209418874212352,u1023209418874212352,bot
1023224693795381251,u1023224693795381251,human
1023353170406334469,u1023353170406334469,human
1023672783455375361,u1023672783455375361,bot
1023818495471964160,u1023818495471964160,bot
1023884764590301185,u1023884764590301185,human
1023924787855413248,u1023924787855413248,bot
1023927353293070336,u1023927353293070336,bot
1024153344351318016,u1024153344351318016,bot
1024295848811880448,u1024295848811880448,bot
1024451075250839552,u1024451075250839552,bot
1024584442776440832,u1024584442776440832,bot
1024624852571844608,u1024624852571844608,bot
1024699964071522305,u1024699964071522305,human
1024964798231072768,u1024964798231072768,bot
1025183298564370432,u1025183298564370432,bot
1025288631735541761,u1025288631735541761,bot
1025453958452527105,u1025453958452527105,bot
1025516888002969605,u1025516888002969605,human
1025832234912296961,u1025832234912296961,bot
1025920284241666049,u1025920284241666049,human
1026018296230039552,u1026018296230039552,human
1026027128578498560,u1026027128578498560,bot
1026124369326690304,u1026124369326690304,bot
1026567926462210048,u1026567926462210048,bot
1026753764345008128,u1026753764345008128,bot
1027027629956771841,u1027027629956771841,bot
1027155433574879232,u1027155433574879232,human
1027170912758636544,u1027170912758636544,bot
1027237118735597568,u1027237118735597568,bot
1027495102988472320,u1027495102988472320,bot
1027524968504995841,u1027524968504995841,human
1027585001708310528,u1027585001708310528,bot
1027785463799537664,u1027785463799537664,human
1027903064420900865,u1027903064420900865,bot
1028049654112370688,u1028049654112370688,bot
1028278628503695360,u1028278628503695360,bot
1028354536564383744,u1028354536564383744,human
1029025664350015488,u1029025664350015488,bot
1029243567300984835,u1029243567300984835,bot
1029338221459714048,u1029338221459714048,human
1029421182108528640,u1029421182108528640,bot
1029421905894408193,u1029421905894408193,human
1029465843393024005,u1029465843393024005,human
1029561938676801536,u1029561938676801536,bot
1029695930608611328,u1029695930608611328,human
1029755036803497985,u1029755036803497985,bot
1029888464404324352,u1029888464404324352,bot
1029993511771287552,u1029993511771287552,human
1030044999180853248,u1030044999180853248,human
1030055665274781696,u1030055665274781696,human
1030088962423971842,u1030088962423971842,human
1030145966572294144,u1030145966572294144,human
1030184259934466049,u1030184259934466049,bot
1030464891830902784,u1030464891830902784,human
1030663815292178432,u1030663815292178432,bot
1030921417485942784,u1030921417485942784,human
1030960674032119809,u1030960674032119809,bot
1031077915188846594,u1031077915188846594,human
1031130431448670209,u1031130431448670209,bot
1031273115685466112,u1031273115685466112,bot
1031428931562426373,u1031428931562426373,bot
1031447521275637761,u1031447521275637761,human
1031496907384807424,u1031496907384807424,human
1031846051710418945,u1031846051710418945,bot
1031856893524885505,u1031856893524885505,bot
1031877505970515969,u1031877505970515969,human
1031942980834418688,u1031942980834418688,bot
1031969008881422336,u1031969008881422336,bot
1032095729123176448,u1032095729123176448,bot
1032124901291905024,u1032124901291905024,bot
1032323258845147136,u1032323258845147136,human
1032422884805767168,u1032422884805767168,bot
1032594621417828352,u1032594621417828352,bot
1032692678700482561,u1032692678700482561,bot
1032705009794932736,u1032705009794932736,bot
1032736453447639045,u1032736453447639045,human
1032773318623911936,u1032773318623911936,bot
1033005140524113920,u1033005140524113920,human
1033034329499336712,u1033034329499336712,bot
1033067494523715586,u1033067494523715586,human
1033103646475595776,u1033103646475595776,human
1033747015006609415,u1033747015006609415,bot
1034117277061267458,u1034117277061267458,human
1034233575758094336,u1034233575758094336,human
1034272792676421632,u1034272792676421632,bot
1034582939151958017,u1034582939151958017,bot
1034815150111551488,u1034815150111551488,bot
1034874637623025665,u1034874637623025665,bot
1034902128815480834,u1034902128815480834,bot
1034947411154595840,u1034947411154595840,human
1035203779501613056,u1035203779501613056,bot
1035331834001989633,u1035331834001989633,bot
1035372205977292800,u1035372205977292800,bot
1035389878605885440,u1035389878605885440,human
1035460949895860224,u1035460949895860224,bot
1035496968775249920,u1035496968775249920,human
1035626102109159424,u1035626102109159424,bot
1035900602742657024,u1035900602742657024,bot
1036266691058167808,u1036266691058167808,human
1036558351688249344,u1036558351688249344,human
1036715474262941698,u1036715474262941698,human
1036741169533747201,u1036741169533747201,human
1036809668625162240,u1036809668625162240,human
1036876613798035456,u1036876613798035456,bot
1036924721030459392,u1036924721030459392,bot
1036971492012171267,u1036971492012171267,bot
1037045241084342272,u1037045241084342272,human
1037120922161954817,u1037120922161954817,bot
1037154606525100032,u1037154606525100032,human
1037247391378886656,u1037247391378886656,bot
1037340299264176131,u1037340299264176131,bot
1037359032154173441,u1037359032154173441,human
1037520702667190272,u1037520702667190272,bot
1037629948129959937,u1037629948129959937,bot
1037677222105153537,u1037677222105153537,bot
1037733879094935553,u1037733879094935553,human
1037844502554206208,u1037844502554206208,human
1037896533176344577,u1037896533176344577,human
1037906231950635009,u1037906231950635009,bot
1038328237909266432,u1038328237909266432,human
1038350218302042115,u1038350218302042115,human
1038385820678410241,u1038385820678410241,human
1038400095861932033,u1038400095861932033,bot
1038512253505622017,u1038512253505622017,bot
1038573584480915456,u1038573584480915456,bot
1038715747210543105,u1038715747210543105,bot
1038806137234022400,u1038806137234022400,bot
1038814091371012096,u1038814091371012096,human
1039229226996654080,u1039229226996654080,human
1039233251162943489,u1039233251162943489,human
1039362013816737793,u1039362013816737793,human
1039455463304318976,u1039455463304318976,human
1039659794221735936,u1039659794221735936,bot
1039790371729858560,u1039790371729858560,bot
1039847504483774465,u1039847504483774465,bot
1039940984304328705,u1039940984304328705,bot
1040184649056747520,u1040184649056747520,human
1040274535570792448,u1040274535570792448,bot
1040421066743660549,u1040421066743660549,human
1040682005661405184,u1040682005661405184,bot
1040762951794286592,u1040762951794286592,human
1041095931800637440,u1041095931800637440,bot
1041227513328951296,u1041227513328951296,human
1041301716635856896,u1041301716635856896,bot
1041367248139702273,u1041367248139702273,bot
1041440667313078274,u1041440667313078274,bot
1041569704211632128,u1041569704211632128,human
1041607281304064002,u1041607281304064002,human
1041620385022664705,u1041620385022664705,human
1041706463285018625,u1041706463285018625,bot
1041857599266795523,u1041857599266795523,bot
1041886898925588480,u1041886898925588480,human
1042162106890682368,u1042162106890682368,bot
1042182809945698305,u1042182809945698305,bot
1042504042369441792,u1042504042369441792,bot
1042694725139087361,u1042694725139087361,bot
1042810503238754304,u1042810503238754304,human
1042946338781110274,u1042946338781110274,bot
1043289135174361088,u1043289135174361088,human
1043860125486743552,u1043860125486743552,bot
1043910485320568834,u1043910485320568834,bot
1044045837192634369,u1044045837192634369,bot
1044170531946287104,u1044170531946287104,human
1044253186532560896,u1044253186532560896,bot
1044256734808862720,u1044256734808862720,human
1044351228099145734,u1044351228099145734,bot
1044587424649793536,u1044587424649793536,bot
1044671854080872450,u1044671854080872450,bot
1044674658501619712,u1044674658501619712,human
1044725817908109312,u1044725817908109312,human
1044743209128251396,u1044743209128251396,bot
1044937544209760257,u1044937544209760257,human
1044975553919553536,u1044975553919553536,bot
1044979644183838720,u1044979644183838720,human
1045068059457851392,u1045068059457851392,human
1045321064966950913,u1045321064966950913,bot
1045340925831065603,u1045340925831065603,human
1045380884243927042,u1045380884243927042,bot
1045682997184217089,u1045682997184217089,human
1046019723908075521,u1046019723908075521,bot
1046078437730004994,u1046078437730004994,human
1046395157136830470,u1046395157136830470,human
1046472064553676805,u1046472064553676805,human
1047151191413673985,u1047151191413673985,human
1047260318890483712,u1047260318890483712,human
1047946518597197825,u1047946518597197825,bot
1048006255556644865,u1048006255556644865,bot
1048648559728496649,u1048648559728496649,human
1048698382703837185,u1048698382703837185,bot
1048859603574829056,u1048859603574829056,bot
1048958401911373824,u1048958401911373824,bot
1049101948094439424,u1049101948094439424,bot
1049203577640640513,u1049203577640640513,human
1049287639474610176,u1049287639474610176,human
1049559717104836608,u1049559717104836608,bot
1049679735087804416,u1049679735087804416,bot
1049949307351134208,u1049949307351134208,bot
1049987860131020801,u1049987860131020801,human
1050323074632097797,u1050323074632097797,bot
1050396554350264321,u1050396554350264321,human
1050477648546168832,u1050477648546168832,human
1050688512746541056,u1050688512746541056,bot
1050709468214951937,u1050709468214951937,bot
1050729665382506496,u1050729665382506496,bot
1050744221714460672,u1050744221714460672,human
1050820784887918598,u1050820784887918598,bot
1051239135095267330,u1051239135095267330,bot
1051306762182176768,u1051306762182176768,bot
1051324628734541824,u1051324628734541824,bot
1051494821465137153,u1051494821465137153,human
1051749980543709184,u1051749980543709184,bot
1051949715506499584,u1051949715506499584,bot
1052060646139822080,u1052060646139822080,human
1052207969520238593,u1052207969520238593,bot
1052241356574330880,u1052241356574330880,human
1052261717835751425,u1052261717835751425,human
1052476357031149568,u1052476357031149568,bot
1052605605209239553,u1052605605209239553,bot
1052862016509988864,u1052862016509988864,bot
1053263903633891328,u1053263903633891328,bot
1053356734356639744,u1053356734356639744,human
1053430685254459392,u1053430685254459392,bot
1053572380541501441,u1053572380541501441,bot
1053719447687626752,u1053719447687626752,human
1054127184040878082,u1054127184040878082,human
1054145374825431040,u1054145374825431040,human
1054284237686431744,u1054284237686431744,bot
1054368890904567808,u1054368890904567808,bot
1054371919707996162,u1054371919707996162,bot
1054549370874617856,u1054549370874617856,bot
1054598765825396736,u1054598765825396736,bot
1054619763454791680,u1054619763454791680,human
1054715013942951936,u1054715013942951936,bot
1055086002920939521,u1055086002920939521,human
1055100119270522880,u1055100119270522880,human
1055204660120821760,u1055204660120821760,human
1055224251383336960,u1055224251383336960,bot
1055425812269281280,u1055425812269281280,bot
1055494766807433223,u1055494766807433223,human
1055615899787386880,u1055615899787386880,bot
1055701239856455680,u1055701239856455680,bot
1055901037888819200,u1055901037888819200,human
1055904161856974848,u1055904161856974848,bot
1055974194997948416,u1055974194997948416,human
1056078775132184577,u1056078775132184577,bot
1056370633347608578,u1056370633347608578,bot
1056533706746224640,u1056533706746224640,human
1056568256985776130,u1056568256985776130,bot
1056612461594337280,u1056612461594337280,bot
1056625711551840256,u1056625711551840256,human
1056638948418707458,u1056638948418707458,human
1056878880684957696,u1056878880684957696,bot
1056955041381302272,u1056955041381302272,bot
1056964659843121152,u1056964659843121152,bot
1057497220080193537,u1057497220080193537,human
1057803894561005568,u1057803894561005568,bot
1058044576999587840,u1058044576999587840,bot
1058105899607252992,u1058105899607252992,human
1058129093219287040,u1058129093219287040,human
1058199174330630144,u1058199174330630144,human
1058350894683582464,u1058350894683582464,bot
1058657906457948160,u1058657906457948160,bot
1058753914789683200,u1058753914789683200,bot
1059071980127821825,u1059071980127821825,bot
1059095291079487488,u1059095291079487488,bot
1059395748289232896,u1059395748289232896,human
1059416128651292672,u1059416128651292672,bot
1059518073441607680,u1059518073441607680,bot
1059539826586894337,u1059539826586894337,human
1059626719978704896,u1059626719978704896,human
1059664595021897729,u1059664595021897729,bot
1059680847425527808,u1059680847425527808,human
1059948651647287296,u1059948651647287296,human
1059958676151242753,u1059958676151242753,bot
1060188701941264384,u1060188701941264384,bot
1060238770254045185,u1060238770254045185,bot
1060486607302610944,u1060486607302610944,human
1060561360617160705,u1060561360617160705,bot
1060664762999148550,u1060664762999148550,bot
1060796083260047362,u1060796083260047362,human
1060810668365045765,u1060810668365045765,human
1060953957248290821,u1060953957248290821,bot
1061089020401246208,u1061089020401246208,human
1061118346408742913,u1061118346408742913,bot
1061165430868451329,u1061165430868451329,human
1061223661116493824,u1061223661116493824,bot
1061295339624374272,u1061295339624374272,bot
1061476403227643905,u1061476403227643905,human
1061625925610209281,u1061625925610209281,bot
1061770166302859264,u1061770166302859264,human
1061828544202858497,u1061828544202858497,bot
1061931583312027648,u1061931583312027648,bot
1062061528931819523,u1062061528931819523,human
1062077371417849862,u1062077371417849862,human
1062104911113084928,u1062104911113084928,human
1062129026536521733,u1062129026536521733,bot
1062138173462011905,u1062138173462011905,bot
1062644563830104066,u1062644563830104066,human
1063595899153199104,u1063595899153199104,human
1063841551783272448,u1063841551783272448,bot
1064572126068383745,u1064572126068383745,human
1064618784886046721,u1064618784886046721,human
1064710360144338945,u1064710360144338945,bot
1064811789391548416,u1064811789391548416,bot
1064868058836144130,u1064868058836144130,bot
1064903810806702081,u1064903810806702081,bot
1065225696212074499,u1065225696212074499,bot
1065296417042747394,u1065296417042747394,bot
1065802993721843714,u1065802993721843714,bot
1065889836941201408,u1065889836941201408,bot
1065977068339544065,u1065977068339544065,bot
1066271170083737600,u1066271170083737600,bot
1066634199396900865,u1066634199396900865,bot
1066751672427454467,u1066751672427454467,bot
1066855772741488640,u1066855772741488640,bot
1067137440538914816,u1067137440538914816,bot
1067256039995654144,u1067256039995654144,bot
1067274428927508480,u1067274428927508480,bot
1067713829843419136,u1067713829843419136,bot
1067748582042886144,u1067748582042886144,human
1067795505881726977,u1067795505881726977,human
1067866914406440961,u1067866914406440961,human
1067925193249759233,u1067925193249759233,human
1068104573989109761,u1068104573989109761,bot
1068118105199542272,u1068118105199542272,human
1068248662617264131,u1068248662617264131,human
1068482086988787712,u1068482086988787712,human
1068504447469477890,u1068504447469477890,human
1068565594793000961,u1068565594793000961,human
1068640836315885568,u1068640836315885568,bot
1068699345493663744,u1068699345493663744,bot
1068925417627795456,u1068925417627795456,human
1068930453246279680,u1068930453246279680,bot
1068961900527067141,u1068961900527067141,bot
1069106254927273984,u1069106254927273984,human
1069235367960895488,u1069235367960895488,human
1069297356510822401,u1069297356510822401,human
1069297731548651520,u1069297731548651520,bot
1069361564480884736,u1069361564480884736,human
1069458788493783040,u1069458788493783040,bot
1069621025493737473,u1069621025493737473,human
1069767230353661952,u1069767230353661952,bot
1069932361658261509,u1069932361658261509,bot
1070164564656951296,u1070164564656951296,human
1070298837384876033,u1070298837384876033,human
1070316458356424704,u1070316458356424704,human
1070333999074156544,u1070333999074156544,human
1070657779390705665,u1070657779390705665,bot
1070763342309007361,u1070763342309007361,bot
1070767062048399361,u1070767062048399361,human
1070932574497734657,u1070932574497734657,bot
1070942382986801153,u1070942382986801153,bot
1070973155949178880,u1070973155949178880,bot
1071113100739387392,u1071113100739387392,human
1071411967846301697,u1071411967846301697,bot
1072131380107190273,u1072131380107190273,bot
1072209400528551941,u1072209400528551941,human
1072259276658229248,u1072259276658229248,bot
1072308240891801601,u1072308240891801601,human
1072357974331539456,u1072357974331539456,bot
1072404907230060544,u1072404907230060544,human
1072430245234532352,u1072430245234532352,bot
1072588831428362240,u1072588831428362240,bot
1072657677963137028,u1072657677963137028,human
1072735878282280960,u1072735878282280960,bot
1072742542980988928,u1072742542980988928,human
1073082104429260800,u1073082104429260800,human
1073130523940184064,u1073130523940184064,bot
1073280001099878400,u1073280001099878400,bot
1073314694927138816,u1073314694927138816,bot
1073366496833929217,u1073366496833929217,human
1073408346387034112,u1073408346387034112,human
1073463734469869570,u1073463734469869570,bot
1073587758822842368,u1073587758822842368,bot
1073606435580325889,u1073606435580325889,human
1073730367327215618,u1073730367327215618,human
1074021125431058432,u1074021125431058432,human
1074022028271849472,u1074022028271849472,bot
1074322006445883392,u1074322006445883392,human
1074342471797260288,u1074342471797260288,bot
1074368444705976322,u1074368444705976322,bot
1074402411027009536,u1074402411027009536,bot
1074722424107790336,u1074722424107790336,bot
1074762797387538433,u1074762797387538433,human
1074926153012514817,u1074926153012514817,bot
1074961498227781632,u1074961498227781632,human
1075043474750214150,u1075043474750214150,bot
1075165507190431744,u1075165507190431744,bot
1075194558512717825,u1075194558512717825,bot
1075334839186931713,u1075334839186931713,bot
1075471714140778496,u1075471714140778496,bot
1076092249279217664,u1076092249279217664,human
1076116243265060864,u1076116243265060864,human
1076245252023955457,u1076245252023955457,human
1076265378118959104,u1076265378118959104,human
1076445969208696833,u1076445969208696833,bot
1076526138736951298,u1076526138736951298,human
1076684805423525888,u1076684805423525888,bot
1076791695407308801,u1076791695407308801,bot
1076818835762802688,u1076818835762802688,bot
1076939429875462146,u1076939429875462146,bot
1076941198554791937,u1076941198554791937,bot
1076944492807286784,u1076944492807286784,human
1076951372459851776,u1076951372459851776,bot
1077375997933060096,u1077375997933060096,human
1077516438821314560,u1077516438821314560,human
1077591768726528002,u1077591768726528002,bot
1077842087775657984,u1077842087775657984,bot
1078278907684638721,u1078278907684638721,bot
1078324065532764166,u1078324065532764166,human
1078633619864772610,u1078633619864772610,bot
1078767507316662272,u1078767507316662272,bot
1079003651929104385,u1079003651929104385,human
1079238750293639168,u1079238750293639168,bot
1079534090607570944,u1079534090607570944,human
1079602020682674176,u1079602020682674176,bot
1079670408696205312,u1079670408696205312,bot
1079679912733138946,u1079679912733138946,bot
1079937312627163137,u1079937312627163137,human
1080174530847539201,u1080174530847539201,bot
1080248882053988355,u1080248882053988355,bot
1080470270199062529,u1080470270199062529,bot
1080601835461885952,u1080601835461885952,human
1080800000379113472,u1080800000379113472,human
1081045846198837248,u1081045846198837248,human
1081074186674683904,u1081074186674683904,bot
1081202064754176001,u1081202064754176001,bot
1081222837459996672,u1081222837459996672,human
1081225411147808769,u1081225411147808769,human
1081252025915068417,u1081252025915068417,bot
1081272693931102208,u1081272693931102208,human
1081290097595686913,u1081290097595686913,bot
1081430769501761541,u1081430769501761541,bot
1081565128733138944,u1081565128733138944,human
1081611341494927361,u1081611341494927361,bot
1081632479763668993,u1081632479763668993,human
1081677246534828033,u1081677246534828033,human
1081984621821259776,u1081984621821259776,human
1082123408895365120,u1082123408895365120,bot
1082142805495971840,u1082142805495971840,bot
1082232363302731776,u1082232363302731776,human
1082274025043304450,u1082274025043304450,bot
1082357347102740486,u1082357347102740486,bot
1082383415670800384,u1082383415670800384,bot
1082651282282827782,u1082651282282827782,bot
1082672666719461377,u1082672666719461377,bot
1082996088246657024,u1082996088246657024,human
1083328356911931392,u1083328356911931392,human
1083362600858017792,u1083362600858017792,bot
1083465257077608451,u1083465257077608451,human
1083699084760895496,u1083699084760895496,bot
1083750855696936960,u1083750855696936960,bot
1083822529578520577,u1083822529578520577,human
1083828037014106112,u1083828037014106112,human
1083886278641401857,u1083886278641401857,bot
1084133737842049024,u1084133737842049024,bot
1084179154906611713,u1084179154906611713,bot
1084212657761148928,u1084212657761148928,human
1084818372620156934,u1084818372620156934,bot
1084827664219807744,u1084827664219807744,bot
1084900031784660992,u1084900031784660992,bot
1084946052376072192,u1084946052376072192,human
1084955158407188488,u1084955158407188488,bot
1085039005240971264,u1085039005240971264,human
1085288591700492293,u1085288591700492293,bot
1085290065490632704,u1085290065490632704,human
1085357749209321473,u1085357749209321473,bot
1085641282175741952,u1085641282175741952,human
1085696359016075264,u1085696359016075264,human
1085881675169583104,u1085881675169583104,bot
1085897907088220165,u1085897907088220165,bot
1085916994078195712,u1085916994078195712,human
1085930877471940610,u1085930877471940610,human
1086005725116002304,u1086005725116002304,bot
1086088869194412032,u1086088869194412032,human
1086252662050320385,u1086252662050320385,human
1086369578849062912,u1086369578849062912,bot
1086612410478268416,u1086612410478268416,human
1086709184874377217,u1086709184874377217,human
1086729872305766401,u1086729872305766401,human
1086746892309008385,u1086746892309008385,bot
1086828404333268993,u1086828404333268993,bot
1086960645449359361,u1086960645449359361,bot
1087009837186052097,u1087009837186052097,bot
1087011347483766784,u1087011347483766784,bot
1087054757586522112,u1087054757586522112,human
1087242450886905856,u1087242450886905856,human
1087588311424585728,u1087588311424585728,human
1087656770040786944,u1087656770040786944,bot
1087910503924535297,u1087910503924535297,human
1087959850917740546,u1087959850917740546,bot
1087986284386238466,u1087986284386238466,human
1088089771631669248,u1088089771631669248,human
1088458977170534405,u1088458977170534405,bot
1088582419320590336,u1088582419320590336,human
1088583379531038721,u1088583379531038721,human
1088728130657927168,u1088728130657927168,bot
1088829776083570689,u1088829776083570689,human
1088872945693339649,u1088872945693339649,bot
1089142794147512320,u1089142794147512320,bot
1089159225148882949,u1089159225148882949,human
1089422893270786048,u1089422893270786048,human
1089514638583173125,u1089514638583173125,bot
1089685037207891968,u1089685037207891968,human
1089814631303008256,u1089814631303008256,human
1089822885403865088,u1089822885403865088,human
1089896112515964928,u1089896112515964928,human
1089982467698761729,u1089982467698761729,human
1090174515395653632,u1090174515395653632,bot
1090235238855467008,u1090235238855467008,human
1090297084262129665,u1090297084262129665,bot
1090316330639806465,u1090316330639806465,human
1090367333288206336,u1090367333288206336,human
1090369442976956416,u1090369442976956416,human
1090428913820418048,u1090428913820418048,human
1090570428425199617,u1090570428425199617,human
1090576258717679616,u1090576258717679616,human
1090733774583808000,u1090733774583808000,human
1091042849561473031,u1091042849561473031,human
1091052651096301568,u1091052651096301568,bot
1091100629349646336,u1091100629349646336,bot
1091340300151390209,u1091340300151390209,human
1091634949394845697,u1091634949394845697,human
1091674187322847232,u1091674187322847232,bot
1091752710041268224,u1091752710041268224,human
1091754285069684737,u1091754285069684737,bot
1092173124681023493,u1092173124681023493,bot
1092265515530113024,u1092265515530113024,human
1092363299755311106,u1092363299755311106,human
1092738190631268352,u1092738190631268352,bot
1092788358672207873,u1092788358672207873,bot
1092799607116103680,u1092799607116103680,human
1092808813693014017,u1092808813693014017,bot
1092810654761791489,u1092810654761791489,human
1092850839574769664,u1092850839574769664,human
1093057027557941249,u1093057027557941249,bot
1093129956324982785,u1093129956324982785,bot
1093149758737268736,u1093149758737268736,human
1093170849408925696,u1093170849408925696,bot
1093170911405060096,u1093170911405060096,human
1093219904776556545,u1093219904776556545,human
1093257169015779328,u1093257169015779328,bot
1093362966072840193,u1093362966072840193,bot
1093482263080136704,u1093482263080136704,bot
1093746969208442880,u1093746969208442880,human
1093782986951090176,u1093782986951090176,human
1093871985581572096,u1093871985581572096,human
1093913380807680008,u1093913380807680008,bot
1093963768202256384,u1093963768202256384,human
1093979313949605893,u1093979313949605893,bot
1093991160941633536,u1093991160941633536,bot
1094043126279401472,u1094043126279401472,human
1094112393498570752,u1094112393498570752,human
1094225787207569409,u1094225787207569409,bot
1094284053421780992,u1094284053421780992,human
1094571084152737794,u1094571084152737794,human
1094630672910684160,u1094630672910684160,bot
1094645942735855618,u1094645942735855618,human
1094718306525810689,u1094718306525810689,human
1094744424612052992,u1094744424612052992,human
1094987996808527873,u1094987996808527873,bot
1095011348436709376,u1095011348436709376,bot
1095062685417422848,u1095062685417422848,human
1095103068373508101,u1095103068373508101,human
1095205636030091264,u1095205636030091264,bot
1095240834725920768,u1095240834725920768,human
1095337477391478784,u1095337477391478784,bot
1095341870350098433,u1095341870350098433,bot
1095556021756428288,u1095556021756428288,human
1095700429835362304,u1095700429835362304,bot
1095714370678673413,u1095714370678673413,human
1095800147840241666,u1095800147840241666,bot
1096159979982241793,u1096159979982241793,bot
1096434367117709312,u1096434367117709312,human
1096458315507421186,u1096458315507421186,bot
1096485506278395906,u1096485506278395906,bot
1096503765719543808,u1096503765719543808,human
1096541104432771073,u1096541104432771073,bot
1096651258277126144,u1096651258277126144,human
1096724860364042240,u1096724860364042240,human
1096747619223777281,u1096747619223777281,bot
1096777461189222401,u1096777461189222401,human
1097337516053544960,u1097337516053544960,human
1097756417828814850,u1097756417828814850,bot
1097760569359286272,u1097760569359286272,bot
1097804343829544960,u1097804343829544960,human
1097907755422085120,u1097907755422085120,bot
1097923526466519040,u1097923526466519040,bot
1098116896120033282,u1098116896120033282,bot
1098154657388679168,u1098154657388679168,bot
1098198893626617856,u1098198893626617856,human
1098256107649359879,u1098256107649359879,bot
1098284254956523521,u1098284254956523521,human
1098483569859743744,u1098483569859743744,bot
1098502288996470784,u1098502288996470784,bot
1098557132813856768,u1098557132813856768,human
1098566268758577157,u1098566268758577157,bot
1098708709415497728,u1098708709415497728,bot
1098755762476777472,u1098755762476777472,human
1098836829640351744,u1098836829640351744,human
1099105777053253632,u1099105777053253632,bot
1099440708790960129,u1099440708790960129,bot
1099460652857520129,u1099460652857520129,bot
1099502353777115139,u1099502353777115139,bot
1099516374748139520,u1099516374748139520,bot
1099604355232288769,u1099604355232288769,human
1099607376599101441,u1099607376599101441,human
1099772769099747331,u1099772769099747331,bot
1100116930571264007,u1100116930571264007,human
1100322562477838336,u1100322562477838336,bot
1100421190563307520,u1100421190563307520,human
1100432667332362240,u1100432667332362240,bot
1100590124839120896,u1100590124839120896,human
1100662343292248064,u1100662343292248064,bot
1100738363873742848,u1100738363873742848,bot
1101287410741268480,u1101287410741268480,bot
1101390159461974016,u1101390159461974016,bot
1101456139961671687,u1101456139961671687,bot
1101505803700314113,u1101505803700314113,human
1101524748733960194,u1101524748733960194,bot
1101527406928646144,u1101527406928646144,bot
1101655990368436224,u1101655990368436224,bot
1101804227519750144,u1101804227519750144,bot
1101981811679416321,u1101981811679416321,human
1102052803638255617,u1102052803638255617,human
1102057144965316611,u1102057144965316611,human
1102170332704722949,u1102170332704722949,bot
1102206704979066881,u1102206704979066881,human
1102271552798773253,u1102271552798773253,bot
1102387203638882304,u1102387203638882304,human
1102617583306633216,u1102617583306633216,bot
1102651879874617344,u1102651879874617344,bot
1102667551354638337,u1102667551354638337,human
1102704797403238400,u1102704797403238400,human
1102840819051040768,u1102840819051040768,human
1102890664822489088,u1102890664822489088,bot
1102911774129557505,u1102911774129557505,bot
1102928176697753603,u1102928176697753603,human
1102951938633682956,u1102951938633682956,bot
1103037964815396871,u1103037964815396871,human
1103047728613998592,u1103047728613998592,human
1103116735111032833,u1103116735111032833,human
1103339652247764993,u1103339652247764993,bot
1103394547265138694,u1103394547265138694,bot
1103408878488875014,u1103408878488875014,human
1103430570250395648,u1103430570250395648,bot
1103577756909023232,u1103577756909023232,human
1103581043330818048,u1103581043330818048,bot
1103607442644983808,u1103607442644983808,human
1103640254718885888,u1103640254718885888,bot
1103911045054193664,u1103911045054193664,bot
1103959473058734080,u1103959473058734080,human
1104187510681362436,u1104187510681362436,bot
1104261788328177665,u1104261788328177665,human
1104407359001026560,u1104407359001026560,human
1104480552323899399,u1104480552323899399,human
1104838751132532736,u1104838751132532736,human
1104875104360648704,u1104875104360648704,bot
1104936748763803650,u1104936748763803650,bot
1105027282974912513,u1105027282974912513,bot
1105067324544040960,u1105067324544040960,human
1105072508787720192,u1105072508787720192,human
1105338724374728705,u1105338724374728705,bot
1105353666133929984,u1105353666133929984,bot
1105425376640200705,u1105425376640200705,bot
1105471472636776449,u1105471472636776449,human
1105598668395163649,u1105598668395163649,bot
1105893817041993737,u1105893817041993737,human
1106249034480517120,u1106249034480517120,bot
1106252206112735232,u1106252206112735232,bot
1106411463772725251,u1106411463772725251,bot
1106520592931606528,u1106520592931606528,bot
1106521096851988480,u1106521096851988480,human
1106635234798456832,u1106635234798456832,bot
1106659592916873217,u1106659592916873217,human
1106906338704150528,u1106906338704150528,human
1106926116067930117,u1106926116067930117,bot
1107195764667637760,u1107195764667637760,bot
1107227011003699200,u1107227011003699200,bot
1107383636968513539,u1107383636968513539,bot
1107416014118178816,u1107416014118178816,human
1107522646307041281,u1107522646307041281,human
1107642826408501248,u1107642826408501248,human
1107734489818714113,u1107734489818714113,human
1107760822569316360,u1107760822569316360,human
1107870475902836736,u1107870475902836736,bot
1107899540848295941,u1107899540848295941,bot
1108050829393707008,u1108050829393707008,human
1108113300498329600,u1108113300498329600,bot
1108184867488059393,u1108184867488059393,human
1108666466511917056,u1108666466511917056,bot
1108952632104611843,u1108952632104611843,bot
1109155619083177985,u1109155619083177985,bot
1109354415771668480,u1109354415771668480,bot
1109522196681113600,u1109522196681113600,bot
1109570799072100352,u1109570799072100352,bot
1109809482656149504,u1109809482656149504,human
1110234349465538560,u1110234349465538560,human
1110463651654197248,u1110463651654197248,bot
1110499630532440066,u1110499630532440066,human
1110599126092300293,u1110599126092300293,bot
1110659414267252736,u1110659414267252736,bot
1110972906601959425,u1110972906601959425,bot
1110999904808243206,u1110999904808243206,bot
1111335742737920001,u1111335742737920001,human
1111600251939377152,u1111600251939377152,bot
1111995020330950662,u1111995020330950662,bot
1111996925539172352,u1111996925539172352,human
1112166239219171328,u1112166239219171328,bot
1112240869250260992,u1112240869250260992,bot
1112981352733765633,u1112981352733765633,human
1113245091102175232,u1113245091102175232,human
1113313723613999105,u1113313723613999105,human
1113457695317790720,u1113457695317790720,bot
1114215568771624960,u1114215568771624960,bot
1114253774946615296,u1114253774946615296,bot
1114282519476617216,u1114282519476617216,human
1114443457102262274,u1114443457102262274,bot
1114708324321091584,u1114708324321091584,human
1114949532788318208,u1114949532788318208,human
1115178902392135681,u1115178902392135681,human
1115333244680060928,u1115333244680060928,bot
1115448471694258176,u1115448471694258176,human
1115560737093693447,u1115560737093693447,human
1115688748627288064,u1115688748627288064,bot
1115708261368356865,u1115708261368356865,bot
1115940827593945088,u1115940827593945088,human
1115966227388743680,u1115966227388743680,bot
1115986976023437314,u1115986976023437314,bot
1116041653033283584,u1116041653033283584,human
1116043197908566016,u1116043197908566016,human
1116175320833355776,u1116175320833355776,human
1116334410805198850,u1116334410805198850,bot
1116393937449697280,u1116393937449697280,human
1116462004624031745,u1116462004624031745,bot
1116621547651751938,u1116621547651751938,bot
1116666090225131520,u1116666090225131520,bot
1116724387137212417,u1116724387137212417,human
1116791446387011584,u1116791446387011584,bot
1117074302279532546,u1117074302279532546,bot
1117312327815258114,u1117312327815258114,human
1117504427718582272,u1117504427718582272,bot
1117612308526764032,u1117612308526764032,bot
1117639092684988417,u1117639092684988417,human
1117748615089463297,u1117748615089463297,human
1117773892628688896,u1117773892628688896,bot
1117821476994940928,u1117821476994940928,human
1118102668889575424,u1118102668889575424,human
1118178513628983296,u1118178513628983296,human
1118325457990983681,u1118325457990983681,human
1118863557364338688,u1118863557364338688,bot
1119235394749464576,u1119235394749464576,bot
1119269335233466369,u1119269335233466369,bot
1119278695015829505,u1119278695015829505,bot
1119300308818022401,u1119300308818022401,human
1119432452492148738,u1119432452492148738,bot
1119522451887726592,u1119522451887726592,bot
1119568273677406208,u1119568273677406208,bot
1119675949132460036,u1119675949132460036,human
1120023998253928453,u1120023998253928453,human
1120071582284701697,u1120071582284701697,bot
1120239425009537024,u1120239425009537024,bot
1120302660983361538,u1120302660983361538,human
1120483939229978624,u1120483939229978624,bot
1120745078773800960,u1120745078773800960,bot
1120779913617903617,u1120779913617903617,bot
1120847857886515200,u1120847857886515200,bot
1120995635354902529,u1120995635354902529,human
1121019689356988416,u1121019689356988416,bot
1121194867445551104,u1121194867445551104,human
1121511105287917569,u1121511105287917569,bot
1121705838773710849,u1121705838773710849,human
1121877070475169792,u1121877070475169792,bot
1122045634385629184,u1122045634385629184,bot
1122766805590794240,u1122766805590794240,bot
1122839089127014400,u1122839089127014400,human
1122967591151120384,u1122967591151120384,bot
1122995663057424385,u1122995663057424385,human
1123233500369281024,u1123233500369281024,human
1123342530425303040,u1123342530425303040,bot
1123508703204765696,u1123508703204765696,bot
1123606100413014016,u1123606100413014016,bot
1123665873200222208,u1123665873200222208,bot
1123673299014127616,u1123673299014127616,human
1123685663814180864,u1123685663814180864,human
1123689095627022336,u1123689095627022336,bot
1123710493288542210,u1123710493288542210,human
1123992425553432580,u1123992425553432580,human
1124045705977503745,u1124045705977503745,human
1124090383657361408,u1124090383657361408,human
1124171894402486272,u1124171894402486272,human
1124225104395866112,u1124225104395866112,bot
1124359815508168706,u1124359815508168706,bot
1124452262439292929,u1124452262439292929,bot
1124500104071790593,u1124500104071790593,bot
1124558115398082560,u1124558115398082560,bot
1124644156406501377,u1124644156406501377,human
1124677233145028608,u1124677233145028608,human
1124784573303357441,u1124784573303357441,bot
1124885813718855681,u1124885813718855681,human
1124975140536610817,u1124975140536610817,human
1125021368393723906,u1125021368393723906,bot
1125201965322055680,u1125201965322055680,bot
1125219645924040704,u1125219645924040704,bot
1125321203466395653,u1125321203466395653,bot
1125450423450705920,u1125450423450705920,bot
1125455806177005568,u1125455806177005568,bot
1125520077984419840,u1125520077984419840,bot
1125607607274754049,u1125607607274754049,human
1125615487390339074,u1125615487390339074,bot
1125698016420274176,u1125698016420274176,bot
1125744174752587776,u1125744174752587776,human
1125763633756221440,u1125763633756221440,bot
1125783381147639809,u1125783381147639809,human
1126006862636302339,u1126006862636302339,human
1126115609102696448,u1126115609102696448,human
1126175155670212609,u1126175155670212609,bot
1126199898125238272,u1126199898125238272,bot
1126210975101853697,u1126210975101853697,bot
1126397440242749440,u1126397440242749440,bot
1126405273877270528,u1126405273877270528,bot
1126508332104192000,u1126508332104192000,human
1126687608774381571,u1126687608774381571,bot
1126848131667247106,u1126848131667247106,human
1126874611243786240,u1126874611243786240,bot
1126923385638924288,u1126923385638924288,bot
1126930741906948096,u1126930741906948096,bot
1127233448815616000,u1127233448815616000,human
1127249096941551616,u1127249096941551616,human
1127260444341571589,u1127260444341571589,bot
1127312545243717632,u1127312545243717632,bot
1127506397321674757,u1127506397321674757,human
1127674208136376321,u1127674208136376321,bot
1127867032597356544,u1127867032597356544,bot
1128047208220196865,u1128047208220196865,human
1128242541348802560,u1128242541348802560,bot
1128316586576760832,u1128316586576760832,bot
1128485250819137537,u1128485250819137537,bot
1128638314318315520,u1128638314318315520,bot
1128703380577296384,u1128703380577296384,bot
1128854844847153153,u1128854844847153153,bot
1129098630508568576,u1129098630508568576,human
1129346205295755264,u1129346205295755264,bot
1129375845062066176,u1129375845062066176,human
1129482560407392256,u1129482560407392256,bot
1129483685177249796,u1129483685177249796,human
1129525483497021441,u1129525483497021441,human
1129822272234106881,u1129822272234106881,human
1129880305442017280,u1129880305442017280,human
1130137970105827328,u1130137970105827328,bot
1130603978012495872,u1130603978012495872,bot
1130651874477182976,u1130651874477182976,human
1130741271478378496,u1130741271478378496,bot
1130810826636398592,u1130810826636398592,human
1130948396687118336,u1130948396687118336,bot
1131237892725051395,u1131237892725051395,human
1131330113847595008,u1131330113847595008,human
1131398876877819906,u1131398876877819906,bot
1131408521294209025,u1131408521294209025,bot
1131412105016545281,u1131412105016545281,human
1131449896207290368,u1131449896207290368,bot
1131465819924377601,u1131465819924377601,bot
1131668817858375680,u1131668817858375680,human
1131903636861313024,u1131903636861313024,bot
1131966985846214656,u1131966985846214656,human
1132005801378193408,u1132005801378193408,bot
1132025035936260096,u1132025035936260096,human
1132053335660326913,u1132053335660326913,human
1132295757078376448,u1132295757078376448,human
1132563136186183680,u1132563136186183680,human
1132608658087567360,u1132608658087567360,bot
1133110339078414336,u1133110339078414336,human
1133159358664253442,u1133159358664253442,human
1133281659552509952,u1133281659552509952,human
1133550690398195712,u1133550690398195712,bot
1133661790716534784,u1133661790716534784,bot
1133921778588241920,u1133921778588241920,human
1134011850578903041,u1134011850578903041,bot
1134663378755080193,u1134663378755080193,bot
1134846370664386560,u1134846370664386560,bot
1134960976695091212,u1134960976695091212,bot
1135035413540855809,u1135035413540855809,human
1135098471793549317,u1135098471793549317,human
1135162760097087489,u1135162760097087489,human
1135214533658628097,u1135214533658628097,bot
1135286288204959744,u1135286288204959744,human
1135297403798638592,u1135297403798638592,bot
1135459639951147008,u1135459639951147008,bot
1135518477282873345,u1135518477282873345,bot
1135641725886697472,u1135641725886697472,bot
1135646963364294656,u1135646963364294656,bot
1135867899967488001,u1135867899967488001,bot
1136142289397399553,u1136142289397399553,bot
1136479469282009089,u1136479469282009089,human
1136484435271049217,u1136484435271049217,human
1136612548202061824,u1136612548202061824,human
1136668549718708225,u1136668549718708225,bot
1136686744256954368,u1136686744256954368,human
1136690651968528384,u1136690651968528384,human
1136714464286400512,u1136714464286400512,bot
1136718680107102208,u1136718680107102208,human
1136840119866945536,u1136840119866945536,human
1137002752511315973,u1137002752511315973,bot
1137038394503114753,u1137038394503114753,human
1137284543583383553,u1137284543583383553,bot
1137461992426336257,u1137461992426336257,bot
1137521093776949248,u1137521093776949248,bot
1137803378636087301,u1137803378636087301,bot
1138158902757941249,u1138158902757941249,bot
1138257165678993409,u1138257165678993409,bot
1138287330580500480,u1138287330580500480,bot
1138352461293318146,u1138352461293318146,bot
1138704841767882753,u1138704841767882753,human
1138708550660714496,u1138708550660714496,bot
1138721625417891840,u1138721625417891840,bot
1138763854614163456,u1138763854614163456,bot
1138810125269864449,u1138810125269864449,human
1138924491072036865,u1138924491072036865,bot
1139153463831666688,u1139153463831666688,bot
1139299696328007680,u1139299696328007680,human
1139345903481810945,u1139345903481810945,bot
1139543435369680898,u1139543435369680898,bot
1139607288602406913,u1139607288602406913,bot
1139627338495397888,u1139627338495397888,bot
1139876217564409856,u1139876217564409856,bot
1139986069607202816,u1139986069607202816,human
1140142218004619265,u1140142218004619265,bot
1140206472615333893,u1140206472615333893,human
1140283986822008833,u1140283986822008833,human
1140491870583156736,u1140491870583156736,bot
1140546328260501504,u1140546328260501504,bot
1140667771518423040,u1140667771518423040,human
1140709953654677509,u1140709953654677509,bot
1140951979713318913,u1140951979713318913,bot
1141071405662056451,u1141071405662056451,human
1141086170635370496,u1141086170635370496,human
1141131882010202113,u1141131882010202113,bot
1141322718559666176,u1141322718559666176,human
1141349409856376833,u1141349409856376833,human
1141468930646650881,u1141468930646650881,human
1141600270587219968,u1141600270587219968,bot
1141621412593119232,u1141621412593119232,bot
1141692502241611778,u1141692502241611778,bot
1141829821439213568,u1141829821439213568,human
1142010313782546437,u1142010313782546437,human
1142227712041476097,u1142227712041476097,bot
1142302240180281345,u1142302240180281345,human
1142314679991033857,u1142314679991033857,human
1142519938046922754,u1142519938046922754,bot
1142672129818800128,u1142672129818800128,human
1142749205506809856,u1142749205506809856,human
1142890104853106688,u1142890104853106688,human
1142961546403950592,u1142961546403950592,bot
1143014915730563073,u1143014915730563073,bot
1143024633114845185,u1143024633114845185,human
1143114915269554176,u1143114915269554176,bot
1143269463648636929,u1143269463648636929,human
1143295212283785216,u1143295212283785216,bot
1143940354657476608,u1143940354657476608,bot
1143942767590010880,u1143942767590010880,human
1144017591402401792,u1144017591402401792,human
1144218299749654530,u1144218299749654530,bot
1144396340585218048,u1144396340585218048,human
1144490832214446080,u1144490832214446080,bot
1144592013255487493,u1144592013255487493,human
1144609112107491328,u1144609112107491328,human
1144616238808752129,u1144616238808752129,human
1144693789371576325,u1144693789371576325,human
1144764442598662144,u1144764442598662144,bot
1144839812194586624,u1144839812194586624,human
1144941213268791296,u1144941213268791296,human
1145016098628259845,u1145016098628259845,bot
1145069743411539968,u1145069743411539968,human
1145074099565268996,u1145074099565268996,bot
1145398363078234115,u1145398363078234115,bot
1145412069866364928,u1145412069866364928,human
1145414986568798208,u1145414986568798208,bot
1145417389279973376,u1145417389279973376,bot
1145694088676749312,u1145694088676749312,bot
1145714246887596033,u1145714246887596033,bot
1145748832350871552,u1145748832350871552,human
1145941232994013185,u1145941232994013185,human
1146122411365941248,u1146122411365941248,human
1146144360762871808,u1146144360762871808,bot
1146338958881804289,u1146338958881804289,human
1146854806658703361,u1146854806658703361,human
1147101102392913920,u1147101102392913920,bot
1147150539542716416,u1147150539542716416,bot
1147257638096388097,u1147257638096388097,human
1147474697250058240,u1147474697250058240,human
1147496291481661441,u1147496291481661441,bot
1147591415905574913,u1147591415905574913,bot
1147695794075709440,u1147695794075709440,bot
1147909892943962112,u1147909892943962112,human
1148067331693789184,u1148067331693789184,bot
1148083113156702210,u1148083113156702210,human
1148327245800443904,u1148327245800443904,human
1148363604091133952,u1148363604091133952,human
1148434717449965568,u1148434717449965568,bot
1148513959936266241,u1148513959936266241,human
1148695640219770880,u1148695640219770880,human
1148897996928618498,u1148897996928618498,bot
1148968216380788738,u1148968216380788738,bot
1148997425912262656,u1148997425912262656,human
1149060991642025984,u1149060991642025984,bot
1149171240168349697,u1149171240168349697,human
1149747984206372865,u1149747984206372865,human
1149871342117765120,u1149871342117765120,human
1149939044987617280,u1149939044987617280,bot
1149997450754711552,u1149997450754711552,human
1150118898068381696,u1150118898068381696,human
1150165754232430592,u1150165754232430592,bot
1150246678668238848,u1150246678668238848,bot
1150485912343764992,u1150485912343764992,bot
1150498377517412355,u1150498377517412355,bot
1150504825265647616,u1150504825265647616,bot
1150522791705415681,u1150522791705415681,human
1150685495183192064,u1150685495183192064,human
1150699489939865600,u1150699489939865600,bot
1151025180992425984,u1151025180992425984,human
1151125240711450624,u1151125240711450624,human
1151429163527680000,u1151429163527680000,human
1151974121615609859,u1151974121615609859,human
1152400807586934784,u1152400807586934784,bot
1152566796739727360,u1152566796739727360,human
1152570091084701697,u1152570091084701697,bot
1152749683938222080,u1152749683938222080,human
1152823205389905922,u1152823205389905922,bot
1153063439264301058,u1153063439264301058,human
1153078172675694593,u1153078172675694593,bot
1153238987403878400,u1153238987403878400,bot
1153327092098113540,u1153327092098113540,bot
1153395698580242440,u1153395698580242440,human
1153407451972194305,u1153407451972194305,human
1153493492682887168,u1153493492682887168,bot
1153531650170609664,u1153531650170609664,bot
1153534902588997633,u1153534902588997633,bot
1153653685009997824,u1153653685009997824,bot
1153698027875557376,u1153698027875557376,bot
1153741752731222016,u1153741752731222016,bot
1153785090071285760,u1153785090071285760,human
1153834840795598853,u1153834840795598853,bot
1153955019915321344,u1153955019915321344,bot
1153966852638466048,u1153966852638466048,bot
1154118107541180422,u1154118107541180422,bot
1154129986699321344,u1154129986699321344,human
1154252430948872193,u1154252430948872193,human
1154308827891654656,u1154308827891654656,bot
1154351716889956352,u1154351716889956352,human
1154371679985889280,u1154371679985889280,human
1154379153241759744,u1154379153241759744,bot
1154395412385738754,u1154395412385738754,bot
1154871803568742400,u1154871803568742400,bot
1154887552597295104,u1154887552597295104,human
1154888112985792513,u1154888112985792513,human
1154959888268705793,u1154959888268705793,bot
1155066047021617152,u1155066047021617152,human
1155077425002233857,u1155077425002233857,human
1155410765115023360,u1155410765115023360,human
1155481437845385217,u1155481437845385217,bot
1155481735225839616,u1155481735225839616,human
1155809474201956354,u1155809474201956354,human
1155886049727524864,u1155886049727524864,human
1155937878020517894,u1155937878020517894,human
1156180530213220352,u1156180530213220352,human
1156324614999597056,u1156324614999597056,bot
1156495419024793600,u1156495419024793600,human
1156564906289881091,u1156564906289881091,bot
1156633139537686533,u1156633139537686533,bot
1156659666035904513,u1156659666035904513,human
1156665460856893442,u1156665460856893442,bot
1156783412226613249,u1156783412226613249,human
1156962159672406017,u1156962159672406017,human
1157060003649376256,u1157060003649376256,bot
1157165409730093057,u1157165409730093057,human
1157255447566376960,u1157255447566376960,bot
1157287277808312321,u1157287277808312321,bot
1157329845417721857,u1157329845417721857,human
1157406010799251456,u1157406010799251456,bot
1157642578801508352,u1157642578801508352,bot
1157691804780761088,u1157691804780761088,human
1157946121387462656,u1157946121387462656,bot
1157967174654468097,u1157967174654468097,bot
1158096515753103360,u1158096515753103360,bot
1158121111546187784,u1158121111546187784,bot
1158663509346906112,u1158663509346906112,bot
1158758667233222656,u1158758667233222656,human
1158778593561829378,u1158778593561829378,bot
1158850193657233408,u1158850193657233408,bot
1158907365829177344,u1158907365829177344,bot
1158993892211068928,u1158993892211068928,bot
1159161416533909505,u1159161416533909505,bot
1159180883867209728,u1159180883867209728,bot
1159466137152888838,u1159466137152888838,bot
1159552879453020160,u1159552879453020160,human
1159575937379442699,u1159575937379442699,human
1159697200294899713,u1159697200294899713,bot
1159850314918486017,u1159850314918486017,bot
1159864646934904833,u1159864646934904833,bot
1159893104930910208,u1159893104930910208,human
1160107254009532417,u1160107254009532417,bot
1160179158351327233,u1160179158351327233,bot
1160189714923700224,u1160189714923700224,bot
1160316487485317125,u1160316487485317125,bot
1160395075790098432,u1160395075790098432,bot
1160542905183944706,u1160542905183944706,human
1160599900268191744,u1160599900268191744,human
1160779542493126656,u1160779542493126656,bot
1160799801950162944,u1160799801950162944,bot
1160845059446779904,u1160845059446779904,bot
1161252108886298626,u1161252108886298626,bot
1161278519453917191,u1161278519453917191,human
1161473009296859139,u1161473009296859139,bot
1161963112620339200,u1161963112620339200,human
1161997414968041472,u1161997414968041472,human
1162011941105070081,u1162011941105070081,human
1162025098230095872,u1162025098230095872,human
1162140964615544832,u1162140964615544832,human
1162211777557356545,u1162211777557356545,bot
1162412783771803649,u1162412783771803649,human
1162465420990930944,u1162465420990930944,bot
1162888940572966913,u1162888940572966913,human
1163036968378408965,u1163036968378408965,human
1163064934122627072,u1163064934122627072,bot
1163093586134671360,u1163093586134671360,bot
1163359091747672064,u1163359091747672064,human
1163372443676884992,u1163372443676884992,human
1163480880700018689,u1163480880700018689,bot
1163614168546779138,u1163614168546779138,bot
1163654121397735426,u1163654121397735426,human
1163859903024381954,u1163859903024381954,human
1164036348770050049,u1164036348770050049,bot
1164089582096441344,u1164089582096441344,human
1164293212518920192,u1164293212518920192,human
1164361713141108737,u1164361713141108737,bot
1164410699969388544,u1164410699969388544,bot
1164522555950190593,u1164522555950190593,human
1164589192913068033,u1164589192913068033,bot
1164660849841016832,u1164660849841016832,bot
1164818070436630531,u1164818070436630531,bot
1165369936488927233,u1165369936488927233,human
1165535308148019202,u1165535308148019202,bot
1165730340956180492,u1165730340956180492,bot
1165746633054859265,u1165746633054859265,bot
1165858236034994176,u1165858236034994176,bot
1165896436418039808,u1165896436418039808,human
1165908251604422656,u1165908251604422656,human
1166065269359480837,u1166065269359480837,bot
1166081540087939072,u1166081540087939072,bot
1166374392827383808,u1166374392827383808,human
1166378004706201600,u1166378004706201600,human
1166438319812698112,u1166438319812698112,bot
1166752450537295873,u1166752450537295873,human
1166764247218569222,u1166764247218569222,bot
1166814917740990467,u1166814917740990467,bot
1167049270899486720,u1167049270899486720,human
1167070201566957568,u1167070201566957568,bot
1167095449465044992,u1167095449465044992,bot
1167139340071264261,u1167139340071264261,bot
1167159986037936129,u1167159986037936129,human
1167170143987912704,u1167170143987912704,human
1167184512683532289,u1167184512683532289,bot
1167314304195911680,u1167314304195911680,human
1167419233627717632,u1167419233627717632,bot
1167526768133189632,u1167526768133189632,bot
1167750244588802055,u1167750244588802055,bot
1167828378776457219,u1167828378776457219,human
1168022141402525696,u1168022141402525696,bot
1168128020340776960,u1168128020340776960,human
1168192787990425600,u1168192787990425600,human
1168230086883127298,u1168230086883127298,bot
1168302248167784448,u1168302248167784448,human
1168758640624504832,u1168758640624504832,bot
1168803431471091712,u1168803431471091712,human
1168905070198439936,u1168905070198439936,bot
1168913427181576194,u1168913427181576194,bot
1168977564536397825,u1168977564536397825,human
1168999136923926531,u1168999136923926531,bot
1169041375473500161,u1169041375473500161,bot
1169159158458920960,u1169159158458920960,bot
1169311344316882945,u1169311344316882945,human
1169501036568088577,u1169501036568088577,human
1169506909684039680,u1169506909684039680,human
1169593799192002561,u1169593799192002561,bot
1169798753282400258,u1169798753282400258,bot
1169821047350157313,u1169821047350157313,bot
1169879005408817153,u1169879005408817153,human
1170001251985252352,u1170001251985252352,human
1170041502925541376,u1170041502925541376,human
1170070334084714498,u1170070334084714498,bot
1170072411548585984,u1170072411548585984,bot
1170111458023288832,u1170111458023288832,human
1170332161104326656,u1170332161104326656,bot
1170352915837591553,u1170352915837591553,human
1170440067564916736,u1170440067564916736,bot
1170507797160554497,u1170507797160554497,human
1170707289008984070,u1170707289008984070,bot
1170724575715287040,u1170724575715287040,bot
1170922116767612928,u1170922116767612928,bot
1170927108844974080,u1170927108844974080,bot
1170995112324870144,u1170995112324870144,human
1171063433921478657,u1171063433921478657,human
1171340855619272704,u1171340855619272704,bot
1171357395928440832,u1171357395928440832,bot
1171484900412706816,u1171484900412706816,human
1171501310195056641,u1171501310195056641,bot
1171643857437712384,u1171643857437712384,human
1171690670786056192,u1171690670786056192,human
1171703604606054400,u1171703604606054400,bot
1171767309406310401,u1171767309406310401,human
1171828029137596419,u1171828029137596419,human
1172114499383504901,u1172114499383504901,bot
1172119286745313280,u1172119286745313280,bot
1172231018717356033,u1172231018717356033,human
1172246821529370624,u1172246821529370624,bot
1172249781332336641,u1172249781332336641,human
1172261563824246784,u1172261563824246784,human
1172589226808020992,u1172589226808020992,bot
1172897532231462913,u1172897532231462913,bot
1173133923641188352,u1173133923641188352,bot
1173189922842431494,u1173189922842431494,bot
1173207992671571969,u1173207992671571969,bot
1173223779348205570,u1173223779348205570,bot
1173269898673479685,u1173269898673479685,bot
1173557224808968193,u1173557224808968193,bot
1173593530142359557,u1173593530142359557,bot
1173637917622726657,u1173637917622726657,bot
1173797172330094592,u1173797172330094592,bot
1173831778957762560,u1173831778957762560,human
1173938970310467586,u1173938970310467586,human
1174012462263394304,u1174012462263394304,bot
1174050661350236161,u1174050661350236161,bot
1174247613509636098,u1174247613509636098,human
1174280983702581248,u1174280983702581248,bot
1174388288112582656,u1174388288112582656,bot
1174410624878678016,u1174410624878678016,bot
1174480644560314369,u1174480644560314369,bot
1174654355435339777,u1174654355435339777,human
1174938412047945733,u1174938412047945733,bot
1174977386531581952,u1174977386531581952,bot
1174984986077929473,u1174984986077929473,bot
1175079586620727306,u1175079586620727306,bot
1175102225422737411,u1175102225422737411,bot
1175118311115436033,u1175118311115436033,bot
1175143589384544259,u1175143589384544259,bot
1175187371891073024,u1175187371891073024,bot
1175958294827098113,u1175958294827098113,bot
1176111107611774976,u1176111107611774976,bot
1176161790197153792,u1176161790197153792,human
1176178451117682689,u1176178451117682689,human
1176248791437119488,u1176248791437119488,human
1176324356999245824,u1176324356999245824,human
1176426744653459456,u1176426744653459456,bot
1176517751302574081,u1176517751302574081,bot
1176700795481403392,u1176700795481403392,human
1176886221999460352,u1176886221999460352,human
1177042545173569536,u1177042545173569536,bot
1177083483279286272,u1177083483279286272,bot
1177616254506622977,u1177616254506622977,human
1177647142938251264,u1177647142938251264,bot
1177989161623719942,u1177989161623719942,bot
1178305297997168641,u1178305297997168641,human
1178353829542150144,u1178353829542150144,human
1178740874068537344,u1178740874068537344,bot
1178759938765656064,u1178759938765656064,bot
1178760732114116609,u1178760732114116609,human
1178942236417052672,u1178942236417052672,bot
1179022883982626816,u1179022883982626816,human
1179079861551452162,u1179079861551452162,bot
1179221879548190720,u1179221879548190720,bot
1179230394375233536,u1179230394375233536,bot
1179283634886512640,u1179283634886512640,human
1179380449396826114,u1179380449396826114,bot
1179406524705333252,u1179406524705333252,human
1179462193877835776,u1179462193877835776,bot
1179513953866567680,u1179513953866567680,bot
1179729394925019137,u1179729394925019137,bot
1179778933945851905,u1179778933945851905,bot
1179794429386862592,u1179794429386862592,human
1179807913004716033,u1179807913004716033,bot
1179824160412880897,u1179824160412880897,human
1179835651807727616,u1179835651807727616,bot
1180087510992424961,u1180087510992424961,bot
1180515586465398784,u1180515586465398784,bot
1180663072400166912,u1180663072400166912,bot
1180921355384045569,u1180921355384045569,bot
1181218312530870274,u1181218312530870274,human
1181305243340066818,u1181305243340066818,bot
1181313011522256897,u1181313011522256897,bot
1181492890356387840,u1181492890356387840,bot
1181573298834038790,u1181573298834038790,human
1181886724609323008,u1181886724609323008,human
1182005927706279936,u1182005927706279936,bot
1182012259960143873,u1182012259960143873,bot
1182067937219350529,u1182067937219350529,bot
1182263593397567490,u1182263593397567490,human
1182693152743931904,u1182693152743931904,bot
1182700220083257344,u1182700220083257344,bot
1182702701920112644,u1182702701920112644,bot
1182925722836443138,u1182925722836443138,bot
1183060277979439104,u1183060277979439104,human
1183177554091483136,u1183177554091483136,bot
1183307094847414272,u1183307094847414272,bot
1183323465039908865,u1183323465039908865,bot
1183366433297883137,u1183366433297883137,bot
1183463084624617472,u1183463084624617472,bot
1183484979562635265,u1183484979562635265,bot
1183757506306367491,u1183757506306367491,bot
1183818891526578177,u1183818891526578177,human
1183952939141873664,u1183952939141873664,bot
1184076585344884738,u1184076585344884738,human
1184166238035042304,u1184166238035042304,bot
1184173249506078725,u1184173249506078725,bot
1184481324997824513,u1184481324997824513,bot
1184503986751266817,u1184503986751266817,bot
1184537212303630336,u1184537212303630336,human
1184578525455622150,u1184578525455622150,human
1184584682471612416,u1184584682471612416,bot
1184856647711318022,u1184856647711318022,human
1184881129150656512,u1184881129150656512,bot
1184906538902867968,u1184906538902867968,human
1185087605815365632,u1185087605815365632,bot
1185134197477986304,u1185134197477986304,human
1185383760528723968,u1185383760528723968,human
1185477512270405633,u1185477512270405633,human
1185613800839503873,u1185613800839503873,human
1185801254007689216,u1185801254007689216,bot
1186550290704666629,u1186550290704666629,human
1186573082389037058,u1186573082389037058,bot
1186631822526091264,u1186631822526091264,bot
1186724747507167232,u1186724747507167232,bot
1186797955036143617,u1186797955036143617,bot
1187010961221324801,u1187010961221324801,bot
1187019554393739269,u1187019554393739269,human
1187070850014568454,u1187070850014568454,bot
1187089232902246400,u1187089232902246400,human
1187138306812760064,u1187138306812760064,bot
1187149620897615872,u1187149620897615872,bot
1187216182996275206,u1187216182996275206,bot
1187410066883760128,u1187410066883760128,human
1187523610510069761,u1187523610510069761,bot
1187536441745821696,u1187536441745821696,human
1187815538661187585,u1187815538661187585,human
1187893324193193988,u1187893324193193988,human
1188106338116820992,u1188106338116820992,human
1188106497017831426,u1188106497017831426,bot
1188135187542085632,u1188135187542085632,bot
1188148615572807680,u1188148615572807680,bot
1188169850528698368,u1188169850528698368,bot
1188191849997127680,u1188191849997127680,bot
1188333248302051329,u1188333248302051329,bot
1188467594950565888,u1188467594950565888,bot
1188775041791430656,u1188775041791430656,bot
1189017050703749121,u1189017050703749121,bot
1189059803483475968,u1189059803483475968,bot
1189125779717836800,u1189125779717836800,human
1189250547355811840,u1189250547355811840,bot
1189274203389906944,u1189274203389906944,bot
1189327950161891329,u1189327950161891329,bot
1189389433713201157,u1189389433713201157,bot
1189482935537168384,u1189482935537168384,human
1189528545770405890,u1189528545770405890,bot
1189529561467424768,u1189529561467424768,bot
1189972333772955650,u1189972333772955650,human
1190052442307739648,u1190052442307739648,bot
1190109631818780672,u1190109631818780672,human
1190237715603828738,u1190237715603828738,bot
1190251111485235200,u1190251111485235200,bot
1190270346601148416,u1190270346601148416,human
1190280209787867136,u1190280209787867136,human
1190368467410726915,u1190368467410726915,bot
1190425687779368960,u1190425687779368960,bot
1190756802629193728,u1190756802629193728,bot
1190770257843097601,u1190770257843097601,bot
1191319777211506688,u1191319777211506688,human
1191348866118897664,u1191348866118897664,bot
1191354656837910529,u1191354656837910529,bot
1191474997753200640,u1191474997753200640,bot
1191537552164933633,u1191537552164933633,human
1191672909430833152,u1191672909430833152,human
1191876198902771712,u1191876198902771712,bot
1192051504645099520,u1192051504645099520,bot
1192145896710066177,u1192145896710066177,human
1192163147446194177,u1192163147446194177,human
1192163793079558145,u1192163793079558145,human
1192276326436220928,u1192276326436220928,human
1192500851492831237,u1192500851492831237,bot
1192529268217204739,u1192529268217204739,human
1192624441101967360,u1192624441101967360,bot
1192662766194180101,u1192662766194180101,bot
1192679092098928641,u1192679092098928641,bot
1192699909297725440,u1192699909297725440,bot
1192820005638987777,u1192820005638987777,bot
1192859636648628224,u1192859636648628224,human
1192861100804575234,u1192861100804575234,human
1192879898878193664,u1192879898878193664,bot
1193222240202035200,u1193222240202035200,human
1193239251967721472,u1193239251967721472,bot
1193539622128824320,u1193539622128824320,bot
1193983696627544065,u1193983696627544065,human
1194010706968031234,u1194010706968031234,human
1194195877771935745,u1194195877771935745,bot
1194202635114557440,u1194202635114557440,human
1194357503125082113,u1194357503125082113,bot
1194451762037579776,u1194451762037579776,human
1194615222029471744,u1194615222029471744,bot
1194652252495060994,u1194652252495060994,bot
1194668204012048386,u1194668204012048386,bot
1195022320991178753,u1195022320991178753,bot
1195184969758527490,u1195184969758527490,human
1195211660174053377,u1195211660174053377,bot
1195340020023992321,u1195340020023992321,bot
1195352795311984641,u1195352795311984641,bot
1195427099043155970,u1195427099043155970,bot
1195743034966589440,u1195743034966589440,bot
1195976005464154113,u1195976005464154113,human
1196077160324190208,u1196077160324190208,human
1196086779926867968,u1196086779926867968,bot
1196118763415846912,u1196118763415846912,human
1196393433952161793,u1196393433952161793,human
1196421244096172033,u1196421244096172033,bot
1196483705747001350,u1196483705747001350,bot
1196720738658594816,u1196720738658594816,human
1196800503662776322,u1196800503662776322,bot
1196870074541453315,u1196870074541453315,bot
1196993875635843073,u1196993875635843073,bot
1197202641664823297,u1197202641664823297,bot
1197363666485682177,u1197363666485682177,bot
1197478591686217731,u1197478591686217731,bot
1197649048255303682,u1197649048255303682,bot
1197657928792264705,u1197657928792264705,human
1197661781218484224,u1197661781218484224,bot
1197776407641935872,u1197776407641935872,human
1197810451247173632,u1197810451247173632,bot
1197905871164051456,u1197905871164051456,human
1197950184568676353,u1197950184568676353,bot
1197993322901622790,u1197993322901622790,bot
1198370847582490625,u1198370847582490625,bot
1198415551158202368,u1198415551158202368,human
1198456179263000577,u1198456179263000577,bot
1198756406272376833,u1198756406272376833,bot
1199039332926902272,u1199039332926902272,bot
1199052844017565697,u1199052844017565697,bot
1199294353480527872,u1199294353480527872,human
1199370671429570561,u1199370671429570561,bot
1199378081326059520,u1199378081326059520,human
1199535018420424705,u1199535018420424705,bot
1199686509328289793,u1199686509328289793,human
1199739033951318016,u1199739033951318016,bot
1199788927101612037,u1199788927101612037,bot
1200056866069524480,u1200056866069524480,human
1200090463551868928,u1200090463551868928,human
1200096324554829824,u1200096324554829824,bot
1200328847008423936,u1200328847008423936,bot
1200383462420762624,u1200383462420762624,bot
1200545367869345793,u1200545367869345793,human
1200732153790767109,u1200732153790767109,human
1200875285413060609,u1200875285413060609,human
1201085589640089600,u1201085589640089600,human
1201320229479075842,u1201320229479075842,bot
1201367728415748097,u1201367728415748097,bot
1201414077454704640,u1201414077454704640,human
1201486794555940864,u1201486794555940864,bot
1201566148258680833,u1201566148258680833,human
1201570994437206018,u1201570994437206018,bot
1201746602991341568,u1201746602991341568,bot
1201803977911721984,u1201803977911721984,bot
1201864000964829185,u1201864000964829185,bot
1201948661300764675,u1201948661300764675,human
1202169823708372992,u1202169823708372992,bot
1202176695962349568,u1202176695962349568,bot
1202295147263868928,u1202295147263868928,bot
1202350328760418304,u1202350328760418304,human
1202370641644736513,u1202370641644736513,bot
1202683638308950017,u1202683638308950017,human
1202929028858028033,u1202929028858028033,bot
1203353022698590209,u1203353022698590209,bot
1203394286617800704,u1203394286617800704,human
1203556010591313920,u1203556010591313920,bot
1203562465000337408,u1203562465000337408,bot
1203657873848512512,u1203657873848512512,human
1203730539850670081,u1203730539850670081,bot
1203900527068749824,u1203900527068749824,human
1203939782142898176,u1203939782142898176,bot
1203967995279659008,u1203967995279659008,bot
1204064283027496962,u1204064283027496962,human
1204167055647412229,u1204167055647412229,bot
1204350458611023873,u1204350458611023873,bot
1204362599883771909,u1204362599883771909,bot
1204445607978569729,u1204445607978569729,human
1204653048477442048,u1204653048477442048,bot
1204870955891167232,u1204870955891167232,bot
1204893355219533825,u1204893355219533825,bot
1204908963902435329,u1204908963902435329,bot
1205162720137482244,u1205162720137482244,bot
1205400744385400832,u1205400744385400832,bot
1205514167538593792,u1205514167538593792,human
1205627969475137541,u1205627969475137541,bot
1205638807317569548,u1205638807317569548,human
1205849469314576384,u1205849469314576384,human
1205855194401120256,u1205855194401120256,bot
1206487314920177665,u1206487314920177665,bot
1206572876415066114,u1206572876415066114,bot
1206958103033450496,u1206958103033450496,bot
1206984961200398337,u1206984961200398337,bot
1207009563737767936,u1207009563737767936,bot
1207131986919403522,u1207131986919403522,bot
1207271682810863616,u1207271682810863616,human
1207273478639898625,u1207273478639898625,bot
1207365964989378560,u1207365964989378560,human
1207535572497158144,u1207535572497158144,bot
1207711018673037312,u1207711018673037312,human
1207786144487759872,u1207786144487759872,bot
1207930896654970881,u1207930896654970881,bot
1207933007715110912,u1207933007715110912,human
1207939456684187648,u1207939456684187648,bot
1207974588413550593,u1207974588413550593,human
1208011613057540097,u1208011613057540097,human
1208039940199780353,u1208039940199780353,bot
1208064014955294720,u1208064014955294720,human
1208180906009092096,u1208180906009092096,human
1208252599872286720,u1208252599872286720,bot
1208765275878895617,u1208765275878895617,human
1208799084091334656,u1208799084091334656,human
1209001208846917632,u1209001208846917632,human
1209299584092033024,u1209299584092033024,human
1209442838267736064,u1209442838267736064,bot
1209547116357533697,u1209547116357533697,human
1209710826162139137,u1209710826162139137,bot
1209993750291701761,u1209993750291701761,human
1210097457025040384,u1210097457025040384,human
1210142252585979905,u1210142252585979905,bot
1210246595599572993,u1210246595599572993,bot
1210596212140892160,u1210596212140892160,human
1210769156418625541,u1210769156418625541,bot
1210867082838999040,u1210867082838999040,human
1210878543535591424,u1210878543535591424,bot
1210902550515343362,u1210902550515343362,bot
1210956408818061312,u1210956408818061312,bot
1210956763618394113,u1210956763618394113,bot
1211517614804983814,u1211517614804983814,human
1211847409065590784,u1211847409065590784,bot
1211920325690003456,u1211920325690003456,human
1212052243316236288,u1212052243316236288,human
1212077161068167168,u1212077161068167168,bot
1212160799390588928,u1212160799390588928,bot
1212161720031965184,u1212161720031965184,bot
1212193227840733184,u1212193227840733184,bot
1212257215504977921,u1212257215504977921,human
1212478725922492416,u1212478725922492416,bot
1212524335174311936,u1212524335174311936,human
1212620179605082113,u1212620179605082113,human
1212656535605665792,u1212656535605665792,bot
1212773382845943808,u1212773382845943808,human
1212937454149259266,u1212937454149259266,bot
1212971855067271168,u1212971855067271168,bot
1212982706822242304,u1212982706822242304,bot
1213014861619187712,u1213014861619187712,human
1213080009864171525,u1213080009864171525,human
1213172638790512642,u1213172638790512642,human
1213479856047972354,u1213479856047972354,bot
1213533633492865025,u1213533633492865025,bot
1213568062529536000,u1213568062529536000,bot
1213632913943621632,u1213632913943621632,bot
1213632934931886081,u1213632934931886081,bot
1213724081645740033,u1213724081645740033,bot
1213756290679238656,u1213756290679238656,human
1213875992759951364,u1213875992759951364,human
1213881801547997184,u1213881801547997184,bot
1213985931318808576,u1213985931318808576,bot
1214131614914973696,u1214131614914973696,human
1214133130291888130,u1214133130291888130,bot
1214224891416678401,u1214224891416678401,bot
1214251782961975296,u1214251782961975296,bot
1214475126315634689,u1214475126315634689,human
1214581440521940995,u1214581440521940995,human
1214592551816171523,u1214592551816171523,bot
1214655272330944518,u1214655272330944518,human
1214671979225202688,u1214671979225202688,human
1214719502098862081,u1214719502098862081,human
1214796326623490048,u1214796326623490048,human
1214816452915662848,u1214816452915662848,human
1214927245992697857,u1214927245992697857,human
1214942607735955458,u1214942607735955458,human
1214968542350626819,u1214968542350626819,human
1214989462977024000,u1214989462977024000,bot
1215090970150064128,u1215090970150064128,bot
1215167819102294016,u1215167819102294016,human
1215227053706006531,u1215227053706006531,human
1215377413460439041,u1215377413460439041,bot
1215563387243024384,u1215563387243024384,bot
1215641097768075264,u1215641097768075264,bot
1215943248314802176,u1215943248314802176,bot
1215993480591310850,u1215993480591310850,human
1216139265152880645,u1216139265152880645,bot
1216389572332048384,u1216389572332048384,bot
1216393462062424066,u1216393462062424066,human
1216490271757807617,u1216490271757807617,human
1216566168913186816,u1216566168913186816,human
1216817889321209856,u1216817889321209856,human
1216899768661815300,u1216899768661815300,bot
1216900763651203072,u1216900763651203072,bot
1216937466675875841,u1216937466675875841,bot
1216947228700483585,u1216947228700483585,bot
1217132706905174017,u1217132706905174017,bot
1217230579692908546,u1217230579692908546,human
1217383749341663233,u1217383749341663233,bot
1217495842594140162,u1217495842594140162,human
1217500788882333697,u1217500788882333697,bot
1217628182611927040,u1217628182611927040,human
1217638295817146369,u1217638295817146369,bot
1217742172922843137,u1217742172922843137,human
1218051038831349760,u1218051038831349760,bot
1218218842821804033,u1218218842821804033,human
1218237661359607809,u1218237661359607809,bot
1218390714737782784,u1218390714737782784,bot
1218822638199623680,u1218822638199623680,human
1218852910186094592,u1218852910186094592,human
1218890455716220928,u1218890455716220928,human
1219259484515684352,u1219259484515684352,bot
1219273226158821376,u1219273226158821376,human
1219646070688489472,u1219646070688489472,bot
1219843781119201280,u1219843781119201280,bot
1219876033924562944,u1219876033924562944,bot
1219903067182768129,u1219903067182768129,human
1219910702200049665,u1219910702200049665,bot
1220010339779141633,u1220010339779141633,bot
1220279101228900352,u1220279101228900352,human
1220671426262253568,u1220671426262253568,human
1220691490906591233,u1220691490906591233,bot
1220719656698146816,u1220719656698146816,human
1220808459320528898,u1220808459320528898,bot
1220853301970898944,u1220853301970898944,human
1221018692844249089,u1221018692844249089,human
1221087701820149761,u1221087701820149761,human
1221090048025612290,u1221090048025612290,human
1221124994920525824,u1221124994920525824,human
1221222549188751360,u1221222549188751360,bot
1221270577849102337,u1221270577849102337,bot
1221402746399662082,u1221402746399662082,human
1221415028848517120,u1221415028848517120,bot
1221483263576936448,u1221483263576936448,human
1221792040310034435,u1221792040310034435,human
1221797561872326656,u1221797561872326656,bot
1221823570600439810,u1221823570600439810,bot
1221842417843933184,u1221842417843933184,bot
1221847825912410114,u1221847825912410114,bot
1221850622007398400,u1221850622007398400,human
1221991830742372354,u1221991830742372354,human
1222077101991452672,u1222077101991452672,human
1222089413532037121,u1222089413532037121,human
1222124274745577473,u1222124274745577473,bot
1222203203044794370,u1222203203044794370,bot
1222274077735510019,u1222274077735510019,bot
1222481207050436609,u1222481207050436609,bot
1222620985041571840,u1222620985041571840,human
1222673601578463232,u1222673601578463232,human
1222896389023133696,u1222896389023133696,human
1222995432407805959,u1222995432407805959,human
1223016700280496130,u1223016700280496130,bot
1223212280868999169,u1223212280868999169,bot
1223247464796499969,u1223247464796499969,human
1223428026932891651,u1223428026932891651,bot
1223452304931725313,u1223452304931725313,bot
1223474313396809728,u1223474313396809728,human
1223754018499039233,u1223754018499039233,bot
1223948990661701632,u1223948990661701632,human
1223965471772422144,u1223965471772422144,bot
1224001752808247298,u1224001752808247298,bot
1224107674234773509,u1224107674234773509,bot
1224340015821533185,u1224340015821533185,human
1224454866048778240,u1224454866048778240,bot
1224468013107306496,u1224468013107306496,bot
1224678501091086337,u1224678501091086337,bot
1224725426158870528,u1224725426158870528,bot
1224763922735124480,u1224763922735124480,human
1224768421885358081,u1224768421885358081,bot
1224923364944297985,u1224923364944297985,bot
1225073117963288576,u1225073117963288576,bot
1225091273406799882,u1225091273406799882,bot
1225108147120918528,u1225108147120918528,bot
1225178114122121221,u1225178114122121221,bot
1225183906590269440,u1225183906590269440,human
1225286035690704899,u1225286035690704899,human
1225476057282666496,u1225476057282666496,human
1225549329718501376,u1225549329718501376,bot
1225576247008219136,u1225576247008219136,bot
1225667056785227776,u1225667056785227776,human
1225809085460692992,u1225809085460692992,human
1225874727840952320,u1225874727840952320,bot
1226062973367717890,u1226062973367717890,bot
1226185906652155906,u1226185906652155906,bot
1226221805637165056,u1226221805637165056,bot
1226574984354705413,u1226574984354705413,human
1226935161398398976,u1226935161398398976,human
1226950587104755714,u1226950587104755714,human
1226952233310396417,u1226952233310396417,bot
1227012307764555783,u1227012307764555783,human
1227224744878989312,u1227224744878989312,bot
1227253389978931200,u1227253389978931200,bot
1227402521485795328,u1227402521485795328,bot
1227635429500948483,u1227635429500948483,human
1227742171211554816,u1227742171211554816,bot
1227967807838662661,u1227967807838662661,human
1228059053722656770,u1228059053722656770,human
1228197808068415489,u1228197808068415489,human
1228237230243627008,u1228237230243627008,human
1228240604544372736,u1228240604544372736,bot
1228343544508633088,u1228343544508633088,human
1228385712271175681,u1228385712271175681,bot
1228436982126333953,u1228436982126333953,bot
1228527312368332800,u1228527312368332800,human
1228549206920646661,u1228549206920646661,bot
1228560881472045056,u1228560881472045056,human
1228600636499013635,u1228600636499013635,bot
1228785206976483328,u1228785206976483328,human
1228852658892689408,u1228852658892689408,bot
1228920750452756480,u1228920750452756480,bot
1229052022885900290,u1229052022885900290,human
1229323261416267776,u1229323261416267776,human
1229367346764144640,u1229367346764144640,bot
1229413054456254465,u1229413054456254465,human
1229623943151017984,u1229623943151017984,human
1229629842536058880,u1229629842536058880,human
1229987897467719680,u1229987897467719680,human
1230086653659709442,u1230086653659709442,human
1230176707115659267,u1230176707115659267,human
1230356809078181889,u1230356809078181889,human
1230431996163178497,u1230431996163178497,human
1230462958020460544,u1230462958020460544,human
1230517463143649280,u1230517463143649280,human
1230590411149914112,u1230590411149914112,bot
1230600438212366338,u1230600438212366338,bot
1230634852577230848,u1230634852577230848,bot
1230783518923464704,u1230783518923464704,bot
1230874700089352197,u1230874700089352197,human
1230949129930436608,u1230949129930436608,bot
1231098599846694912,u1231098599846694912,bot
1231229637205819392,u1231229637205819392,bot
1231267236360458243,u1231267236360458243,human
1231288602912489472,u1231288602912489472,human
1231449046323097601,u1231449046323097601,bot
1231506717684490240,u1231506717684490240,bot
1231601392139329536,u1231601392139329536,human
1231649127450083331,u1231649127450083331,bot
1231773058899140610,u1231773058899140610,human
1232074557017796609,u1232074557017796609,bot
1232244554176266240,u1232244554176266240,bot
1232290896508485634,u1232290896508485634,human
1232445287328886784,u1232445287328886784,bot
1232457329037078528,u1232457329037078528,bot
1232461057840553986,u1232461057840553986,bot
1232499645701672961,u1232499645701672961,human
1232592111540654082,u1232592111540654082,human
1232606515179204608,u1232606515179204608,human
1232682548209344512,u1232682548209344512,human
1232773000627396608,u1232773000627396608,human
1233006636110880769,u1233006636110880769,bot
1233053424746364928,u1233053424746364928,bot
1233100151474049024,u1233100151474049024,human
1233116922155155457,u1233116922155155457,human
1233177694893940737,u1233177694893940737,bot
1233194297928933377,u1233194297928933377,human
1233334337472327681,u1233334337472327681,bot
1233587380914982913,u1233587380914982913,human
1233655908057653248,u1233655908057653248,bot
1233813128556765186,u1233813128556765186,human
1233898389584084993,u1233898389584084993,bot
1234057557368590343,u1234057557368590343,bot
1234109901892354051,u1234109901892354051,bot
1234111103078191104,u1234111103078191104,human
1234297665157922816,u1234297665157922816,bot
1234339943054553089,u1234339943054553089,bot
1234502792980652033,u1234502792980652033,bot
1234576703558688773,u1234576703558688773,human
1234635549136297989,u1234635549136297989,bot
1234763994046574593,u1234763994046574593,human
1234784276194873346,u1234784276194873346,bot
1234825434874961920,u1234825434874961920,bot
1234895738888491011,u1234895738888491011,human
1234909822249766912,u1234909822249766912,bot
1235017795621904384,u1235017795621904384,bot
1235113940993970176,u1235113940993970176,human
1235272629826682880,u1235272629826682880,bot
1235320800980410372,u1235320800980410372,bot
1235321942640603138,u1235321942640603138,bot
1235464842707755008,u1235464842707755008,bot
1235520318145548289,u1235520318145548289,human
1235527700573556736,u1235527700573556736,bot
1235541845482057730,u1235541845482057730,human
1235673902963191808,u1235673902963191808,bot
1235899396698456065,u1235899396698456065,bot
1235949293590032384,u1235949293590032384,bot
1235956746151235586,u1235956746151235586,human
1236229527438864384,u1236229527438864384,human
1236334913491697669,u1236334913491697669,human
1236342694537879552,u1236342694537879552,bot
1236351582779969544,u1236351582779969544,bot
1236366897030893568,u1236366897030893568,bot
1236683694993297414,u1236683694993297414,bot
1236744154736140289,u1236744154736140289,bot
1236930984874053632,u1236930984874053632,bot
1237032592412721154,u1237032592412721154,bot
1237120155689369600,u1237120155689369600,human
1237326642164502530,u1237326642164502530,bot
1237338240279105538,u1237338240279105538,bot
1237355117516554241,u1237355117516554241,bot
1237406350864416768,u1237406350864416768,bot
1237544865216507906,u1237544865216507906,human
1237572569898930177,u1237572569898930177,bot
1237636934169694208,u1237636934169694208,bot
1237674206118260736,u1237674206118260736,human
1237710964587483139,u1237710964587483139,bot
1237812271444889601,u1237812271444889601,bot
1237894863422709760,u1237894863422709760,bot
1238027030257479683,u1238027030257479683,bot
1238057601369333761,u1238057601369333761,bot
1238136258607509504,u1238136258607509504,bot
1238161121275719683,u1238161121275719683,human
1238438247698763781,u1238438247698763781,human
1238454418040860672,u1238454418040860672,human
1238521558441828353,u1238521558441828353,human
1238966736768155652,u1238966736768155652,bot
1239014596050124801,u1239014596050124801,bot
1239064023024484352,u1239064023024484352,bot
1239120404406366208,u1239120404406366208,human
1239277614352732160,u1239277614352732160,human
1239332527636189185,u1239332527636189185,human
1239428188272394240,u1239428188272394240,human
1239440141359300609,u1239440141359300609,human
1239678957592752131,u1239678957592752131,bot
1239743040564191235,u1239743040564191235,bot
1239752984856162304,u1239752984856162304,bot
1239886723510931457,u1239886723510931457,human
1239934339699400705,u1239934339699400705,human
1239937756886962177,u1239937756886962177,bot
1239942556361908227,u1239942556361908227,bot
1239975136121344003,u1239975136121344003,bot
1240000177982889985,u1240000177982889985,human
1240004303026339840,u1240004303026339840,bot
1240012352038113282,u1240012352038113282,human
1240078467691089920,u1240078467691089920,human
1240115395828342786,u1240115395828342786,bot
1240265921819803649,u1240265921819803649,bot
1240285160962048003,u1240285160962048003,bot
1240338965674233857,u1240338965674233857,bot
1240351778417278976,u1240351778417278976,bot
1240515905869811713,u1240515905869811713,human
1240560716253462528,u1240560716253462528,human
1240719735286874116,u1240719735286874116,human
1240778619925835776,u1240778619925835776,bot
1240806372977115136,u1240806372977115136,bot
1240923006857121792,u1240923006857121792,bot
1240937975485288448,u1240937975485288448,bot
1240980549407322112,u1240980549407322112,human
1241075123928682499,u1241075123928682499,human
1241098622969634817,u1241098622969634817,human
1241259045073367040,u1241259045073367040,bot
1241277139661533189,u1241277139661533189,bot
1241359194793664515,u1241359194793664515,bot
1241366004799639553,u1241366004799639553,bot
1241388592485842949,u1241388592485842949,human
1241462053136629766,u1241462053136629766,bot
1241545894442332160,u1241545894442332160,bot
1241630600399851521,u1241630600399851521,human
1241684471553896448,u1241684471553896448,human
1241742781376352257,u1241742781376352257,human
1241795449809293312,u1241795449809293312,bot
1241859777304702976,u1241859777304702976,bot
1241913610244407298,u1241913610244407298,human
1242073333153378305,u1242073333153378305,bot
1242097556034850818,u1242097556034850818,bot
1242121260722786305,u1242121260722786305,bot
1242165175790080001,u1242165175790080001,bot
1242207752694509573,u1242207752694509573,bot
1242351521477656577,u1242351521477656577,bot
1242380631717212166,u1242380631717212166,bot
1242437798038138881,u1242437798038138881,bot
1242455329964806147,u1242455329964806147,human
1242507093581746178,u1242507093581746178,bot
1242516384975912963,u1242516384975912963,bot
1242550139270713346,u1242550139270713346,bot
1242598815212998665,u1242598815212998665,bot
1242679561512529921,u1242679561512529921,human
1242710892313292801,u1242710892313292801,bot
1242763805152722945,u1242763805152722945,bot
1243092492443996160,u1243092492443996160,bot
1243128346923409408,u1243128346923409408,human
1243175295768621056,u1243175295768621056,human
1243188213335740416,u1243188213335740416,bot
1243200756389490690,u1243200756389490690,bot
1243251979079553025,u1243251979079553025,bot
1243256699739344897,u1243256699739344897,human
1243276112668446720,u1243276112668446720,bot
1243354663933493249,u1243354663933493249,human
1243486439901286402,u1243486439901286402,bot
1243524877329387520,u1243524877329387520,bot
1243558764298620928,u1243558764298620928,bot
1243560408025198593,u1243560408025198593,human
1243587853063467008,u1243587853063467008,bot
1243608174399275008,u1243608174399275008,bot
1243932920680722434,u1243932920680722434,human
1243974646875090944,u1243974646875090944,bot
1244020301840646145,u1244020301840646145,human
1244047657888288769,u1244047657888288769,bot
1244102194506469377,u1244102194506469377,human
1244188718983835649,u1244188718983835649,bot
1244188863033233408,u1244188863033233408,bot
1244379852381327362,u1244379852381327362,bot
1244419966704574464,u1244419966704574464,bot
1244566213633679361,u1244566213633679361,human
1244653685097009161,u1244653685097009161,bot
1244714853954191360,u1244714853954191360,bot
1244762173890424833,u1244762173890424833,bot
1244799837310029825,u1244799837310029825,human
1244879302803390465,u1244879302803390465,human
1244910305811054592,u1244910305811054592,human
1245086869299355651,u1245086869299355651,human
1245136726626119687,u1245136726626119687,human
1245158542618898432,u1245158542618898432,bot
1245197315926904832,u1245197315926904832,bot
1245230114356391938,u1245230114356391938,human
1245327782168715269,u1245327782168715269,bot
1245408681057017856,u1245408681057017856,bot
1245487960226697217,u1245487960226697217,bot
1245493275701714944,u1245493275701714944,bot
1245572970665263104,u1245572970665263104,bot
1245772151740915712,u1245772151740915712,bot
1246030346468167680,u1246030346468167680,bot
1246091659978215426,u1246091659978215426,human
1246111106806013952,u1246111106806013952,human
1246309685722054656,u1246309685722054656,bot
1246341028623331330,u1246341028623331330,bot
1246365785108480000,u1246365785108480000,bot
1246417537711120385,u1246417537711120385,bot
1246598927630995456,u1246598927630995456,bot
1246623062797230080,u1246623062797230080,human
1246796856081838080,u1246796856081838080,bot
1246893292840792064,u1246893292840792064,bot
1247035073335046145,u1247035073335046145,bot
1247287333478699008,u1247287333478699008,bot
1247357118224773120,u1247357118224773120,bot
1247368097809530882,u1247368097809530882,human
1247561365377687553,u1247561365377687553,human
1247882871009726466,u1247882871009726466,human
1247898986737889280,u1247898986737889280,bot
1247964307553505280,u1247964307553505280,bot
1247964637590458375,u1247964637590458375,human
1248001356373217280,u1248001356373217280,bot
1248101584443146240,u1248101584443146240,human
1248146805440667649,u1248146805440667649,human
1248509330501951488,u1248509330501951488,bot
1248520477175427072,u1248520477175427072,human
1248633730119471109,u1248633730119471109,bot
1248672438860369926,u1248672438860369926,human
1248731744246927360,u1248731744246927360,bot
1248870419089649664,u1248870419089649664,bot
1248919792603598849,u1248919792603598849,bot
1248963324034891777,u1248963324034891777,bot
1248973562532098049,u1248973562532098049,bot
1249094493145452544,u1249094493145452544,bot
1249622976661729280,u1249622976661729280,bot
1249661599415074816,u1249661599415074816,bot
1249749275858231296,u1249749275858231296,bot
1249761892299468803,u1249761892299468803,human
1249805775482097668,u1249805775482097668,human
1249891229086756865,u1249891229086756865,bot
1249977675814494208,u1249977675814494208,bot
1250011013648470016,u1250011013648470016,bot
1250536858783756288,u1250536858783756288,bot
1250767985108811776,u1250767985108811776,bot
1250822873444421634,u1250822873444421634,bot
1250855688038989825,u1250855688038989825,bot
1250862676353286144,u1250862676353286144,bot
1250898887428190213,u1250898887428190213,bot
1250900188752994306,u1250900188752994306,bot
1250958848942202880,u1250958848942202880,bot
1251007559193882626,u1251007559193882626,bot
1251091733632430080,u1251091733632430080,bot
1251100820185194497,u1251100820185194497,bot
1251155277040111616,u1251155277040111616,bot
1251231109817397249,u1251231109817397249,bot
1251265317067567104,u1251265317067567104,bot
1251281499229388806,u1251281499229388806,bot
1251334334591557633,u1251334334591557633,human
1251338271725989888,u1251338271725989888,human
1251419694235435009,u1251419694235435009,bot
1251471785134096384,u1251471785134096384,bot
1251565877142700032,u1251565877142700032,bot
1251830063252885504,u1251830063252885504,human
1251882319616413697,u1251882319616413697,bot
1251907112990457856,u1251907112990457856,human
1251928695612243968,u1251928695612243968,human
1251964945899683841,u1251964945899683841,bot
1252125527835643905,u1252125527835643905,bot
1252201715891425280,u1252201715891425280,bot
1252214545734656001,u1252214545734656001,bot
1252250641717592064,u1252250641717592064,bot
1252599926569218048,u1252599926569218048,bot
1252624243273142272,u1252624243273142272,bot
1252633019480866817,u1252633019480866817,bot
1252956801223491584,u1252956801223491584,bot
1252998246462558212,u1252998246462558212,bot
1253005974807478272,u1253005974807478272,bot
1253030735738527744,u1253030735738527744,bot
1253221725661102081,u1253221725661102081,bot
1253256223043891200,u1253256223043891200,bot
1253286721426464768,u1253286721426464768,bot
1253344017967915010,u1253344017967915010,bot
1253385369355268097,u1253385369355268097,human
1253406715145588736,u1253406715145588736,bot
1253462934476533763,u1253462934476533763,bot
1253473036247982081,u1253473036247982081,bot
1253475919382999041,u1253475919382999041,bot
1253478780322017281,u1253478780322017281,human
1253489839820791808,u1253489839820791808,bot
1253578557533511681,u1253578557533511681,bot
1253591142978818050,u1253591142978818050,bot
1253620885161836545,u1253620885161836545,bot
1253621639318650880,u1253621639318650880,bot
1253621864938770433,u1253621864938770433,bot
1253726294233059328,u1253726294233059328,bot
1253754530677866499,u1253754530677866499,human
1253760278082269184,u1253760278082269184,bot
1253802470427561988,u1253802470427561988,human
1253834003871936513,u1253834003871936513,bot
1253984890707759105,u1253984890707759105,bot
1254025982224326656,u1254025982224326656,bot
1254029140216315905,u1254029140216315905,bot
1254131192728883200,u1254131192728883200,bot
1254161299845656583,u1254161299845656583,bot
1254168589499760648,u1254168589499760648,bot
1254260005953363968,u1254260005953363968,bot
1254301101744173056,u1254301101744173056,human
1254442014818668545,u1254442014818668545,human
1254449643804676096,u1254449643804676096,human
1254469376809582592,u1254469376809582592,bot
1254475488610975746,u1254475488610975746,human
1254528920852017165,u1254528920852017165,bot
1254770772578451456,u1254770772578451456,bot
1254797853420974081,u1254797853420974081,bot
1255160104250458112,u1255160104250458112,human
1255185242740027392,u1255185242740027392,bot
1255234627242995715,u1255234627242995715,bot
1255240241054650368,u1255240241054650368,bot
1255403444241862656,u1255403444241862656,human
1255408952562589699,u1255408952562589699,bot
1255481159825403905,u1255481159825403905,bot
1255556200982351874,u1255556200982351874,bot
1255679955565977606,u1255679955565977606,bot
1255889219509198849,u1255889219509198849,bot
1255925654488592387,u1255925654488592387,human
1255956641159081985,u1255956641159081985,bot
1256144427673739265,u1256144427673739265,bot
1256296984748621825,u1256296984748621825,human
1256303347386257411,u1256303347386257411,bot
1256335044077064195,u1256335044077064195,bot
1256417658670665729,u1256417658670665729,bot
1256478782698819586,u1256478782698819586,human
1256624907305103360,u1256624907305103360,bot
1256782093121708033,u1256782093121708033,human
1256795019962462210,u1256795019962462210,bot
1256925276530974721,u1256925276530974721,human
1256944562637099008,u1256944562637099008,human
1256955642960465920,u1256955642960465920,human
1257093321056452610,u1257093321056452610,bot
1257204859855462400,u1257204859855462400,bot
1257279992389677058,u1257279992389677058,bot
1257352278719303681,u1257352278719303681,bot
1257369675714920451,u1257369675714920451,bot
1257516320003784704,u1257516320003784704,bot
1257661189619941377,u1257661189619941377,bot
1257669679558115328,u1257669679558115328,bot
1257698009208565760,u1257698009208565760,bot
1257718079112359941,u1257718079112359941,bot
1257847806418657280,u1257847806418657280,bot
1257864184907194368,u1257864184907194368,human
1258113351843971074,u1258113351843971074,human
1258145121754738688,u1258145121754738688,human
1258168996572135430,u1258168996572135430,bot
1258194641742172160,u1258194641742172160,bot
1258239371766976515,u1258239371766976515,bot
1258269329713324034,u1258269329713324034,bot
1258404840335695873,u1258404840335695873,bot
1258409097159991300,u1258409097159991300,human
1258612821446688769,u1258612821446688769,bot
1258676884327424000,u1258676884327424000,human
1258743389563961346,u1258743389563961346,human
1258953460436873216,u1258953460436873216,bot
1259109623254200320,u1259109623254200320,bot
1259174675374096385,u1259174675374096385,bot
1259182377357635589,u1259182377357635589,bot
1259184412031365122,u1259184412031365122,bot
1259252430967115777,u1259252430967115777,bot
1259354264020774912,u1259354264020774912,bot
1259466268505243649,u1259466268505243649,human
1259498799485071363,u1259498799485071363,bot
1259559092835815427,u1259559092835815427,human
1259574694296129540,u1259574694296129540,bot
1259685074271961091,u1259685074271961091,human
1259722768888799232,u1259722768888799232,bot
1259750445813100544,u1259750445813100544,bot
1259841110815526912,u1259841110815526912,bot
1259852189297713152,u1259852189297713152,bot
1259877420590563330,u1259877420590563330,bot
1259882965812883459,u1259882965812883459,bot
1259939091237527558,u1259939091237527558,bot
1260006638037147650,u1260006638037147650,human
1260159920449581061,u1260159920449581061,bot
1260212055468105730,u1260212055468105730,human
1260362239082708997,u1260362239082708997,human
1260538770140487681,u1260538770140487681,bot
1260578233336111106,u1260578233336111106,human
1260616594209869826,u1260616594209869826,bot
1260816656252592129,u1260816656252592129,bot
1260859541635371009,u1260859541635371009,bot
1261030032991850496,u1261030032991850496,human
1261110445584322560,u1261110445584322560,bot
1261182436886695939,u1261182436886695939,bot
1261663108105302016,u1261663108105302016,human
1261700871731048453,u1261700871731048453,bot
1261714680357273600,u1261714680357273600,bot
1261777926942412802,u1261777926942412802,bot
1261802172053774336,u1261802172053774336,human
1262011615861334018,u1262011615861334018,bot
1262201636581257222,u1262201636581257222,bot
1262317445710258177,u1262317445710258177,human
1262371033480400899,u1262371033480400899,human
1262380101876043782,u1262380101876043782,bot
1262401324660011009,u1262401324660011009,bot
1262440948333793280,u1262440948333793280,human
1262623002937655296,u1262623002937655296,bot
1262627999893028865,u1262627999893028865,bot
1262718679478792192,u1262718679478792192,bot
1262733347446566913,u1262733347446566913,bot
1262805252882886663,u1262805252882886663,bot
1262864964072755201,u1262864964072755201,human
1262911757003128833,u1262911757003128833,bot
1263024354134286336,u1263024354134286336,bot
1263179139332190208,u1263179139332190208,bot
1263434346322673664,u1263434346322673664,bot
1263512772559675393,u1263512772559675393,bot
1263711764480434176,u1263711764480434176,bot
1263825941223976962,u1263825941223976962,bot
1263877101330894848,u1263877101330894848,bot
1263892809284755463,u1263892809284755463,bot
1264031710716493824,u1264031710716493824,bot
1264042703635046402,u1264042703635046402,bot
1264116738792148993,u1264116738792148993,bot
1264161966962151424,u1264161966962151424,human
1264199549947654144,u1264199549947654144,bot
1264237176465666051,u1264237176465666051,human
1264244514551521280,u1264244514551521280,bot
1264252764345044993,u1264252764345044993,human
1264259518621519884,u1264259518621519884,bot
1264317404919877634,u1264317404919877634,bot
1264486875294728193,u1264486875294728193,bot
1264497510057295873,u1264497510057295873,human
1264524476160581636,u1264524476160581636,human
1264606206955606021,u1264606206955606021,bot
1264610254924496896,u1264610254924496896,bot
1264808622288183298,u1264808622288183298,human
1264853072905416704,u1264853072905416704,bot
1264900247593144320,u1264900247593144320,bot
1264911495399460866,u1264911495399460866,bot
1264939552445210625,u1264939552445210625,human
1264952031317561345,u1264952031317561345,bot
1264968130687905794,u1264968130687905794,bot
1264972964493094912,u1264972964493094912,bot
1264991604349304832,u1264991604349304832,bot
1265025397353091073,u1265025397353091073,bot
1265039418294800386,u1265039418294800386,bot
1265119474585235456,u1265119474585235456,bot
1265187369545678848,u1265187369545678848,bot
1265313548974133248,u1265313548974133248,human
1265419560385163264,u1265419560385163264,human
1265511208922292226,u1265511208922292226,bot
1265528062147518464,u1265528062147518464,bot
1265566738676101122,u1265566738676101122,bot
1265610280626724869,u1265610280626724869,bot
1265632656034676736,u1265632656034676736,bot
1265974494629330949,u1265974494629330949,bot
1266322552433106944,u1266322552433106944,human
1266374034842718212,u1266374034842718212,bot
1266438804082229249,u1266438804082229249,human
1266439580502290432,u1266439580502290432,bot
1266449717501628417,u1266449717501628417,bot
1266469388930232322,u1266469388930232322,bot
1266474562558058496,u1266474562558058496,bot
1266482570868535298,u1266482570868535298,bot
1266633564269031425,u1266633564269031425,bot
1266703520205549568,u1266703520205549568,human
1266736877245272064,u1266736877245272064,human
1266737087992287232,u1266737087992287232,human
1266765240525631489,u1266765240525631489,human
1266784515331985409,u1266784515331985409,human
1266920725320994816,u1266920725320994816,human
1266925767516012544,u1266925767516012544,bot
1266974886184058880,u1266974886184058880,human
1267051110721781761,u1267051110721781761,human
1267062534529523712,u1267062534529523712,bot
1267079451210285056,u1267079451210285056,bot
1267083330299875328,u1267083330299875328,human
1267117381278666754,u1267117381278666754,bot
1267144834378326019,u1267144834378326019,bot
1267165809127895040,u1267165809127895040,bot
1267275417477615616,u1267275417477615616,bot
1267410033748443138,u1267410033748443138,bot
1267431151251197952,u1267431151251197952,human
1267466440690601986,u1267466440690601986,human
1267497270175584258,u1267497270175584258,human
1267501967703588864,u1267501967703588864,human
1267524311277015042,u1267524311277015042,human
1267632148741263367,u1267632148741263367,bot
1267746949559713792,u1267746949559713792,bot
1267826296467251201,u1267826296467251201,human
1267880843516633088,u1267880843516633088,bot
1267960763467075585,u1267960763467075585,human
1268008348420636673,u1268008348420636673,bot
1268034187594006528,u1268034187594006528,bot
1268106638042583041,u1268106638042583041,human
1268125226300129281,u1268125226300129281,human
1268178926658031616,u1268178926658031616,bot
1268261929233104897,u1268261929233104897,bot
1268282338640670721,u1268282338640670721,bot
1268323110366871553,u1268323110366871553,human
1268362931336613891,u1268362931336613891,bot
1268397858492801024,u1268397858492801024,bot
1268586425320198145,u1268586425320198145,bot
1268620811268534278,u1268620811268534278,human
1268676705629229056,u1268676705629229056,human
1268741211285643264,u1268741211285643264,bot
1268754446248316930,u1268754446248316930,bot
1268760736131661825,u1268760736131661825,bot
1268970866085441543,u1268970866085441543,human
1269068431862763525,u1269068431862763525,bot
1269109234895069185,u1269109234895069185,bot
1269329781365055488,u1269329781365055488,human
1269469120086585350,u1269469120086585350,bot
1269528761688604672,u1269528761688604672,bot
1269662256398295040,u1269662256398295040,bot
1269739075818475526,u1269739075818475526,human
1269742671259750401,u1269742671259750401,bot
1269764161967468544,u1269764161967468544,bot
1269783229394939904,u1269783229394939904,bot
1269956621909798913,u1269956621909798913,human
1269977265955393536,u1269977265955393536,bot
1270025945592799234,u1270025945592799234,bot
1270165938558640129,u1270165938558640129,bot
1270246155985629184,u1270246155985629184,bot
1270259763176067072,u1270259763176067072,bot
1270407009188397058,u1270407009188397058,bot
1270467906263035905,u1270467906263035905,bot
1270542038669369344,u1270542038669369344,bot
1270588463113318402,u1270588463113318402,human
1270665220223119362,u1270665220223119362,human
1271007323541176321,u1271007323541176321,human
1271013863111233536,u1271013863111233536,bot
1271029300595232769,u1271029300595232769,bot
1271252108969275392,u1271252108969275392,human
1271282093713170434,u1271282093713170434,human
1271337451299106817,u1271337451299106817,human
1271378139457810433,u1271378139457810433,bot
1271482878958940160,u1271482878958940160,human
1271494016924659712,u1271494016924659712,bot
1271692434150432768,u1271692434150432768,human
1271787834396073985,u1271787834396073985,bot
1272057842913116160,u1272057842913116160,human
1272057887922110464,u1272057887922110464,bot
1272059844753645568,u1272059844753645568,bot
1272076056032423936,u1272076056032423936,bot
1272188789386096641,u1272188789386096641,human
1272211725362753537,u1272211725362753537,bot
1272223273359511557,u1272223273359511557,bot
1272233905022734340,u1272233905022734340,bot
1272251688330711041,u1272251688330711041,human
1272447528311459842,u1272447528311459842,bot
1272607690863214592,u1272607690863214592,bot
1272714834916847616,u1272714834916847616,bot
1272821035742748672,u1272821035742748672,human
1272845197278240768,u1272845197278240768,bot
1272880566279401473,u1272880566279401473,bot
1272885964533387264,u1272885964533387264,human
1272930101559283713,u1272930101559283713,human
1272939649791451137,u1272939649791451137,bot
1273062360232714240,u1273062360232714240,bot
1273093699526889473,u1273093699526889473,human
1273227832555167745,u1273227832555167745,human
1273299183777091585,u1273299183777091585,human
1273524665227587586,u1273524665227587586,human
1273580736927465474,u1273580736927465474,human
1273670627954548739,u1273670627954548739,bot
1273759306039558145,u1273759306039558145,human
1273782285490413569,u1273782285490413569,bot
1273833400906985475,u1273833400906985475,bot
1273871489947836416,u1273871489947836416,bot
1274269247892418561,u1274269247892418561,human
1274318205817937924,u1274318205817937924,bot
1274344486873767937,u1274344486873767937,bot
1274397586141491201,u1274397586141491201,bot
1274572433924726785,u1274572433924726785,bot
1274806837079158785,u1274806837079158785,bot
1275014106722926592,u1275014106722926592,human
1275057614053756929,u1275057614053756929,human
1275095083524583424,u1275095083524583424,human
1275159886263980032,u1275159886263980032,human
1275184138664976384,u1275184138664976384,human
1275256897373908993,u1275256897373908993,bot
1275289679252934657,u1275289679252934657,bot
1275367228297236480,u1275367228297236480,bot
1275374980784521217,u1275374980784521217,human
1275408279863275521,u1275408279863275521,human
1275530238953308160,u1275530238953308160,bot
1275560189559619585,u1275560189559619585,bot
1275577849412571139,u1275577849412571139,bot
1275661601195151361,u1275661601195151361,bot
1275663458420363265,u1275663458420363265,bot
1275698814217830402,u1275698814217830402,bot
1275774273613959171,u1275774273613959171,bot
1275793366140280832,u1275793366140280832,bot
1275806872575057921,u1275806872575057921,bot
1275848535288602635,u1275848535288602635,bot
1275919661058719746,u1275919661058719746,bot
1275924339494395904,u1275924339494395904,bot
1275956302590676993,u1275956302590676993,human
1276097179577470976,u1276097179577470976,human
1276115324820127752,u1276115324820127752,human
1276116241690906627,u1276116241690906627,bot
1276128316034936834,u1276128316034936834,bot
1276188758002597888,u1276188758002597888,bot
1276431108347965440,u1276431108347965440,bot
1276438425457967110,u1276438425457967110,human
1276516622694379520,u1276516622694379520,human
1276557211708391429,u1276557211708391429,human
1276757595353563136,u1276757595353563136,human
1276885238069768196,u1276885238069768196,human
1277056048919126021,u1277056048919126021,bot
1277323928550150144,u1277323928550150144,bot
1277330706960613376,u1277330706960613376,human
1277332349081079808,u1277332349081079808,human
1277370736148086784,u1277370736148086784,bot
1277527326616674304,u1277527326616674304,human
1277669296433487875,u1277669296433487875,human
1277686375647719424,u1277686375647719424,bot
1277700128565010434,u1277700128565010434,bot
1277749975531864070,u1277749975531864070,bot
1277796741132300290,u1277796741132300290,bot
1277820751018487809,u1277820751018487809,bot
1277877033423560704,u1277877033423560704,human
1277922403843178496,u1277922403843178496,bot
1277987057349079041,u1277987057349079041,bot
1278017262721662984,u1278017262721662984,bot
1278072689857449984,u1278072689857449984,bot
1278096139485667328,u1278096139485667328,bot
1278154595466788864,u1278154595466788864,bot
1278390703320715264,u1278390703320715264,human
1278394521831854080,u1278394521831854080,bot
1278465007496212480,u1278465007496212480,bot
1278516001773162496,u1278516001773162496,human
1278522948291182592,u1278522948291182592,human
1278575788900712448,u1278575788900712448,human
1278623756500398081,u1278623756500398081,bot
1278628323753631744,u1278628323753631744,bot
1278671646581125120,u1278671646581125120,human
1278710228213612544,u1278710228213612544,bot
1278717646436012033,u1278717646436012033,bot
1278762827117850625,u1278762827117850625,bot
1278785979768360961,u1278785979768360961,bot
1278878079826292736,u1278878079826292736,bot
1278894431605645312,u1278894431605645312,bot
1278937550615244800,u1278937550615244800,bot
1279039225636302848,u1279039225636302848,human
1279333728032976896,u1279333728032976896,human
1279474944460468224,u1279474944460468224,human
1279480638530338821,u1279480638530338821,bot
1279556407348658176,u1279556407348658176,bot
1279577136488210432,u1279577136488210432,bot
1279752370587566083,u1279752370587566083,bot
1279774026953621508,u1279774026953621508,bot
1280068188198313984,u1280068188198313984,bot
1280118663610339328,u1280118663610339328,human
1280142008070307843,u1280142008070307843,human
1280142074726232064,u1280142074726232064,bot
1280173489354244098,u1280173489354244098,human
1280280549765140480,u1280280549765140480,bot
1280332075065843713,u1280332075065843713,bot
1280351275628900355,u1280351275628900355,bot
1280445897835515905,u1280445897835515905,bot
1280464969209962496,u1280464969209962496,bot
1280598815280676866,u1280598815280676866,bot
1280813065936744453,u1280813065936744453,human
1280875781003059206,u1280875781003059206,human
1280901258874884098,u1280901258874884098,human
1280916490380812288,u1280916490380812288,bot
1280938227537494016,u1280938227537494016,bot
1280993587296194567,u1280993587296194567,human
1281103225878450178,u1281103225878450178,bot
1281351054861512704,u1281351054861512704,bot
1281436389574410241,u1281436389574410241,bot
1281497584427819008,u1281497584427819008,bot
1281554962649165829,u1281554962649165829,bot
1281598348294840324,u1281598348294840324,bot
1281854253003231233,u1281854253003231233,human
1281937738879696896,u1281937738879696896,bot
1282060859188142082,u1282060859188142082,bot
1282282566037303296,u1282282566037303296,bot
1282307890041303040,u1282307890041303040,human
1282313776033865730,u1282313776033865730,bot
1282349240971333632,u1282349240971333632,bot
1282358146988728331,u1282358146988728331,bot
1282367592066363393,u1282367592066363393,bot
1282371752472064001,u1282371752472064001,human
1282444726021619713,u1282444726021619713,bot
1282482058179358725,u1282482058179358725,human
1282585288360046595,u1282585288360046595,bot
1282652331742564352,u1282652331742564352,bot
1282661568916881408,u1282661568916881408,bot
1282834464255565825,u1282834464255565825,bot
1282969912562999297,u1282969912562999297,bot
1282977468966526976,u1282977468966526976,bot
1283046175696916481,u1283046175696916481,human
1283050890732216324,u1283050890732216324,human
1283071766110318593,u1283071766110318593,bot
1283086671412592641,u1283086671412592641,human
1283149384872599553,u1283149384872599553,human
1283161568881115136,u1283161568881115136,bot
1283307367174569989,u1283307367174569989,bot
1283343998946549760,u1283343998946549760,bot
1283378990384910339,u1283378990384910339,human
1283383449206882304,u1283383449206882304,bot
1283463794837135360,u1283463794837135360,human
1283608162382131200,u1283608162382131200,human
1283640401023270918,u1283640401023270918,human
1283754606858772481,u1283754606858772481,human
1283777793151479813,u1283777793151479813,bot
1283881756916146178,u1283881756916146178,bot
1284311733574569985,u1284311733574569985,human
1284441120773152768,u1284441120773152768,bot
1284463004843638786,u1284463004843638786,bot
1284513088146821121,u1284513088146821121,bot
1284684118979117056,u1284684118979117056,bot
1284706255441760256,u1284706255441760256,bot
1284743609078562816,u1284743609078562816,human
1284770518118199297,u1284770518118199297,bot
1284820579439095820,u1284820579439095820,bot
1285018900753678337,u1285018900753678337,bot
1285027406961610757,u1285027406961610757,human
1285385973187190786,u1285385973187190786,bot
1285489951270993920,u1285489951270993920,human
1285508401892483073,u1285508401892483073,bot
1285513012338663424,u1285513012338663424,bot
1285518023701540865,u1285518023701540865,human
1285560898384519170,u1285560898384519170,bot
1285628066346274817,u1285628066346274817,human
1285637128416829440,u1285637128416829440,bot
1285858902400053248,u1285858902400053248,bot
1285870150198202370,u1285870150198202370,human
1285871002988056577,u1285871002988056577,bot
1285939888064475137,u1285939888064475137,human
1286339187793432578,u1286339187793432578,human
1286341463597604864,u1286341463597604864,human
1286743741949067264,u1286743741949067264,bot
1286810331906543625,u1286810331906543625,human
1286820111488176128,u1286820111488176128,bot
1286921198388031488,u1286921198388031488,bot
1287064698014310405,u1287064698014310405,bot
1287239187427553281,u1287239187427553281,bot
1287259425556766721,u1287259425556766721,bot
1287460904985141249,u1287460904985141249,human
1287468183201492992,u1287468183201492992,human
1287486014131404801,u1287486014131404801,human
1287502143000391681,u1287502143000391681,human
1287513081413681152,u1287513081413681152,bot
1287582781174734848,u1287582781174734848,bot
1287677582155091968,u1287677582155091968,human
1287699374890528768,u1287699374890528768,human
1287738458711166977,u1287738458711166977,bot
1287769440894038016,u1287769440894038016,human
1287809247137472513,u1287809247137472513,bot
1287831397508341761,u1287831397508341761,bot
1287850532628041733,u1287850532628041733,bot
1287854793642450950,u1287854793642450950,bot
1287960329285066752,u1287960329285066752,bot
1288067191825469441,u1288067191825469441,bot
1288189476074815489,u1288189476074815489,bot
1288247849239617538,u1288247849239617538,human
1288252277187371012,u1288252277187371012,human
1288356210224201728,u1288356210224201728,bot
1288438422512840704,u1288438422512840704,human
1288506345864470534,u1288506345864470534,human
1288571455677095939,u1288571455677095939,bot
1288799372377878528,u1288799372377878528,human
1288913312609005569,u1288913312609005569,bot
1289167587721359362,u1289167587721359362,bot
1289205735776227328,u1289205735776227328,bot
1289655948483665920,u1289655948483665920,human
1289683235677642754,u1289683235677642754,bot
1289889050388828161,u1289889050388828161,bot
1289912961742512132,u1289912961742512132,bot
1290045946655465472,u1290045946655465472,bot
1290233331683008512,u1290233331683008512,human
1290290872819515393,u1290290872819515393,bot
1290337087867125761,u1290337087867125761,bot
1290349226270965760,u1290349226270965760,bot
1290351535335960576,u1290351535335960576,bot
1290439725157961731,u1290439725157961731,bot
1290511354248351745,u1290511354248351745,bot
1290553693855559681,u1290553693855559681,bot
1290740675818991618,u1290740675818991618,bot
1290741753578950658,u1290741753578950658,bot
1290763956529664000,u1290763956529664000,bot
1290789185058566144,u1290789185058566144,bot
1290994327502503936,u1290994327502503936,human
1291030579836850183,u1291030579836850183,bot
1291165350650712064,u1291165350650712064,bot
1291192349582716929,u1291192349582716929,human
1291257095858266112,u1291257095858266112,human
1291280040320172034,u1291280040320172034,bot
1291351926160777217,u1291351926160777217,bot
1291379092365824006,u1291379092365824006,bot
1291464427297017857,u1291464427297017857,bot
1291487042921168898,u1291487042921168898,human
1291540282685698054,u1291540282685698054,bot
1291721439221964800,u1291721439221964800,bot
1291784927705354240,u1291784927705354240,human
1292062397390368768,u1292062397390368768,bot
1292166792056582145,u1292166792056582145,bot
1292427925996875776,u1292427925996875776,human
1292548661587607555,u1292548661587607555,bot
1292560437699985408,u1292560437699985408,human
1292575370320007172,u1292575370320007172,bot
1292655145537482752,u1292655145537482752,bot
1292750983336824832,u1292750983336824832,human
1292760397007802368,u1292760397007802368,human
1292782551208275968,u1292782551208275968,bot
1292928886339039232,u1292928886339039232,human
1292984991635431425,u1292984991635431425,human
1293071349317898240,u1293071349317898240,human
1293233330830417921,u1293233330830417921,human
1293265737201549312,u1293265737201549312,human
1293342122825801728,u1293342122825801728,human
1293469199554285568,u1293469199554285568,human
1293476420354822144,u1293476420354822144,bot
1293487618491990016,u1293487618491990016,bot
1293517024379904001,u1293517024379904001,bot
1293528122827010048,u1293528122827010048,bot
1293530681662824449,u1293530681662824449,bot
1293568640776908806,u1293568640776908806,bot
1293569959532982275,u1293569959532982275,bot
1293770077766946816,u1293770077766946816,bot
1293878938540933122,u1293878938540933122,bot
1293902268979445761,u1293902268979445761,human
1293923061142630400,u1293923061142630400,bot
1294033712552779778,u1294033712552779778,bot
1294049554216755201,u1294049554216755201,bot
1294237479197958144,u1294237479197958144,bot
1294246904847622145,u1294246904847622145,human
1294256281872748545,u1294256281872748545,bot
1294362193878822912,u1294362193878822912,human
1294469500784349184,u1294469500784349184,bot
1294590865655046144,u1294590865655046144,bot
1294687175792119808,u1294687175792119808,bot
1294978697129275394,u1294978697129275394,bot
1295010755528425472,u1295010755528425472,bot
1295045003576844288,u1295045003576844288,human
1295363625927016448,u1295363625927016448,human
1295429066049421314,u1295429066049421314,human
1295431516198141957,u1295431516198141957,bot
1295472116163178496,u1295472116163178496,bot
1295521539706613760,u1295521539706613760,bot
1295531192696164353,u1295531192696164353,bot
1295573064088944641,u1295573064088944641,bot
1295583939969548288,u1295583939969548288,bot
1295627935118893056,u1295627935118893056,bot
1295715136141963267,u1295715136141963267,human
1295740738592899074,u1295740738592899074,human
1295768269400559616,u1295768269400559616,bot
1295839946025115648,u1295839946025115648,human
1295860650284064769,u1295860650284064769,human
1295881084631224320,u1295881084631224320,bot
1296041494302859264,u1296041494302859264,human
1296052915317153792,u1296052915317153792,bot
1296095452845297664,u1296095452845297664,bot
1296149891530526727,u1296149891530526727,bot
1296255120141889536,u1296255120141889536,bot
1296441023250550785,u1296441023250550785,bot
1296482784979161089,u1296482784979161089,bot
1296561258469240832,u1296561258469240832,human
1296732065606569984,u1296732065606569984,human
1296847131941253120,u1296847131941253120,human
1296862654330355712,u1296862654330355712,bot
1296873029994258434,u1296873029994258434,bot
1296873055629774850,u1296873055629774850,bot
1296882440108220416,u1296882440108220416,bot
1297129138239627264,u1297129138239627264,bot
1297251981816340480,u1297251981816340480,bot
1297265957874827265,u1297265957874827265,bot
1297400704164798464,u1297400704164798464,bot
1297450796980686850,u1297450796980686850,bot
1297505626604675073,u1297505626604675073,bot
1297561561964388353,u1297561561964388353,human
1297627095330242561,u1297627095330242561,human
1297734924196339712,u1297734924196339712,bot
1297810466354286592,u1297810466354286592,human
1298019858144088064,u1298019858144088064,human
1298046179700162560,u1298046179700162560,bot
1298119287178055681,u1298119287178055681,bot
1298178034705600512,u1298178034705600512,human
1298222102437273600,u1298222102437273600,bot
1298262667732193281,u1298262667732193281,bot
1298377575442657281,u1298377575442657281,human
1298396909887922176,u1298396909887922176,human
1298461252008771588,u1298461252008771588,bot
1298617054950387712,u1298617054950387712,bot
1298666653530685440,u1298666653530685440,bot
1298785677291577344,u1298785677291577344,bot
1298878057785122822,u1298878057785122822,bot
1298934101123055618,u1298934101123055618,bot
1299048052158857218,u1299048052158857218,bot
1299284627639631873,u1299284627639631873,human
1299311527816617985,u1299311527816617985,bot
1299605596224786434,u1299605596224786434,bot
1299643837254635521,u1299643837254635521,bot
1299686030875004928,u1299686030875004928,human
1299699986767249409,u1299699986767249409,human
1299724900563709953,u1299724900563709953,bot
1299759176588034048,u1299759176588034048,bot
1299773222800576513,u1299773222800576513,human
1300047383091445764,u1300047383091445764,human
1300211803373236224,u1300211803373236224,bot
1300410512509825024,u1300410512509825024,human
1300622524393435136,u1300622524393435136,bot
1300692743795216386,u1300692743795216386,human
1300712274055790593,u1300712274055790593,human
1300730536344707072,u1300730536344707072,human
1300909563881967618,u1300909563881967618,bot
1300926167650713600,u1300926167650713600,human
1301217737893609473,u1301217737893609473,bot
1301275764424241152,u1301275764424241152,bot
1301324575125286912,u1301324575125286912,bot
1301407963333230592,u1301407963333230592,bot
1301409891039485952,u1301409891039485952,human
1301556273993793536,u1301556273993793536,human
1301564443910975489,u1301564443910975489,human
1301582210655334400,u1301582210655334400,bot
1301595184929673217,u1301595184929673217,human
1301611039642058752,u1301611039642058752,bot
1301625199843061762,u1301625199843061762,human
1301635162967429120,u1301635162967429120,human
1301705623084707841,u1301705623084707841,human
1301730453326454784,u1301730453326454784,human
1301744193996374017,u1301744193996374017,bot
1301801722512388096,u1301801722512388096,human
1301908170420305920,u1301908170420305920,human
1301942561960009732,u1301942561960009732,bot
1301971143746879488,u1301971143746879488,human
1301974202988273664,u1301974202988273664,bot
1301979520514363393,u1301979520514363393,bot
1301979918134202369,u1301979918134202369,bot
1302010612352839681,u1302010612352839681,bot
1302225341319196677,u1302225341319196677,bot
1302236344534675456,u1302236344534675456,human
1302243530388246535,u1302243530388246535,bot
1302368100927504384,u1302368100927504384,human
1302387576800645120,u1302387576800645120,bot
1302463878916272128,u1302463878916272128,human
1302498309634961409,u1302498309634961409,bot
1302544509348306944,u1302544509348306944,bot
1302660200026042371,u1302660200026042371,bot
1302763516978434048,u1302763516978434048,human
1302786301620609031,u1302786301620609031,bot
1302833127614754817,u1302833127614754817,human
1302846730644328450,u1302846730644328450,human
1302884267387744256,u1302884267387744256,bot
1302897316169355264,u1302897316169355264,bot
1302901994806374400,u1302901994806374400,bot
1302914330380447745,u1302914330380447745,human
1302966575310483456,u1302966575310483456,human
1302980959726440449,u1302980959726440449,bot
1303132210766254080,u1303132210766254080,bot
1303227074845573121,u1303227074845573121,bot
1303346772073312256,u1303346772073312256,bot
1303377516288258049,u1303377516288258049,bot
1303461934075969536,u1303461934075969536,human
1303524530783227904,u1303524530783227904,bot
1303615032274620416,u1303615032274620416,bot
1303621701016662017,u1303621701016662017,human
1303714451305234433,u1303714451305234433,bot
1303777844133150720,u1303777844133150720,human
1303822276832432128,u1303822276832432128,human
1303876173085249537,u1303876173085249537,bot
1303939760797474816,u1303939760797474816,human
1303984941798105088,u1303984941798105088,bot
1304039005558902784,u1304039005558902784,bot
1304094405142474756,u1304094405142474756,bot
1304201020130709506,u1304201020130709506,bot
1304221784582115334,u1304221784582115334,bot
1304250335209246720,u1304250335209246720,human
1304373173127962629,u1304373173127962629,human
1304428269882744835,u1304428269882744835,bot
1304578188614545409,u1304578188614545409,human
1304728654707122176,u1304728654707122176,human
1304794047811325956,u1304794047811325956,human
1304819254034935808,u1304819254034935808,bot
1304823183783202824,u1304823183783202824,bot
1304863214459662345,u1304863214459662345,human
1304878604703199232,u1304878604703199232,bot
1305138792240742400,u1305138792240742400,bot
1305222770507288576,u1305222770507288576,human
1305303001033252864,u1305303001033252864,bot
1305349277422477313,u1305349277422477313,human
1305352752214798339,u1305352752214798339,bot
1305359557762269184,u1305359557762269184,bot
1305560602706939906,u1305560602706939906,bot
1305690833979502597,u1305690833979502597,human
1305840719697977344,u1305840719697977344,bot
1305919187030700033,u1305919187030700033,bot
1305929795788779521,u1305929795788779521,human
1305961946139815936,u1305961946139815936,bot
1305996833286696963,u1305996833286696963,bot
1306171154487537664,u1306171154487537664,bot
1306263380689379335,u1306263380689379335,human
1306279054060920839,u1306279054060920839,bot
1306283894623227904,u1306283894623227904,bot
1306384641150992384,u1306384641150992384,bot
1306509826713948160,u1306509826713948160,bot
1306516976391593985,u1306516976391593985,human
1306590573067866114,u1306590573067866114,human
1306948588392439808,u1306948588392439808,bot
1307070289952608258,u1307070289952608258,human
1307070348987445248,u1307070348987445248,bot
1307101737136709632,u1307101737136709632,bot
1307218926699450368,u1307218926699450368,bot
1307287388088086528,u1307287388088086528,bot
1307323917867024387,u1307323917867024387,bot
1307336102911660033,u1307336102911660033,bot
1307373506137673728,u1307373506137673728,bot
1307409026645463045,u1307409026645463045,bot
1307574170046410752,u1307574170046410752,human
1307745468261314562,u1307745468261314562,bot
1308015556570873856,u1308015556570873856,bot
1308030386031730688,u1308030386031730688,bot
1308031437975826437,u1308031437975826437,bot
1308049161573617665,u1308049161573617665,bot
1308186552435191808,u1308186552435191808,bot
1308187181941288960,u1308187181941288960,human
1308299450763239424,u1308299450763239424,human
1308300663663874048,u1308300663663874048,human
1308443434269708288,u1308443434269708288,bot
1308531532286570501,u1308531532286570501,human
1308540064285118465,u1308540064285118465,human
1308816287213260800,u1308816287213260800,human
1308970974927294466,u1308970974927294466,bot
1308989638036598785,u1308989638036598785,human
1309034737756000256,u1309034737756000256,human
1309113361955786755,u1309113361955786755,human
1309171004414005248,u1309171004414005248,bot
1309393332460826624,u1309393332460826624,bot
1309478370132897793,u1309478370132897793,bot
1309836338447806464,u1309836338447806464,bot
1309931012961570816,u1309931012961570816,human
1310004281047646208,u1310004281047646208,bot
1310295811847315458,u1310295811847315458,bot
1310591400400941057,u1310591400400941057,bot
1310710407837949953,u1310710407837949953,bot
1310916812184444928,u1310916812184444928,bot
1310969638113677313,u1310969638113677313,human
1311056140537659393,u1311056140537659393,bot
1311097682904182784,u1311097682904182784,bot
1311098913877897216,u1311098913877897216,human
1311426771548598273,u1311426771548598273,bot
1311465984683896832,u1311465984683896832,bot
1311546611424788480,u1311546611424788480,bot
1311639856964141056,u1311639856964141056,bot
1311650703052476416,u1311650703052476416,bot
1311662718856781825,u1311662718856781825,bot
1311736387981336576,u1311736387981336576,bot
1311786712557850624,u1311786712557850624,human
1311808795509583872,u1311808795509583872,human
1311846239928016896,u1311846239928016896,bot
1312030395463094273,u1312030395463094273,bot
1312214283481223169,u1312214283481223169,bot
1312326659089985536,u1312326659089985536,human
1312461653561217024,u1312461653561217024,bot
1312566961327362048,u1312566961327362048,bot
1312749954914541570,u1312749954914541570,bot
1312756864057180162,u1312756864057180162,human
1312765923598708737,u1312765923598708737,bot
1312783029862096896,u1312783029862096896,human
1313005440754622464,u1313005440754622464,bot
1313223619841937408,u1313223619841937408,bot
1313256576283824129,u1313256576283824129,bot
1313384376453922816,u1313384376453922816,bot
1313391357487050752,u1313391357487050752,human
1313542057596772353,u1313542057596772353,human
1313590800014602241,u1313590800014602241,human
1314285874075459584,u1314285874075459584,bot
1314286656787275779,u1314286656787275779,bot
1314355327681228801,u1314355327681228801,human
1314507330432700417,u1314507330432700417,human
1314513527286226944,u1314513527286226944,bot
1314949099284770818,u1314949099284770818,bot
1315008703175651328,u1315008703175651328,human
1315031418775494658,u1315031418775494658,human
1315062025932828672,u1315062025932828672,bot
1315332212133441536,u1315332212133441536,human
1315572876666314752,u1315572876666314752,human
1315577551268569088,u1315577551268569088,bot
1315603742511763456,u1315603742511763456,bot
1315614322995929089,u1315614322995929089,bot
1315705297693011974,u1315705297693011974,bot
1315732582118625282,u1315732582118625282,bot
1315889413730250752,u1315889413730250752,bot
1315936062368296960,u1315936062368296960,human
1315951304628408320,u1315951304628408320,bot
1315952583392067585,u1315952583392067585,bot
1316061213009346560,u1316061213009346560,human
1316095306736435200,u1316095306736435200,bot
1316108567972372480,u1316108567972372480,bot
1316131065916989443,u1316131065916989443,bot
1316185501838258177,u1316185501838258177,human
1316289306873470976,u1316289306873470976,bot
1316378387301113856,u1316378387301113856,bot
1316418867061764097,u1316418867061764097,bot
1316436556639600643,u1316436556639600643,bot
1316502634577059840,u1316502634577059840,bot
1316765678817353728,u1316765678817353728,human
1316772470762942466,u1316772470762942466,bot
1316778077595209733,u1316778077595209733,human
1316800982316183556,u1316800982316183556,human
1316847489627181058,u1316847489627181058,human
1316939403986497536,u1316939403986497536,bot
1317114133427388417,u1317114133427388417,bot
1317138095347826689,u1317138095347826689,human
1317201061103415297,u1317201061103415297,bot
1317244770830385158,u1317244770830385158,bot
1317329780597944322,u1317329780597944322,bot
1317370357850853376,u1317370357850853376,bot
1317512952325472260,u1317512952325472260,bot
1317588686037426176,u1317588686037426176,bot
1317644890147151872,u1317644890147151872,bot
1317809361117302784,u1317809361117302784,bot
1317872748769775619,u1317872748769775619,bot
1317882787114962944,u1317882787114962944,human
1317969730381164547,u1317969730381164547,bot
1318131207423414274,u1318131207423414274,bot
1318132861195735042,u1318132861195735042,bot
1318180618392526848,u1318180618392526848,bot
1318210611965251585,u1318210611965251585,bot
1318211557545967616,u1318211557545967616,human
1318449417331105795,u1318449417331105795,bot
1318470313227714560,u1318470313227714560,bot
1318473869192130561,u1318473869192130561,bot
1318555511437037569,u1318555511437037569,human
1318582659090681857,u1318582659090681857,bot
1318621292317335561,u1318621292317335561,human
1318625361387835394,u1318625361387835394,bot
1318688319174299648,u1318688319174299648,bot
1318714008761937920,u1318714008761937920,bot
1318804035458138113,u1318804035458138113,bot
1318816143415521280,u1318816143415521280,human
1318847094778589185,u1318847094778589185,human
1318876350833307648,u1318876350833307648,bot
1318966257857794050,u1318966257857794050,bot
1318974536763625472,u1318974536763625472,bot
1318983051557425152,u1318983051557425152,bot
1319012364671475712,u1319012364671475712,human
1319229958816960512,u1319229958816960512,bot
1319235016266833921,u1319235016266833921,human
1319244949750251522,u1319244949750251522,bot
1319265929210056704,u1319265929210056704,human
1319280455489744898,u1319280455489744898,bot
1319300255901417472,u1319300255901417472,bot
1319567148612800512,u1319567148612800512,human
1319727844847722499,u1319727844847722499,bot
1319735265527824385,u1319735265527824385,human
1320093938632527873,u1320093938632527873,bot
1320096500492500992,u1320096500492500992,bot
1320369485921005570,u1320369485921005570,bot
1320412692671324164,u1320412692671324164,bot
1320461800723210240,u1320461800723210240,human
1320503149816328192,u1320503149816328192,human
1320615035526287360,u1320615035526287360,bot
1320635345885483009,u1320635345885483009,bot
1320715383050031104,u1320715383050031104,bot
1320762073819865090,u1320762073819865090,bot
1320828312067973123,u1320828312067973123,bot
1320832772848627714,u1320832772848627714,human
1320892434780430336,u1320892434780430336,bot
1321056220111761408,u1321056220111761408,bot
1321066524271091713,u1321066524271091713,human
1321067249533210624,u1321067249533210624,human
1321131526809997313,u1321131526809997313,bot
1321201232577503233,u1321201232577503233,bot
1321275477185732609,u1321275477185732609,bot
1321405472608575492,u1321405472608575492,bot
1321522313699844096,u1321522313699844096,human
1321564110694371333,u1321564110694371333,bot
1321574298088361991,u1321574298088361991,bot
1321595551989850115,u1321595551989850115,bot
1321625864547819522,u1321625864547819522,bot
1321629807818493952,u1321629807818493952,human
1321920548083912705,u1321920548083912705,human
1321945671969218572,u1321945671969218572,bot
1322046969393549312,u1322046969393549312,bot
1322134839823376385,u1322134839823376385,bot
1322286870152187904,u1322286870152187904,human
1322289804441169920,u1322289804441169920,bot
1322307770364895237,u1322307770364895237,human
1322355749264093185,u1322355749264093185,bot
1322387371392839683,u1322387371392839683,human
1322420418699997184,u1322420418699997184,bot
1322496598379810817,u1322496598379810817,bot
1322647962925834246,u1322647962925834246,bot
1322670584778514432,u1322670584778514432,bot
1322856547618328581,u1322856547618328581,bot
1322906536029626368,u1322906536029626368,human
1322937329443610624,u1322937329443610624,bot
1323023000053014529,u1323023000053014529,human
1323186800131629057,u1323186800131629057,bot
1323212344718184449,u1323212344718184449,bot
1323305010445357058,u1323305010445357058,bot
1323318888587763719,u1323318888587763719,bot
1323462274372276230,u1323462274372276230,bot
1323470543404769288,u1323470543404769288,human
1323549874080591874,u1323549874080591874,bot
1323594390259015683,u1323594390259015683,bot
1323600747381084162,u1323600747381084162,bot
1323600748459020289,u1323600748459020289,human
1323691335669436417,u1323691335669436417,bot
1323697466252951553,u1323697466252951553,human
1323730225067339784,u1323730225067339784,human
1323961926234361856,u1323961926234361856,human
1324208764627550208,u1324208764627550208,bot
1324264984424185857,u1324264984424185857,bot
1324278660111753218,u1324278660111753218,human
1324280445543030785,u1324280445543030785,human
1324338377303322624,u1324338377303322624,bot
1324411320821813251,u1324411320821813251,bot
1324552699707330562,u1324552699707330562,bot
1324565856840413184,u1324565856840413184,human
1324669854289338369,u1324669854289338369,bot
1324713252224442369,u1324713252224442369,bot
1324756591342735360,u1324756591342735360,bot
1324757425270988800,u1324757425270988800,bot
1324960067943325696,u1324960067943325696,human
1324975320760373248,u1324975320760373248,bot
1324992208999604224,u1324992208999604224,human
1325124927867908099,u1325124927867908099,bot
1325142666896531457,u1325142666896531457,bot
1325183378568617984,u1325183378568617984,bot
1325185207855509505,u1325185207855509505,bot
1325188919961464832,u1325188919961464832,bot
1325233229612376068,u1325233229612376068,bot
1325357716710150144,u1325357716710150144,bot
1325366115304833025,u1325366115304833025,human
1325387012862595077,u1325387012862595077,human
1325469941781438464,u1325469941781438464,bot
1325593062060462081,u1325593062060462081,bot
1325664070695940097,u1325664070695940097,human
1325728524527755264,u1325728524527755264,bot
1325870973099315200,u1325870973099315200,bot
1326010117997776896,u1326010117997776896,human
1326114116210053120,u1326114116210053120,human
1326266123894083588,u1326266123894083588,bot
1326312931269742592,u1326312931269742592,human
1326401295482302471,u1326401295482302471,bot
1326472299030212608,u1326472299030212608,human
1326578158888505346,u1326578158888505346,bot
1326594184241840128,u1326594184241840128,human
1326703069854363648,u1326703069854363648,bot
1326810310674583554,u1326810310674583554,bot
1326817712895627265,u1326817712895627265,human
1326845758981763072,u1326845758981763072,bot
1326925703963664384,u1326925703963664384,bot
1326974477566177280,u1326974477566177280,bot
1326991467919896589,u1326991467919896589,human
1327248537592205314,u1327248537592205314,bot
1327281932183416832,u1327281932183416832,bot
1327504613667434497,u1327504613667434497,human
1327738096977317892,u1327738096977317892,bot
1327855967120322560,u1327855967120322560,human
1327964759921135616,u1327964759921135616,bot
1327992943676968961,u1327992943676968961,bot
1328004824617553921,u1328004824617553921,bot
1328061321028493317,u1328061321028493317,bot
1328305087727353857,u1328305087727353857,bot
1328357185844170757,u1328357185844170757,human
1328360943588233220,u1328360943588233220,bot
1328370760000434182,u1328370760000434182,human
1328404705249255426,u1328404705249255426,human
1328416826703933446,u1328416826703933446,human
1328589541540843521,u1328589541540843521,bot
1328742661902233601,u1328742661902233601,bot
1328805531792924672,u1328805531792924672,bot
1328813197667647488,u1328813197667647488,bot
1328886572469678080,u1328886572469678080,bot
1328915880776876032,u1328915880776876032,bot
1328986563267743745,u1328986563267743745,human
1329080873044459520,u1329080873044459520,bot
1329081855774113797,u1329081855774113797,bot
1329148590539718656,u1329148590539718656,bot
1329202613577871360,u1329202613577871360,bot
1329374297178050561,u1329374297178050561,human
1329530021439021058,u1329530021439021058,bot
1329601897758650369,u1329601897758650369,human
1329603585705959425,u1329603585705959425,bot
1329718618465083392,u1329718618465083392,bot
1329732586768195584,u1329732586768195584,human
1329741678882615297,u1329741678882615297,human
1329764298378317824,u1329764298378317824,bot
1329860301823512577,u1329860301823512577,bot
1329886708851224576,u1329886708851224576,human
1330059555225673731,u1330059555225673731,human
1330085947418038275,u1330085947418038275,bot
1330103829967360000,u1330103829967360000,human
1330108328689668101,u1330108328689668101,bot
1330151986487046150,u1330151986487046150,bot
1330462951090900994,u1330462951090900994,human
1330561815496056832,u1330561815496056832,bot
1330782115995201536,u1330782115995201536,bot
1330968429742977025,u1330968429742977025,human
1331074968290009088,u1331074968290009088,bot
1331086769358516225,u1331086769358516225,bot
1331117169413910528,u1331117169413910528,human
1331204531586207744,u1331204531586207744,bot
1331273060582887425,u1331273060582887425,bot
1331296992220352520,u1331296992220352520,human
1331299885950373890,u1331299885950373890,bot
1331350349890936833,u1331350349890936833,human
1331701204234199042,u1331701204234199042,human
1331796549274193922,u1331796549274193922,bot
1331839626428829696,u1331839626428829696,human
1331922535043239936,u1331922535043239936,bot
1332109271425695747,u1332109271425695747,bot
1332570110389866496,u1332570110389866496,bot
1332604448045150209,u1332604448045150209,human
1332606639141109760,u1332606639141109760,bot
1332618847442984960,u1332618847442984960,bot
1332734063292149760,u1332734063292149760,bot
1332810064290254848,u1332810064290254848,bot
1332866522801344512,u1332866522801344512,human
1332939142292852737,u1332939142292852737,bot
1332951693651292162,u1332951693651292162,bot
1333039160441987075,u1333039160441987075,human
1333231678672801792,u1333231678672801792,bot
1333280435346935809,u1333280435346935809,bot
1333362375261642754,u1333362375261642754,bot
1333377230630772736,u1333377230630772736,bot
1333452285905657856,u1333452285905657856,human
1333479914511757312,u1333479914511757312,bot
1333619861520605187,u1333619861520605187,human
1333776714900488193,u1333776714900488193,bot
1333782624523829265,u1333782624523829265,bot
1333840185759502336,u1333840185759502336,bot
1334176244041179136,u1334176244041179136,human
1334385408969420801,u1334385408969420801,bot
1334434326545575939,u1334434326545575939,human
1334596221214875650,u1334596221214875650,bot
1334599365453758469,u1334599365453758469,human
1334610401816965123,u1334610401816965123,bot
1334707277564145666,u1334707277564145666,human
1334719346258665472,u1334719346258665472,bot
1334752319410475009,u1334752319410475009,bot
1334775761170026496,u1334775761170026496,bot
1334794299372953602,u1334794299372953602,human
1334807331687772162,u1334807331687772162,bot
1334810649646432259,u1334810649646432259,human
1334830028115374080,u1334830028115374080,bot
1334901012281262080,u1334901012281262080,bot
1334996060989575169,u1334996060989575169,bot
1335127381896531968,u1335127381896531968,bot
1335138465600610307,u1335138465600610307,human
1335140382754045952,u1335140382754045952,bot
1335190913824534528,u1335190913824534528,human
1335249034810773505,u1335249034810773505,bot
1335405151163719680,u1335405151163719680,bot
1335664409599938562,u1335664409599938562,bot
1335771798806343680,u1335771798806343680,bot
1335887234139041796,u1335887234139041796,bot
1335927899988369410,u1335927899988369410,human
1335966407322898437,u1335966407322898437,bot
1336058378431438854,u1336058378431438854,bot
1336075033530261508,u1336075033530261508,bot
1336109653533609986,u1336109653533609986,bot
1336257586786603010,u1336257586786603010,human
1336339632011657224,u1336339632011657224,human
1336376289834496002,u1336376289834496002,bot
1336403421587525639,u1336403421587525639,bot
1336452831562313729,u1336452831562313729,bot
1336471822540402689,u1336471822540402689,bot
1336482265539506177,u1336482265539506177,human
1336496329791598592,u1336496329791598592,bot
1336502343161016321,u1336502343161016321,bot
1336520129740304386,u1336520129740304386,bot
1336538538247028737,u1336538538247028737,bot
1336558802490056705,u1336558802490056705,human
1336589693966839809,u1336589693966839809,bot
1336608708613332992,u1336608708613332992,bot
1336610836450746370,u1336610836450746370,bot
1336623960922972161,u1336623960922972161,bot
1336671139611938817,u1336671139611938817,human
1336694352983314433,u1336694352983314433,bot
1336727570658832392,u1336727570658832392,bot
1337159211793387530,u1337159211793387530,bot
1337173505381634049,u1337173505381634049,bot
1337199287080546304,u1337199287080546304,bot
1337273323894423554,u1337273323894423554,bot
1337347197923258375,u1337347197923258375,bot
1337475719492894720,u1337475719492894720,human
1337826628001538050,u1337826628001538050,human
1338132013090484224,u1338132013090484224,bot
1338143483903815685,u1338143483903815685,bot
1338170351658864640,u1338170351658864640,bot
1338200985827733505,u1338200985827733505,bot
1338345923848491009,u1338345923848491009,human
1338371046139981824,u1338371046139981824,bot
1338393738511589377,u1338393738511589377,human
1338464241993588737,u1338464241993588737,bot
1338556556942725120,u1338556556942725120,human
1338734759485210624,u1338734759485210624,human
1338761072405307393,u1338761072405307393,bot
1338765238276124672,u1338765238276124672,bot
1338939176356556800,u1338939176356556800,bot
1338960633811902464,u1338960633811902464,bot
1338995063280558086,u1338995063280558086,bot
1339018480541196288,u1339018480541196288,bot
1339071419682975744,u1339071419682975744,human
1339311407716765696,u1339311407716765696,human
1339352968160657409,u1339352968160657409,human
1339474523410862080,u1339474523410862080,bot
1339546230955847685,u1339546230955847685,human
1340026552432668673,u1340026552432668673,human
1340138971792351232,u1340138971792351232,bot
1340141397802938371,u1340141397802938371,bot
1340155670079954944,u1340155670079954944,bot
1340196201589862400,u1340196201589862400,human
1340219330353635329,u1340219330353635329,bot
1340222386961051651,u1340222386961051651,bot
1340254146646188032,u1340254146646188032,bot
1340330459071471617,u1340330459071471617,human
1340351689711345666,u1340351689711345666,bot
1340377380385214465,u1340377380385214465,bot
1340406938706849792,u1340406938706849792,bot
1340535875466375168,u1340535875466375168,human
1340571389653364736,u1340571389653364736,human
1340673267762380809,u1340673267762380809,bot
1340683845935509504,u1340683845935509504,bot
1340919165390106626,u1340919165390106626,bot
1340944271315185664,u1340944271315185664,bot
1341004432125792257,u1341004432125792257,bot
1341262911394725888,u1341262911394725888,bot
1341401252551376899,u1341401252551376899,bot
1341428677603598336,u1341428677603598336,bot
1341609821154336769,u1341609821154336769,bot
1341625198383001600,u1341625198383001600,bot
1341711996287242240,u1341711996287242240,human
1341712682492325888,u1341712682492325888,human
1341742829257764864,u1341742829257764864,human
1341746869060292609,u1341746869060292609,bot
1341789703633178624,u1341789703633178624,bot
1341841118040895488,u1341841118040895488,bot
1341857836016562184,u1341857836016562184,bot
1341867050214539275,u1341867050214539275,bot
1341905852660293633,u1341905852660293633,bot
1342119904305164288,u1342119904305164288,bot
1342196229531308032,u1342196229531308032,bot
1342241438223003651,u1342241438223003651,human
1342378460254068737,u1342378460254068737,human
1342423770091253761,u1342423770091253761,bot
1342439976332619776,u1342439976332619776,bot
1342560401024823297,u1342560401024823297,human
1342583756046159873,u1342583756046159873,bot
1342628022399225862,u1342628022399225862,bot
1342658504583163904,u1342658504583163904,bot
1342716294001410050,u1342716294001410050,human
1342755349305171968,u1342755349305171968,bot
1342782477434142725,u1342782477434142725,human
1342806356051587072,u1342806356051587072,bot
1342810544256925698,u1342810544256925698,bot
1342872537026347008,u1342872537026347008,bot
1342901729604624384,u1342901729604624384,bot
1342905753133342723,u1342905753133342723,bot
1342928193410490372,u1342928193410490372,bot
1342931421887934465,u1342931421887934465,human
1342952735738646529,u1342952735738646529,bot
1343015155316129794,u1343015155316129794,bot
1343126898046623744,u1343126898046623744,bot
1343169995199549441,u1343169995199549441,bot
1343200494710362112,u1343200494710362112,bot
1343206887173615618,u1343206887173615618,bot
1343460298783657984,u1343460298783657984,bot
1343538804737658882,u1343538804737658882,bot
1343603158854086662,u1343603158854086662,human
1343791113048485888,u1343791113048485888,bot
1343826525095829504,u1343826525095829504,bot
1343866683899916294,u1343866683899916294,human
1343939172344737794,u1343939172344737794,bot
1344000957747748865,u1344000957747748865,human
1344024978753261568,u1344024978753261568,bot
1344083645993254918,u1344083645993254918,bot
1344305420282847234,u1344305420282847234,bot
1344474288502444032,u1344474288502444032,human
1344559810935664642,u1344559810935664642,bot
1344562598776250369,u1344562598776250369,bot
1344678875868110849,u1344678875868110849,bot
1344724746164961281,u1344724746164961281,bot
1344725899615358978,u1344725899615358978,human
1344823268058910720,u1344823268058910720,bot
1344915276848984064,u1344915276848984064,bot
1345095024770478080,u1345095024770478080,bot
1345101989366145030,u1345101989366145030,bot
1345111068419485698,u1345111068419485698,bot
1345216403658436608,u1345216403658436608,bot
1345235383110434816,u1345235383110434816,bot
1345544197852553220,u1345544197852553220,bot
1345622759116664834,u1345622759116664834,bot
1345656815254695938,u1345656815254695938,human
1345924303854784512,u1345924303854784512,bot
1345976990545940480,u1345976990545940480,bot
1346194631982247943,u1346194631982247943,human
1346364499553624065,u1346364499553624065,bot
1346657411868704774,u1346657411868704774,bot
1346762094612414464,u1346762094612414464,bot
1346786481386496001,u1346786481386496001,bot
1346814614160306179,u1346814614160306179,human
1346863334180741120,u1346863334180741120,bot
1346904853549887488,u1346904853549887488,bot
1346914747782893568,u1346914747782893568,bot
1347028434732650497,u1347028434732650497,bot
1347080451924508673,u1347080451924508673,bot
1347160693934460929,u1347160693934460929,bot
1347276941775269888,u1347276941775269888,bot
1347293616419573767,u1347293616419573767,human
1347370399932182529,u1347370399932182529,bot
1347492779035938819,u1347492779035938819,bot
1347509745683476481,u1347509745683476481,bot
1347529563702747137,u1347529563702747137,bot
1347545299242332165,u1347545299242332165,bot
1347562901205381126,u1347562901205381126,bot
1347590723017854976,u1347590723017854976,bot
1347608814518984705,u1347608814518984705,bot
1347704502724538370,u1347704502724538370,bot
1347827749411409920,u1347827749411409920,bot
1347887338689617926,u1347887338689617926,human
1347899189750095873,u1347899189750095873,human
1347947512762609671,u1347947512762609671,bot
1347958360017149954,u1347958360017149954,human
1347971790136635399,u1347971790136635399,human
1348023247447728128,u1348023247447728128,bot
1348117555223830528,u1348117555223830528,human
1348131313467813888,u1348131313467813888,bot
1348157511845642241,u1348157511845642241,bot
1348223698965323778,u1348223698965323778,bot
1348248021549531140,u1348248021549531140,human
1348281176923004935,u1348281176923004935,human
1348295191182987266,u1348295191182987266,bot
1348316173730013186,u1348316173730013186,bot
1348317210771644416,u1348317210771644416,bot
1348322120762331138,u1348322120762331138,bot
1348472480214745090,u1348472480214745090,bot
1348586238219993090,u1348586238219993090,human
1348721222125809669,u1348721222125809669,human
1348735937887559684,u1348735937887559684,bot
1348738689187291137,u1348738689187291137,human
1348769969484541953,u1348769969484541953,bot
1348775140738396160,u1348775140738396160,bot
1348974884051972101,u1348974884051972101,bot
1348995267845115904,u1348995267845115904,bot
1349010639050698753,u1349010639050698753,human
1349146829162733568,u1349146829162733568,bot
1349168009471004672,u1349168009471004672,bot
1349170292564905988,u1349170292564905988,human
1349245250070568962,u1349245250070568962,bot
1349246778378383360,u1349246778378383360,bot
1349268288329576449,u1349268288329576449,bot
1349347684075806721,u1349347684075806721,bot
1349355271240306695,u1349355271240306695,bot
1349370279437463552,u1349370279437463552,bot
1349500369706119168,u1349500369706119168,bot
1349558185833635842,u1349558185833635842,human
1349596903357493249,u1349596903357493249,bot
1349656584981409795,u1349656584981409795,bot
1349659772413489157,u1349659772413489157,bot
1349781918020218880,u1349781918020218880,human
1349811159491293188,u1349811159491293188,bot
1349928660136910851,u1349928660136910851,bot
1350121495092101122,u1350121495092101122,bot
1350143731362459651,u1350143731362459651,bot
1350147047807213568,u1350147047807213568,human
1350184901144932363,u1350184901144932363,bot
1350220454674329600,u1350220454674329600,human
1350226654896005120,u1350226654896005120,human
1350419150867484673,u1350419150867484673,bot
1350463648464920577,u1350463648464920577,bot
1350463898315489280,u1350463898315489280,bot
1350507884405207041,u1350507884405207041,human
1350523361814831104,u1350523361814831104,bot
1350584984604561411,u1350584984604561411,human
1350594982646845441,u1350594982646845441,bot
1350705206061744128,u1350705206061744128,human
1350811455482982402,u1350811455482982402,bot
1350872575975383040,u1350872575975383040,bot
1350999982615244801,u1350999982615244801,human
1351003829580550149,u1351003829580550149,human
1351112774345248770,u1351112774345248770,bot
1351233221762179074,u1351233221762179074,bot
1351389276886339584,u1351389276886339584,bot
1351445389904400384,u1351445389904400384,human
1351475454130098176,u1351475454130098176,bot
1351512454556053506,u1351512454556053506,bot
1351544959724302343,u1351544959724302343,bot
1351623778783039488,u1351623778783039488,bot
1351625174190350336,u1351625174190350336,bot
1351748618307383297,u1351748618307383297,bot
1351776921361723393,u1351776921361723393,bot
1351841467216646144,u1351841467216646144,bot
1351893352376131587,u1351893352376131587,human
1351900264647725058,u1351900264647725058,bot
1352000924424826882,u1352000924424826882,bot
1352125985706160129,u1352125985706160129,bot
1352144865895862273,u1352144865895862273,bot
1352229583727296513,u1352229583727296513,bot
1352248319096057857,u1352248319096057857,bot
1352284192911073280,u1352284192911073280,bot
1352295355593994241,u1352295355593994241,bot
1352323204749144065,u1352323204749144065,bot
1352368037496713218,u1352368037496713218,bot
1352377128277467139,u1352377128277467139,bot
1352467347919892482,u1352467347919892482,bot
1352546682370748418,u1352546682370748418,bot
1352564641541611520,u1352564641541611520,bot
1352579056135450624,u1352579056135450624,bot
1352727395011358727,u1352727395011358727,bot
1352766095002914816,u1352766095002914816,bot
1352937720063131650,u1352937720063131650,bot
1353063402160099335,u1353063402160099335,human
1353351707015733248,u1353351707015733248,bot
1353383832586756097,u1353383832586756097,bot
1353392155708977153,u1353392155708977153,bot
1353405971343630338,u1353405971343630338,bot
1353450676886462465,u1353450676886462465,bot
1353658443807268872,u1353658443807268872,bot
1353701833454346241,u1353701833454346241,bot
1353713862583828480,u1353713862583828480,human
1353722645917749248,u1353722645917749248,human
1353836358901501952,u1353836358901501952,human
1354015457314013190,u1354015457314013190,human
1354079547709403144,u1354079547709403144,human
1354104268110888964,u1354104268110888964,bot
1354145949812219904,u1354145949812219904,bot
1354288438145519623,u1354288438145519623,bot
1354332137051344898,u1354332137051344898,bot
1354426406105714693,u1354426406105714693,bot
1354455872613855232,u1354455872613855232,bot
1354485172356395011,u1354485172356395011,bot
1354499111052062723,u1354499111052062723,bot
1354527372985262084,u1354527372985262084,bot
1354588090124398592,u1354588090124398592,human
1354591002955309057,u1354591002955309057,human
1354619404210724869,u1354619404210724869,bot
1354666700872904708,u1354666700872904708,bot
1354745064203771904,u1354745064203771904,bot
1354788605038895109,u1354788605038895109,bot
1354825173950636034,u1354825173950636034,bot
1354849964505976832,u1354849964505976832,bot
1354879850734092289,u1354879850734092289,bot
1354899970537754625,u1354899970537754625,bot
1354962570990350345,u1354962570990350345,bot
1355095095654100994,u1355095095654100994,bot
1355161264389910533,u1355161264389910533,bot
1355171530917834754,u1355171530917834754,human
1355408123318693888,u1355408123318693888,human
1355453419767484416,u1355453419767484416,bot
1355486575853973505,u1355486575853973505,bot
1355624660638048256,u1355624660638048256,bot
1355648530652737538,u1355648530652737538,bot
1355671458278748166,u1355671458278748166,bot
1355729067325198337,u1355729067325198337,human
1355813213950988288,u1355813213950988288,bot
1355945949160501254,u1355945949160501254,bot
1355970063556206597,u1355970063556206597,bot
1356310729704546304,u1356310729704546304,human
1356311470540263424,u1356311470540263424,bot
1356318084240449541,u1356318084240449541,bot
1356321027014287361,u1356321027014287361,bot
1356432177681100801,u1356432177681100801,bot
1356450277960814594,u1356450277960814594,bot
1356653842926952449,u1356653842926952449,human
1356675835630075906,u1356675835630075906,human
1356705529528283136,u1356705529528283136,human
1356719563560243200,u1356719563560243200,bot
1356800296920502275,u1356800296920502275,bot
1356840893928534017,u1356840893928534017,bot
1356862326905921536,u1356862326905921536,bot
1356865977405886467,u1356865977405886467,bot
1356911830346567681,u1356911830346567681,human
1356940361885773829,u1356940361885773829,bot
1356945687972179969,u1356945687972179969,bot
1357008960423751680,u1357008960423751680,human
1357151330498826240,u1357151330498826240,bot
1357222034569392128,u1357222034569392128,bot
1357301137792188418,u1357301137792188418,human
1357351456387592195,u1357351456387592195,bot
1357355775178526722,u1357355775178526722,human
1357366466543296513,u1357366466543296513,human
1357403193429352451,u1357403193429352451,human
1357473970321166339,u1357473970321166339,bot
1357486524972085249,u1357486524972085249,bot
1357562018950119424,u1357562018950119424,human
1357640778894348289,u1357640778894348289,bot
1357691999567155200,u1357691999567155200,human
1357739878117765123,u1357739878117765123,bot
1357757834121916416,u1357757834121916416,bot
1357880028483174402,u1357880028483174402,bot
1357936416282472450,u1357936416282472450,bot
1358056278770212869,u1358056278770212869,human
1358129816915042304,u1358129816915042304,bot
1358137434886799360,u1358137434886799360,bot
1358153910989553667,u1358153910989553667,bot
1358161492407943169,u1358161492407943169,bot
1358279749202710528,u1358279749202710528,human
1358330764660670465,u1358330764660670465,human
1358360785517428738,u1358360785517428738,human
1358413329148964866,u1358413329148964866,human
1358473127328628739,u1358473127328628739,human
1358515190132842497,u1358515190132842497,bot
1358516935982481410,u1358516935982481410,bot
1358585183029649409,u1358585183029649409,bot
1358808262179758080,u1358808262179758080,bot
1359091503780552713,u1359091503780552713,bot
1359443041304641536,u1359443041304641536,bot
1359506741411651584,u1359506741411651584,bot
1359533155791863815,u1359533155791863815,human
1359673077769011200,u1359673077769011200,bot
1359714394633027585,u1359714394633027585,bot
1359926205873410050,u1359926205873410050,bot
1359931815071387650,u1359931815071387650,human
1359944445681168384,u1359944445681168384,bot
1360038191693201408,u1360038191693201408,human
1360188522632724482,u1360188522632724482,bot
1360298877379899396,u1360298877379899396,bot
1360303708777635844,u1360303708777635844,human
1360460911119642624,u1360460911119642624,bot
1360513966389174273,u1360513966389174273,bot
1360558430751186946,u1360558430751186946,bot
1360745575348584453,u1360745575348584453,bot
1360847591454351360,u1360847591454351360,bot
1360968793330233350,u1360968793330233350,human
1360980781389271042,u1360980781389271042,human
1361045314631847936,u1361045314631847936,bot
1361198467553529858,u1361198467553529858,bot
1361371137343696899,u1361371137343696899,bot
1361391454237597696,u1361391454237597696,human
1361538033137315852,u1361538033137315852,bot
1361539509712678917,u1361539509712678917,bot
1361586992371367940,u1361586992371367940,bot
1361612638220910592,u1361612638220910592,bot
1361660044727697413,u1361660044727697413,bot
1361668287772434434,u1361668287772434434,bot
1361674762829910017,u1361674762829910017,bot
1361683899076780033,u1361683899076780033,bot
1361723006553358344,u1361723006553358344,human
1361766897696530437,u1361766897696530437,human
1361978522542088194,u1361978522542088194,bot
1361987678804262915,u1361987678804262915,bot
1362035426890973190,u1362035426890973190,bot
1362037617102102528,u1362037617102102528,bot
1362047552242274306,u1362047552242274306,human
1362052800600014849,u1362052800600014849,bot
1362084622037884929,u1362084622037884929,bot
1362159861790826499,u1362159861790826499,human
1362187387766403074,u1362187387766403074,human
1362252195668746240,u1362252195668746240,human
1362352800907280385,u1362352800907280385,human
1362464886077358081,u1362464886077358081,bot
1362515520096976897,u1362515520096976897,human
1362537523218583552,u1362537523218583552,bot
1362598468070555650,u1362598468070555650,bot
1362659783745110026,u1362659783745110026,human
1362668144335151109,u1362668144335151109,bot
1362669313912619010,u1362669313912619010,bot
1362670218359660548,u1362670218359660548,human
1362675608501710848,u1362675608501710848,human
1362675846146793473,u1362675846146793473,bot
1362680168976969728,u1362680168976969728,bot
1362775993577046016,u1362775993577046016,human
1362788554980614145,u1362788554980614145,human
1362807788439658498,u1362807788439658498,human
1362833799189590016,u1362833799189590016,bot
1362852865828552706,u1362852865828552706,human
1362869923110932483,u1362869923110932483,human
1363143088600981507,u1363143088600981507,bot
1363501217972903938,u1363501217972903938,bot
1363540012944535553,u1363540012944535553,bot
1363875682384826368,u1363875682384826368,bot
1363913583369871363,u1363913583369871363,bot
1363921972162256898,u1363921972162256898,bot
1363932602747486210,u1363932602747486210,human
1363946354653896705,u1363946354653896705,bot
1363996921551933443,u1363996921551933443,bot
1364004504752975873,u1364004504752975873,human
1364084498057494530,u1364084498057494530,bot
1364162464531775491,u1364162464531775491,bot
1364183378107527168,u1364183378107527168,human
1364287813706002433,u1364287813706002433,bot
1364297842777608193,u1364297842777608193,bot
1364508119393398784,u1364508119393398784,human
1364515541243867140,u1364515541243867140,human
1364604865461288962,u1364604865461288962,bot
1364654778920431627,u1364654778920431627,bot
1364766717839372289,u1364766717839372289,human
1364963738428801029,u1364963738428801029,bot
1364977188458663941,u1364977188458663941,bot
1365132763603550208,u1365132763603550208,human
1365302000984891397,u1365302000984891397,human
1365355514083827714,u1365355514083827714,bot
1365444153937698817,u1365444153937698817,bot
1365632651235909635,u1365632651235909635,bot
1365713727157321728,u1365713727157321728,bot
1365762951186178049,u1365762951186178049,bot
1365775981856833537,u1365775981856833537,human
1365794199958880259,u1365794199958880259,bot
1366016796176781316,u1366016796176781316,bot
1366099568962596867,u1366099568962596867,bot
1366205983303888897,u1366205983303888897,bot
1366242142880997378,u1366242142880997378,bot
1366256262921523205,u1366256262921523205,human
1366338662854766595,u1366338662854766595,bot
1366390358855344128,u1366390358855344128,bot
1366501642292584449,u1366501642292584449,bot
1366537530519154689,u1366537530519154689,bot
1366577199218716675,u1366577199218716675,human
1366593943534596098,u1366593943534596098,bot
1366712604811546624,u1366712604811546624,bot
1366754842727882756,u1366754842727882756,bot
1366874313299787780,u1366874313299787780,bot
1366993183784144896,u1366993183784144896,bot
1367040013871943683,u1367040013871943683,bot
1367054592068968450,u1367054592068968450,human
1367112960565522432,u1367112960565522432,bot
1367168905010053121,u1367168905010053121,human
1367224447585771521,u1367224447585771521,human
1367338721159372800,u1367338721159372800,bot
1367482353308811266,u1367482353308811266,human
1367511511380463616,u1367511511380463616,bot
1367605988136787976,u1367605988136787976,human
1367675048518180864,u1367675048518180864,bot
1367699448944455680,u1367699448944455680,human
1367727363832782849,u1367727363832782849,bot
1367728809357713410,u1367728809357713410,bot
1367790358659272704,u1367790358659272704,bot
1367843370563997703,u1367843370563997703,bot
1367848358094794758,u1367848358094794758,bot
1367902751678554114,u1367902751678554114,bot
1367975862759530496,u1367975862759530496,bot
1368076911516258304,u1368076911516258304,human
1368196981345095680,u1368196981345095680,bot
1368225949141987328,u1368225949141987328,bot
1368257344593817600,u1368257344593817600,bot
1368546052538855427,u1368546052538855427,bot
1368568357008650241,u1368568357008650241,bot
1368628958003085314,u1368628958003085314,bot
1368642094995214338,u1368642094995214338,bot
1368690036129095682,u1368690036129095682,human
1368768948297076739,u1368768948297076739,bot
1368886661510176769,u1368886661510176769,bot
1368901725470396419,u1368901725470396419,bot
1368924395591380995,u1368924395591380995,bot
1368958409018642440,u1368958409018642440,human
1369068606680670208,u1369068606680670208,bot
1369074723896786948,u1369074723896786948,human
1369087786863656961,u1369087786863656961,bot
1369187786608291842,u1369187786608291842,bot
1369240511828144129,u1369240511828144129,human
1369331193867497473,u1369331193867497473,bot
1369458045286293505,u1369458045286293505,bot
1369552345223196672,u1369552345223196672,bot
1369571925408837632,u1369571925408837632,bot
1369637725356310533,u1369637725356310533,human
1369666304819535884,u1369666304819535884,bot
1369684354486571009,u1369684354486571009,bot
1369731589622599698,u1369731589622599698,human
1369753683123073024,u1369753683123073024,bot
1369776221878386694,u1369776221878386694,bot
1369817948655869953,u1369817948655869953,bot
1369830392581259265,u1369830392581259265,bot
1369892305004617729,u1369892305004617729,human
1369926465433829378,u1369926465433829378,human
1369940380507062273,u1369940380507062273,bot
1370102194364690442,u1370102194364690442,bot
1370358538959216645,u1370358538959216645,bot
1370441567656370180,u1370441567656370180,bot
1370461600629583878,u1370461600629583878,bot
1370592558204739592,u1370592558204739592,bot
1370809310599643142,u1370809310599643142,human
1370931957849235459,u1370931957849235459,bot
1371131429363585028,u1371131429363585028,bot
1371238692766019584,u1371238692766019584,bot
1371247240992464896,u1371247240992464896,bot
1371381757568823298,u1371381757568823298,bot
1371392645709238274,u1371392645709238274,bot
1371417521933348869,u1371417521933348869,bot
1371438099838951425,u1371438099838951425,bot
1371454465715310599,u1371454465715310599,bot
1371483467003785222,u1371483467003785222,human
1371496635491045379,u1371496635491045379,bot
1371508961229279244,u1371508961229279244,human
1371537949037363201,u1371537949037363201,bot
1371576399501348870,u1371576399501348870,bot
1371591802197774339,u1371591802197774339,bot
1371737908860833793,u1371737908860833793,bot
1371806071854149635,u1371806071854149635,bot
1371838131981447169,u1371838131981447169,human
1372066501252022273,u1372066501252022273,bot
1372078770807570437,u1372078770807570437,human
1372082784269971456,u1372082784269971456,bot
1372107488309350403,u1372107488309350403,bot
1372247095508303876,u1372247095508303876,bot
1372393287911411719,u1372393287911411719,bot
1372660786301177858,u1372660786301177858,human
1372802088397250560,u1372802088397250560,human
1372821887739367424,u1372821887739367424,bot
1372846777796333569,u1372846777796333569,bot
1372879289050308610,u1372879289050308610,bot
1372897464601047041,u1372897464601047041,human
1372927196432527366,u1372927196432527366,human
1373012854673129473,u1373012854673129473,bot
1373098578361614344,u1373098578361614344,bot
1373278606047207429,u1373278606047207429,human
1373365280508809219,u1373365280508809219,bot
1373486358841462785,u1373486358841462785,bot
1373811011162009603,u1373811011162009603,bot
1373836610123354120,u1373836610123354120,human
1373963489207668737,u1373963489207668737,bot
1374029706815811588,u1374029706815811588,bot
1374061213588537348,u1374061213588537348,bot
1374235559195930629,u1374235559195930629,human
1374314090223472642,u1374314090223472642,bot
1374316089849561088,u1374316089849561088,bot
1374376888664162307,u1374376888664162307,bot
1374394044084723715,u1374394044084723715,human
1374402131281678344,u1374402131281678344,human
1374430956795297795,u1374430956795297795,bot
1374435454343254017,u1374435454343254017,human
1374442198637285385,u1374442198637285385,human
1374462460111949826,u1374462460111949826,bot
1374472786001862658,u1374472786001862658,bot
1374488759790530566,u1374488759790530566,bot
1374513092667707393,u1374513092667707393,bot
1374634593257725958,u1374634593257725958,bot
1374679095695532034,u1374679095695532034,human
1374731054951534593,u1374731054951534593,bot
1374731462029815808,u1374731462029815808,human
1374754585861033986,u1374754585861033986,bot
1374781936045060097,u1374781936045060097,human
1374816981547892739,u1374816981547892739,bot
1374928554517884937,u1374928554517884937,human
1374991586057101318,u1374991586057101318,bot
1375012759537020931,u1375012759537020931,bot
1375112149157216258,u1375112149157216258,bot
1375224823652233220,u1375224823652233220,human
1375411600375508997,u1375411600375508997,bot
1375417117173035008,u1375417117173035008,bot
1375648397768630272,u1375648397768630272,bot
1375790973314289667,u1375790973314289667,bot
1375845299588100104,u1375845299588100104,bot
1375955424696885251,u1375955424696885251,bot
1376012891774545921,u1376012891774545921,bot
1376128550537953280,u1376128550537953280,human
1376146908692017155,u1376146908692017155,human
1376395845835358209,u1376395845835358209,bot
1376483306108256258,u1376483306108256258,bot
1376508111490482178,u1376508111490482178,bot
1376601087398932483,u1376601087398932483,bot
1376611108249870338,u1376611108249870338,bot
1376613411673550849,u1376613411673550849,human
1376684020017287170,u1376684020017287170,human
1376827638757621765,u1376827638757621765,human
1376841165937520641,u1376841165937520641,bot
1376873474271162373,u1376873474271162373,human
1377188267892834304,u1377188267892834304,human
1377367649240371206,u1377367649240371206,human
1377461208496832513,u1377461208496832513,bot
1377620560339943427,u1377620560339943427,human
1377699389611761665,u1377699389611761665,bot
1377787775945170945,u1377787775945170945,bot
1377896792105353216,u1377896792105353216,bot
1377947344759570432,u1377947344759570432,bot
1378093026564771843,u1378093026564771843,bot
1378113720048582667,u1378113720048582667,human
1378223731902967809,u1378223731902967809,bot
1378495502547881987,u1378495502547881987,bot
1378962221426937859,u1378962221426937859,human
1379049707616542724,u1379049707616542724,bot
1379058761818460161,u1379058761818460161,bot
1379096837886341120,u1379096837886341120,human
1379107994315673605,u1379107994315673605,bot
1379174332945981440,u1379174332945981440,bot
1379221918008672258,u1379221918008672258,human
1379445786396794885,u1379445786396794885,human
1379542065026117633,u1379542065026117633,bot
1379666989338095616,u1379666989338095616,human
1380071719457673217,u1380071719457673217,bot
1380190106208890884,u1380190106208890884,human
1380225404464664576,u1380225404464664576,bot
1380352526818684932,u1380352526818684932,bot
1380411482983129089,u1380411482983129089,bot
1380425850588434433,u1380425850588434433,human
1380584522228506625,u1380584522228506625,human
1380717830216298497,u1380717830216298497,bot
1380720283099729922,u1380720283099729922,bot
1380729041464946688,u1380729041464946688,bot
1380758120180412416,u1380758120180412416,bot
1380781409518772225,u1380781409518772225,bot
1380819143285424130,u1380819143285424130,human
1380839217291476992,u1380839217291476992,human
1380920032671203331,u1380920032671203331,bot
1380935514052775940,u1380935514052775940,bot
1381100743466217473,u1381100743466217473,bot
1381107239772110848,u1381107239772110848,bot
1381172181913235457,u1381172181913235457,human
1381219196701339648,u1381219196701339648,bot
1381286723859017728,u1381286723859017728,human
1381346458843160577,u1381346458843160577,human
1381347156834066443,u1381347156834066443,bot
1381349185576898563,u1381349185576898563,human
1381380154480500737,u1381380154480500737,bot
1381558238450229251,u1381558238450229251,bot
1381598602200498184,u1381598602200498184,human
1381633706989744133,u1381633706989744133,human
1381657730717388807,u1381657730717388807,bot
1381684114068135937,u1381684114068135937,bot
1381836553467613186,u1381836553467613186,bot
1381844120939937792,u1381844120939937792,human
1381860620287541251,u1381860620287541251,bot
1381941103541297154,u1381941103541297154,bot
1381948293782048772,u1381948293782048772,bot
1382001002426073089,u1382001002426073089,human
1382058933846646784,u1382058933846646784,human
1382215915106938884,u1382215915106938884,bot
1382260252268183554,u1382260252268183554,bot
1382326165558427654,u1382326165558427654,bot
1382350146961281027,u1382350146961281027,bot
1382399285602480136,u1382399285602480136,bot
1382695351510048783,u1382695351510048783,bot
1382776886544248833,u1382776886544248833,human
1383017187108016130,u1383017187108016130,bot
1383331516218892297,u1383331516218892297,human
1383471256759013377,u1383471256759013377,bot
1383561575458476035,u1383561575458476035,human
1383575399611834372,u1383575399611834372,bot
1383617758508720130,u1383617758508720130,bot
1383682266442829831,u1383682266442829831,bot
1383719180361375744,u1383719180361375744,human
1383761330352447491,u1383761330352447491,bot
1383885649241993221,u1383885649241993221,bot
1384099952301805571,u1384099952301805571,bot
1384155172377554959,u1384155172377554959,bot
1384159762053406722,u1384159762053406722,bot
1384366692097171457,u1384366692097171457,human
1384386830393434114,u1384386830393434114,bot
1384391316927361025,u1384391316927361025,bot
1384393829365829632,u1384393829365829632,bot
1384394869653733379,u1384394869653733379,bot
1384408263127572482,u1384408263127572482,bot
1384508324352249857,u1384508324352249857,bot
1384527964000374788,u1384527964000374788,bot
1384581772558708738,u1384581772558708738,bot
1384682551776878592,u1384682551776878592,human
1384786755333750790,u1384786755333750790,human
1384789546664083456,u1384789546664083456,human
1384831981729497088,u1384831981729497088,bot
1384861508119654401,u1384861508119654401,bot
1384930471688105985,u1384930471688105985,bot
1384952931246563337,u1384952931246563337,bot
1384954342449557507,u1384954342449557507,bot
1384957726648901633,u1384957726648901633,bot
1384997806612615169,u1384997806612615169,human
1385090205242253312,u1385090205242253312,human
1385194458883440640,u1385194458883440640,human
1385281209249542145,u1385281209249542145,bot
1385507536430936068,u1385507536430936068,human
1385578190333218816,u1385578190333218816,human
1385823922084528129,u1385823922084528129,bot
1385825202072821764,u1385825202072821764,human
1385969159549317123,u1385969159549317123,bot
1385982822796595200,u1385982822796595200,bot
1386167658316386306,u1386167658316386306,bot
1386173820294283264,u1386173820294283264,human
1386272076630220800,u1386272076630220800,bot
1386354905347018754,u1386354905347018754,bot
1386517643046264834,u1386517643046264834,bot
1386591949491159043,u1386591949491159043,human
1386640635134832646,u1386640635134832646,bot
1386717345058484227,u1386717345058484227,bot
1386777735083696128,u1386777735083696128,bot
1386826043860955136,u1386826043860955136,bot
1386892569007857665,u1386892569007857665,bot
1386912410217238530,u1386912410217238530,bot
1387111900438319105,u1387111900438319105,bot
1387146103796142080,u1387146103796142080,bot
1387194939835092992,u1387194939835092992,bot
1387337142766997504,u1387337142766997504,bot
1387379410639147010,u1387379410639147010,bot
1387381957076688897,u1387381957076688897,bot
1387421530766860290,u1387421530766860290,bot
1387508273176322049,u1387508273176322049,bot
1387527932365713410,u1387527932365713410,bot
1387574340145885184,u1387574340145885184,bot
1387738858255749125,u1387738858255749125,bot
1387744160757686272,u1387744160757686272,bot
1387751833393786880,u1387751833393786880,human
1387782816725835776,u1387782816725835776,bot
1387811966094356484,u1387811966094356484,bot
1387822222551703553,u1387822222551703553,bot
1387861099769434116,u1387861099769434116,human
1387871978644725760,u1387871978644725760,bot
1387956721931497476,u1387956721931497476,bot
1388044161119514627,u1388044161119514627,bot
1388081041433251844,u1388081041433251844,bot
1388116614885826564,u1388116614885826564,bot
1388152776002347008,u1388152776002347008,human
1388270448652193796,u1388270448652193796,human
1388334410403966976,u1388334410403966976,bot
1388363616542470148,u1388363616542470148,bot
1388560820628606976,u1388560820628606976,human
1388712171840884743,u1388712171840884743,bot
1388734323348545536,u1388734323348545536,bot
1388744205992927238,u1388744205992927238,bot
1388758549686222852,u1388758549686222852,bot
1388808938519502848,u1388808938519502848,human
1388822398355574785,u1388822398355574785,human
1388823603966267394,u1388823603966267394,bot
1388844089924149261,u1388844089924149261,bot
1389004215461240834,u1389004215461240834,human
1389203537607856132,u1389203537607856132,bot
1389232927154884610,u1389232927154884610,human
1389253064050176003,u1389253064050176003,bot
1389258043540611083,u1389258043540611083,bot
1389337563366772737,u1389337563366772737,bot
1389365682169647105,u1389365682169647105,human
1389580933657989120,u1389580933657989120,bot
1389615437328039937,u1389615437328039937,bot
1389708585534476294,u1389708585534476294,bot
1389876718047875073,u1389876718047875073,bot
1389949344351232004,u1389949344351232004,bot
1389961515705454597,u1389961515705454597,human
1390041564383105026,u1390041564383105026,bot
1390167969444110336,u1390167969444110336,bot
1390175170560671744,u1390175170560671744,bot
1390220254710845443,u1390220254710845443,bot
1390236139169193985,u1390236139169193985,bot
1390236635179012099,u1390236635179012099,human
1390383572750540802,u1390383572750540802,bot
1390512223446044676,u1390512223446044676,bot
1390567709872635907,u1390567709872635907,bot
1390656951571435522,u1390656951571435522,bot
1390678089521369088,u1390678089521369088,bot
1390717546525904896,u1390717546525904896,bot
1390749350914052097,u1390749350914052097,human
1390869958628823041,u1390869958628823041,bot
1390942026066169858,u1390942026066169858,bot
1391010328356532227,u1391010328356532227,bot
1391087697670856704,u1391087697670856704,bot
1391130525688078337,u1391130525688078337,bot
1391143385348648960,u1391143385348648960,bot
1391381999659536387,u1391381999659536387,human
1391517723813978113,u1391517723813978113,bot
1391675779289731073,u1391675779289731073,human
1391755300797964290,u1391755300797964290,bot
1391760201850658817,u1391760201850658817,bot
1391777604894543876,u1391777604894543876,bot
1391790171973033997,u1391790171973033997,bot
1391800146648866825,u1391800146648866825,bot
1391810433124913152,u1391810433124913152,bot
1391810692953657349,u1391810692953657349,bot
1391944196290981888,u1391944196290981888,human
1392051247012712450,u1392051247012712450,bot
1392276975864193027,u1392276975864193027,bot
1392402189541429249,u1392402189541429249,bot
1392402749845823490,u1392402749845823490,human
1392506420956856320,u1392506420956856320,bot
1392550951823675393,u1392550951823675393,bot
1392556084783685633,u1392556084783685633,human
1392718926619029508,u1392718926619029508,bot
1392753881004879872,u1392753881004879872,bot
1392759036064387076,u1392759036064387076,bot
1392770087967408132,u1392770087967408132,bot
1392782767151255554,u1392782767151255554,bot
1392852658189344768,u1392852658189344768,human
1392867710652981248,u1392867710652981248,bot
1392895852893589506,u1392895852893589506,bot
1393011190675161089,u1393011190675161089,bot
1393057327113146368,u1393057327113146368,bot
1393100011479523330,u1393100011479523330,bot
1393104583065432064,u1393104583065432064,bot
1393214611348807682,u1393214611348807682,bot
1393239357436268546,u1393239357436268546,bot
1393241838241390604,u1393241838241390604,bot
1393282930600939522,u1393282930600939522,bot
1393334804079423490,u1393334804079423490,bot
1393360802699255809,u1393360802699255809,human
1393510052993044481,u1393510052993044481,human
1393631384498057226,u1393631384498057226,bot
1393812142827220994,u1393812142827220994,human
1393841434197778435,u1393841434197778435,human
1393894986551152640,u1393894986551152640,bot
1393957887882399746,u1393957887882399746,bot
1393960442599378950,u1393960442599378950,bot
1393965190559932418,u1393965190559932418,bot
1393975783379587077,u1393975783379587077,bot
1394004933582770177,u1394004933582770177,bot
1394030989853315073,u1394030989853315073,bot
1394079692085415941,u1394079692085415941,bot
1394103818980237316,u1394103818980237316,human
1394183831108808707,u1394183831108808707,bot
1394328808032022530,u1394328808032022530,human
1394355548334612480,u1394355548334612480,bot
1394448484091236354,u1394448484091236354,bot
1394635504122011648,u1394635504122011648,bot
1394660039944597505,u1394660039944597505,human
1394716432664043522,u1394716432664043522,bot
1394725327495122945,u1394725327495122945,bot
1394828817559031811,u1394828817559031811,bot
1394876080029274116,u1394876080029274116,bot
1395027221446742020,u1395027221446742020,bot
1395114004331237377,u1395114004331237377,bot
1395164192706007043,u1395164192706007043,bot
1395178701814382592,u1395178701814382592,human
1395328135483244546,u1395328135483244546,human
1395329075313532928,u1395329075313532928,bot
1395420962753896450,u1395420962753896450,bot
1395493034637279242,u1395493034637279242,bot
1395516698657050625,u1395516698657050625,bot
1395541619768627202,u1395541619768627202,bot
1395574746910056455,u1395574746910056455,bot
1395774440097697799,u1395774440097697799,human
1395852247280623619,u1395852247280623619,human
1396075859153412096,u1396075859153412096,bot
1396161529352003589,u1396161529352003589,bot
1396316109582872576,u1396316109582872576,bot
1396437970547261441,u1396437970547261441,bot
1396711565651419141,u1396711565651419141,bot
1396743681361776640,u1396743681361776640,bot
1396778892250189826,u1396778892250189826,human
1396823248327823364,u1396823248327823364,bot
1396919662357749762,u1396919662357749762,bot
1397114203601657857,u1397114203601657857,human
1397243346733518848,u1397243346733518848,bot
1397256985486131206,u1397256985486131206,bot
1397311540399800328,u1397311540399800328,human
1397381918748971009,u1397381918748971009,bot
1397476237300441090,u1397476237300441090,human
1397508742514683904,u1397508742514683904,bot
1397511107472990210,u1397511107472990210,human
1397603099645259778,u1397603099645259778,human
1397784270542807042,u1397784270542807042,bot
1397790743465496578,u1397790743465496578,human
1397844518330904579,u1397844518330904579,bot
1397958034652082176,u1397958034652082176,human
1398008647251333120,u1398008647251333120,human
1398028062940336128,u1398028062940336128,bot
1398064384073678848,u1398064384073678848,bot
1398183481616732161,u1398183481616732161,human
1398203485447888896,u1398203485447888896,bot
1398246584404611076,u1398246584404611076,bot
1398292550960795654,u1398292550960795654,bot
1398307193024352261,u1398307193024352261,bot
1398334734841925632,u1398334734841925632,bot
1398395221549875201,u1398395221549875201,human
1398445079291826187,u1398445079291826187,bot
1398643551853072393,u1398643551853072393,bot
1398665218515951619,u1398665218515951619,bot
1398686317270106112,u1398686317270106112,bot
1398773813618253827,u1398773813618253827,human
1398879659790454787,u1398879659790454787,bot
1398927936061939719,u1398927936061939719,bot
1399049991340109826,u1399049991340109826,bot
1399120551331909639,u1399120551331909639,bot
1399174756600008711,u1399174756600008711,human
1399343660416835592,u1399343660416835592,bot
1399423547856982021,u1399423547856982021,human
1399752013844385793,u1399752013844385793,bot
1399753189683990528,u1399753189683990528,bot
1399856042708766722,u1399856042708766722,human
1399942575457390596,u1399942575457390596,human
1400017359008583685,u1400017359008583685,bot
1400135129130057734,u1400135129130057734,human
1400185373209280514,u1400185373209280514,bot
1400380843747680258,u1400380843747680258,bot
1400453141372362759,u1400453141372362759,human
1400514057069895683,u1400514057069895683,human
1400553368695840769,u1400553368695840769,bot
1400569902495322112,u1400569902495322112,bot
1400600818278076418,u1400600818278076418,bot
1400604942486982657,u1400604942486982657,bot
1400643135357739009,u1400643135357739009,human
1400649081320583168,u1400649081320583168,bot
1400651892242345984,u1400651892242345984,bot
1400701936018460680,u1400701936018460680,human
1400724735005233152,u1400724735005233152,bot
1400725425035177987,u1400725425035177987,bot
1400738321588920326,u1400738321588920326,bot
1400779189595164679,u1400779189595164679,bot
1400785004020473857,u1400785004020473857,human
1400792542438957057,u1400792542438957057,bot
1400945465634529288,u1400945465634529288,human
1401055499513065473,u1401055499513065473,bot
1401060252720590854,u1401060252720590854,human
1401083779280621568,u1401083779280621568,bot
1401091033048530945,u1401091033048530945,bot
1401106231159365634,u1401106231159365634,bot
1401399925926240256,u1401399925926240256,bot
1401509636331737090,u1401509636331737090,bot
1401538019853668355,u1401538019853668355,human
1401601458915659779,u1401601458915659779,bot
1401638103991812096,u1401638103991812096,human
1401655014670716928,u1401655014670716928,bot
1401693569484656640,u1401693569484656640,bot
1401757331088711681,u1401757331088711681,bot
1401912956133285890,u1401912956133285890,bot
1401925089164099586,u1401925089164099586,bot
1401953005356863490,u1401953005356863490,bot
1401980912024182784,u1401980912024182784,bot
1402027397189406722,u1402027397189406722,human
1402070244080820225,u1402070244080820225,human
1402108372258807811,u1402108372258807811,bot
1402153903756517385,u1402153903756517385,bot
1402171037123366915,u1402171037123366915,bot
1402179803290116097,u1402179803290116097,bot
1402214029511192582,u1402214029511192582,human
1402281524586819592,u1402281524586819592,bot
1402313665529802753,u1402313665529802753,bot
1402374065940320256,u1402374065940320256,bot
1402419628240945152,u1402419628240945152,bot
1402505800237604864,u1402505800237604864,bot
1402625174189580291,u1402625174189580291,bot
1402693384461066240,u1402693384461066240,bot
1402830811024351237,u1402830811024351237,bot
1402996233896030218,u1402996233896030218,bot
1403029960902729730,u1403029960902729730,human
1403074416779665416,u1403074416779665416,human
1403190799471235078,u1403190799471235078,bot
1403213826674237444,u1403213826674237444,human
1403349174893096965,u1403349174893096965,human
1403425559363862536,u1403425559363862536,human
1403472628640329731,u1403472628640329731,bot
1403693782604730371,u1403693782604730371,bot
1403694682228490248,u1403694682228490248,human
1403739641728012288,u1403739641728012288,bot
1403744751258529792,u1403744751258529792,bot
1403760298767663109,u1403760298767663109,bot
1403943272179933184,u1403943272179933184,bot
1403998405567959042,u1403998405567959042,bot
1404036422445719552,u1404036422445719552,bot
1404069821768257537,u1404069821768257537,bot
1404156642292289536,u1404156642292289536,bot
1404259335748800512,u1404259335748800512,human
1404278564086681603,u1404278564086681603,bot
1404384504391798790,u1404384504391798790,bot
1404478470940397576,u1404478470940397576,bot
1404699796875603969,u1404699796875603969,bot
1404712788467978243,u1404712788467978243,bot
1404827043053944833,u1404827043053944833,bot
1405182426012258313,u1405182426012258313,human
1405201962962935817,u1405201962962935817,bot
1405210663983587330,u1405210663983587330,bot
1405308352423415808,u1405308352423415808,bot
1405437604154257412,u1405437604154257412,bot
1405500043046670342,u1405500043046670342,human
1405608676413616129,u1405608676413616129,bot
1405609349251309574,u1405609349251309574,bot
1405699332591046657,u1405699332591046657,bot
1405730549323292672,u1405730549323292672,human
1405900684273270788,u1405900684273270788,bot
1405970932254928899,u1405970932254928899,bot
1406009710197739640,u1406009710197739640,human
1406229505165856773,u1406229505165856773,bot
1406314416224706561,u1406314416224706561,human
1406601206009585668,u1406601206009585668,bot
1406601280731058182,u1406601280731058182,bot
1406609526321729540,u1406609526321729540,bot
1406645167101259783,u1406645167101259783,bot
1406803702950866945,u1406803702950866945,human
1406830538330017793,u1406830538330017793,bot
1406878915159748615,u1406878915159748615,bot
1406883081072513031,u1406883081072513031,bot
1406893204230742016,u1406893204230742016,bot
1407069434381012996,u1407069434381012996,bot
1407135481054257164,u1407135481054257164,bot
1407262783876571147,u1407262783876571147,human
1407296426799947778,u1407296426799947778,bot
1407307286503120905,u1407307286503120905,bot
1407350024984465408,u1407350024984465408,human
1407803443893395458,u1407803443893395458,bot
1407890212919840774,u1407890212919840774,human
1407890936374333442,u1407890936374333442,human
1407915038384394247,u1407915038384394247,bot
1407974974694989830,u1407974974694989830,bot
1408081778280128518,u1408081778280128518,bot
1408294661089681410,u1408294661089681410,bot
1408309359927431168,u1408309359927431168,bot
1408494231690358792,u1408494231690358792,bot
1408520430533681159,u1408520430533681159,bot
1408520444857270273,u1408520444857270273,bot
1408554274947207185,u1408554274947207185,human
1408590178759806978,u1408590178759806978,bot
1408595849005916163,u1408595849005916163,bot
1408686870452576258,u1408686870452576258,bot
1408774198307213312,u1408774198307213312,bot
1408789136236978179,u1408789136236978179,bot
1408794058093252621,u1408794058093252621,bot
1409079091278528513,u1409079091278528513,human
1409221789947944965,u1409221789947944965,human
1409310865598210051,u1409310865598210051,bot
1409424701403897856,u1409424701403897856,human
1409555675139686406,u1409555675139686406,human
1409594158973550596,u1409594158973550596,bot
1409617324680876038,u1409617324680876038,bot
1409793930430844931,u1409793930430844931,bot
1409805288488652801,u1409805288488652801,human
1409839077122134019,u1409839077122134019,bot
1410049384054767618,u1410049384054767618,bot
1410103065605132292,u1410103065605132292,bot
1410262099473825802,u1410262099473825802,human
1410382822196617217,u1410382822196617217,bot
1410429469098090496,u1410429469098090496,bot
1410432151518998534,u1410432151518998534,bot
1410477008056766468,u1410477008056766468,bot
1410505673520128003,u1410505673520128003,bot
1410522863048609794,u1410522863048609794,human
1410542150362841091,u1410542150362841091,bot
1410590075230908423,u1410590075230908423,bot
1410614523698896906,u1410614523698896906,bot
1410877071874691079,u1410877071874691079,bot
1410996623358976004,u1410996623358976004,bot
1411001220626534400,u1411001220626534400,bot
1411045396315611139,u1411045396315611139,bot
1411110245770817539,u1411110245770817539,bot
1411120757141344263,u1411120757141344263,human
1411149146162147334,u1411149146162147334,bot
1411215286162890752,u1411215286162890752,bot
1411253914519752705,u1411253914519752705,human
1411270185277923329,u1411270185277923329,human
1411301759016919040,u1411301759016919040,bot
1411376606619136004,u1411376606619136004,bot
1411417835155296256,u1411417835155296256,bot
1411481606443896832,u1411481606443896832,bot
1411541131347873794,u1411541131347873794,bot
1411611364284526598,u1411611364284526598,bot
1411619227031818241,u1411619227031818241,bot
1411699238828978176,u1411699238828978176,human
1411757660542808065,u1411757660542808065,human
1411857543052279813,u1411857543052279813,bot
1411871561296928768,u1411871561296928768,bot
1411941436702957569,u1411941436702957569,human
1411958822483202050,u1411958822483202050,bot
1412144817510006790,u1412144817510006790,bot
1412254419974909952,u1412254419974909952,human
1412389042201661444,u1412389042201661444,human
1412574382543708162,u1412574382543708162,bot
1412588271872344066,u1412588271872344066,bot
1412821857343086592,u1412821857343086592,bot
1412825562452836352,u1412825562452836352,bot
1412982727595470849,u1412982727595470849,bot
1413204055736963077,u1413204055736963077,bot
1413232412830617601,u1413232412830617601,human
1413287087604961286,u1413287087604961286,human
1413336283460431876,u1413336283460431876,bot
1413416448249237507,u1413416448249237507,bot
1413481052694192139,u1413481052694192139,bot
1413481646175653892,u1413481646175653892,bot
1413487304128319491,u1413487304128319491,human
1413499316778323976,u1413499316778323976,human
1413511685583917056,u1413511685583917056,bot
1413545724978122753,u1413545724978122753,human
1413580013794996228,u1413580013794996228,bot
1413603225958293506,u1413603225958293506,bot
1413628449558835206,u1413628449558835206,human
1413834624388632576,u1413834624388632576,bot
1413872131675500545,u1413872131675500545,bot
1413905283210878984,u1413905283210878984,bot
1413913936123027465,u1413913936123027465,bot
1413949714895187973,u1413949714895187973,human
1414190060761718786,u1414190060761718786,bot
1414296172152360962,u1414296172152360962,human
1414615306828406798,u1414615306828406798,bot
1414635410500853762,u1414635410500853762,bot
1414738729684529157,u1414738729684529157,bot
1414885285654147072,u1414885285654147072,bot
1414897616572207122,u1414897616572207122,bot
1414973659467423744,u1414973659467423744,bot
1415010141032775682,u1415010141032775682,bot
1415133443965521928,u1415133443965521928,bot
1415139336320864263,u1415139336320864263,bot
1415146236135444482,u1415146236135444482,human
1415186710313402374,u1415186710313402374,bot
1415200970729050115,u1415200970729050115,bot
1415264429239939076,u1415264429239939076,bot
1415277358261542915,u1415277358261542915,human
1415335810598113283,u1415335810598113283,bot
1415340487741935620,u1415340487741935620,bot
1415446538558476291,u1415446538558476291,bot
1415468307294179328,u1415468307294179328,human
1415540443735937027,u1415540443735937027,bot
1415686260908171269,u1415686260908171269,human
1415738652152537090,u1415738652152537090,bot
1415744903515189257,u1415744903515189257,bot
1415777175282749441,u1415777175282749441,human
1415842221308448768,u1415842221308448768,human
1415866797014720518,u1415866797014720518,bot
1415910033234309124,u1415910033234309124,bot
1415991009138335750,u1415991009138335750,bot
1416005642570059783,u1416005642570059783,human
1416060984003764226,u1416060984003764226,bot
1416114412566548486,u1416114412566548486,bot
1416178612751851523,u1416178612751851523,bot
1416253651421704192,u1416253651421704192,bot
1416404069359423488,u1416404069359423488,bot
1416426422692990978,u1416426422692990978,bot
1416457909903536132,u1416457909903536132,bot
1416479962715115523,u1416479962715115523,bot
1416501411622187008,u1416501411622187008,bot
1416649237341736960,u1416649237341736960,bot
1416741637934432259,u1416741637934432259,bot
1416824870210572294,u1416824870210572294,bot
1416848692762619914,u1416848692762619914,human
1417137379438125061,u1417137379438125061,bot
1417200424986169353,u1417200424986169353,bot
1417279807562338312,u1417279807562338312,bot
1417329311506264066,u1417329311506264066,human
1417413859363672066,u1417413859363672066,bot
1417595378489298951,u1417595378489298951,bot
1417662773253791749,u1417662773253791749,bot
1417808568582029312,u1417808568582029312,human
1417914573303304195,u1417914573303304195,human
1418073922143068160,u1418073922143068160,human
1418223715637026818,u1418223715637026818,human
1418237857303564291,u1418237857303564291,human
1418314376684113922,u1418314376684113922,bot
1418322176386682882,u1418322176386682882,bot
1418575769215782912,u1418575769215782912,bot
1418736405895729153,u1418736405895729153,human
1418825150921904130,u1418825150921904130,bot
1418840537340256259,u1418840537340256259,bot
1418859881189228544,u1418859881189228544,bot
1418889427326312452,u1418889427326312452,bot
1418951819477372937,u1418951819477372937,bot
1418973172918063114,u1418973172918063114,bot
1419204039435333632,u1419204039435333632,bot
1419259609970266114,u1419259609970266114,bot
1419265454481215489,u1419265454481215489,bot
1419321609303756801,u1419321609303756801,bot
1419555694106316801,u1419555694106316801,bot
1419572149925285892,u1419572149925285892,bot
1419669251242221568,u1419669251242221568,bot
1419703898563035142,u1419703898563035142,human
1419814308779810819,u1419814308779810819,bot
1420094261488406529,u1420094261488406529,bot
1420100022029455360,u1420100022029455360,bot
1420101489780006914,u1420101489780006914,bot
1420357877529731074,u1420357877529731074,bot
1420576099331936261,u1420576099331936261,bot
1420578071300608007,u1420578071300608007,bot
1420615722313650178,u1420615722313650178,bot
1420632786516467714,u1420632786516467714,human
1420665290757705730,u1420665290757705730,human
1420683747435892739,u1420683747435892739,human
1420688128986128384,u1420688128986128384,human
1420782212270678018,u1420782212270678018,human
1420789457305939974,u1420789457305939974,bot
1420789659018448905,u1420789659018448905,bot
1420792552857473026,u1420792552857473026,human
1420792704863199238,u1420792704863199238,bot
1420894544799875073,u1420894544799875073,human
1420909965829672965,u1420909965829672965,bot
1421032013667217408,u1421032013667217408,bot
1421178401805807620,u1421178401805807620,human
1421181629075238914,u1421181629075238914,bot
1421184249659596813,u1421184249659596813,human
1421186246164897792,u1421186246164897792,bot
1421187406611484679,u1421187406611484679,bot
1421197392532189193,u1421197392532189193,bot
1421221815662284802,u1421221815662284802,bot
1421230156316921858,u1421230156316921858,bot
1421433303597559813,u1421433303597559813,bot
1421472079468240896,u1421472079468240896,bot
1421483282995179526,u1421483282995179526,bot
1421508153871675395,u1421508153871675395,bot
1421554515224842240,u1421554515224842240,bot
1421559300712017923,u1421559300712017923,bot
1421583553981140993,u1421583553981140993,bot
1421614276645691392,u1421614276645691392,bot
1421641358419312641,u1421641358419312641,bot
1421898918019878918,u1421898918019878918,bot
1422246598424281093,u1422246598424281093,bot
1422250815956262924,u1422250815956262924,bot
1422257215537176579,u1422257215537176579,bot
1422339461279535110,u1422339461279535110,bot
1422379662123048964,u1422379662123048964,human
1422396430308634636,u1422396430308634636,bot
1422467087969234948,u1422467087969234948,bot
1422591250960633856,u1422591250960633856,bot
1422637256070762503,u1422637256070762503,bot
1422701631431352325,u1422701631431352325,bot
1422791231780839425,u1422791231780839425,bot
1422796799824248834,u1422796799824248834,human
1422845239790870528,u1422845239790870528,bot
1422857111092989955,u1422857111092989955,bot
1422891345300045826,u1422891345300045826,bot
1422911143262183425,u1422911143262183425,human
1423247761521131522,u1423247761521131522,bot
1423300496610168834,u1423300496610168834,bot
1423373267180695552,u1423373267180695552,bot
1423383151171313664,u1423383151171313664,bot
1423482510848131072,u1423482510848131072,bot
1423492854136066053,u1423492854136066053,bot
1423534410209447936,u1423534410209447936,bot
1423564792938131459,u1423564792938131459,bot
1423570840604471305,u1423570840604471305,bot
1423624338226352129,u1423624338226352129,bot
1423640031726551043,u1423640031726551043,bot
1423652902133014528,u1423652902133014528,bot
1423699286223642625,u1423699286223642625,bot
1423884235127939098,u1423884235127939098,bot
1423939729846804485,u1423939729846804485,bot
1423965908616192003,u1423965908616192003,bot
1424025752048226307,u1424025752048226307,bot
1424132100236746752,u1424132100236746752,bot
1424590552415227911,u1424590552415227911,bot
1424592294208933888,u1424592294208933888,bot
1424690994654547968,u1424690994654547968,bot
1424728617238605832,u1424728617238605832,bot
1424761704437764104,u1424761704437764104,bot
1424816345250676740,u1424816345250676740,bot
1424822953775026176,u1424822953775026176,bot
1424912281406631944,u1424912281406631944,bot
1425000040573980673,u1425000040573980673,bot
1425141260256301059,u1425141260256301059,human
1425263364012269570,u1425263364012269570,bot
1425289274048454662,u1425289274048454662,bot
1425391368155934720,u1425391368155934720,bot
1425401462117519362,u1425401462117519362,bot
1425497921454215171,u1425497921454215171,bot
1425511872908992512,u1425511872908992512,human
1425659473838764034,u1425659473838764034,bot
1425682147684151298,u1425682147684151298,bot
1425723321509842954,u1425723321509842954,bot
1425779187197956109,u1425779187197956109,bot
1425806584911908867,u1425806584911908867,human
1425820271789830145,u1425820271789830145,human
1425839653513572353,u1425839653513572353,bot
1425960643945979904,u1425960643945979904,bot
1426006662393909251,u1426006662393909251,bot
1426106171899920399,u1426106171899920399,bot
1426142483822518274,u1426142483822518274,human
1426168946324037643,u1426168946324037643,bot
1426178989555687424,u1426178989555687424,bot
1426189798469816322,u1426189798469816322,bot
1426204605638221831,u1426204605638221831,human
1426226998850985989,u1426226998850985989,bot
1426249480748339210,u1426249480748339210,bot
1426262751438061573,u1426262751438061573,bot
1426307548349706242,u1426307548349706242,bot
1426403313218560001,u1426403313218560001,bot
1426425613943021570,u1426425613943021570,bot
1426523993377488897,u1426523993377488897,bot
1426555985749975049,u1426555985749975049,bot
1426577507961040903,u1426577507961040903,bot
1426755828774707208,u1426755828774707208,human
1426881246030929922,u1426881246030929922,bot
1426891324863754243,u1426891324863754243,bot
1427023590424186880,u1427023590424186880,human
1427106214840786945,u1427106214840786945,bot
1427142093273583619,u1427142093273583619,bot
1427210552867176455,u1427210552867176455,bot
1427326967548841985,u1427326967548841985,bot
1427337801335459846,u1427337801335459846,human
1427341340510236681,u1427341340510236681,bot
1427368577502482434,u1427368577502482434,bot
1427370127360733184,u1427370127360733184,bot
1427516209268858880,u1427516209268858880,human
1427537335873269760,u1427537335873269760,bot
1427564121554264064,u1427564121554264064,bot
1427568027919273987,u1427568027919273987,bot
1427572616617881602,u1427572616617881602,bot
1427578779615039488,u1427578779615039488,bot
1427589197733326856,u1427589197733326856,bot
1427596738236387331,u1427596738236387331,bot
1427615979207540741,u1427615979207540741,human
1427673854336438281,u1427673854336438281,human
1427749858505547787,u1427749858505547787,bot
1427838620170285058,u1427838620170285058,human
1427912649174568960,u1427912649174568960,bot
1427999427285954560,u1427999427285954560,bot
1428037848347774980,u1428037848347774980,bot
1428051193201319941,u1428051193201319941,bot
1428074374649815046,u1428074374649815046,bot
1428235821115609094,u1428235821115609094,bot
1428359328994500617,u1428359328994500617,bot
1428391029305221125,u1428391029305221125,bot
1428439248340914182,u1428439248340914182,bot
1428487291698237440,u1428487291698237440,human
1428496685525872647,u1428496685525872647,human
1428549647258198019,u1428549647258198019,bot
1428552577738846210,u1428552577738846210,bot
1428694567260459013,u1428694567260459013,bot
1428732578672963587,u1428732578672963587,human
1428836718740967425,u1428836718740967425,bot
1428841784323543049,u1428841784323543049,human
1428844810102657026,u1428844810102657026,bot
1428999638460387332,u1428999638460387332,human
1429003925940809730,u1429003925940809730,human
1429115774292070406,u1429115774292070406,bot
1429124412524175367,u1429124412524175367,human
1429194480708636672,u1429194480708636672,human
1429243314025418754,u1429243314025418754,bot
1429256500967448578,u1429256500967448578,bot
1429425650142744579,u1429425650142744579,human
1429500312327319557,u1429500312327319557,bot
1429750362060304395,u1429750362060304395,human
1429752878877532166,u1429752878877532166,bot
1429798306369228801,u1429798306369228801,bot
1429854574924341251,u1429854574924341251,bot
1429866134052872197,u1429866134052872197,bot
1429950510900121605,u1429950510900121605,human
1429955607696715781,u1429955607696715781,bot
1430015637108133915,u1430015637108133915,bot
1430025098455519234,u1430025098455519234,bot
1430060699254886401,u1430060699254886401,bot
1430119184055246854,u1430119184055246854,human
1430128930875445249,u1430128930875445249,human
1430141683342118916,u1430141683342118916,human
1430184380916510721,u1430184380916510721,bot
1430247798507671555,u1430247798507671555,human
1430286028879843333,u1430286028879843333,bot
1430393813588226052,u1430393813588226052,bot
1430486651151605761,u1430486651151605761,bot
1430534325792034818,u1430534325792034818,bot
1430550754360586240,u1430550754360586240,bot
1430555660618436614,u1430555660618436614,bot
1430556481242468353,u1430556481242468353,human
1430580754740830216,u1430580754740830216,bot
1430594266288599040,u1430594266288599040,bot
1431292050004226056,u1431292050004226056,bot
1431374467796774912,u1431374467796774912,bot
1431526771468300290,u1431526771468300290,human
1431564906596388864,u1431564906596388864,human
1431716380936527875,u1431716380936527875,bot
1431730509231497220,u1431730509231497220,bot
1431852684945002497,u1431852684945002497,human
1431962078273626117,u1431962078273626117,bot
1431987139751841794,u1431987139751841794,bot
1432047981721800713,u1432047981721800713,bot
1432105614449197057,u1432105614449197057,bot
1432162449327788041,u1432162449327788041,bot
1432179129210732548,u1432179129210732548,human
1432252558794317824,u1432252558794317824,bot
1432275440585089028,u1432275440585089028,bot
1432421810570678273,u1432421810570678273,human
1432546001886359565,u1432546001886359565,bot
1432558340094103555,u1432558340094103555,human
1432610274226446341,u1432610274226446341,bot
1432630530885894147,u1432630530885894147,bot
1432721933775384588,u1432721933775384588,bot
1432724583719841792,u1432724583719841792,bot
1432852022097764352,u1432852022097764352,bot
1432977326694821892,u1432977326694821892,human
1433072004093988869,u1433072004093988869,human
1433082957888098310,u1433082957888098310,bot
1433098743751061505,u1433098743751061505,bot
1433116375342620678,u1433116375342620678,human
1433134860122607617,u1433134860122607617,bot
1433271525138841603,u1433271525138841603,human
1433295222071386114,u1433295222071386114,human
1433402797760806912,u1433402797760806912,bot
1433414328498237445,u1433414328498237445,bot
1433479534939021322,u1433479534939021322,bot
1433516808661831683,u1433516808661831683,bot
1433567712412778502,u1433567712412778502,bot
1433574437882933254,u1433574437882933254,bot
1433613060686565377,u1433613060686565377,bot
1433617119992762369,u1433617119992762369,bot
1433632777648414736,u1433632777648414736,bot
1433648604103720960,u1433648604103720960,bot
1433726611711537179,u1433726611711537179,bot
1433818532215730176,u1433818532215730176,human
1433819742469607426,u1433819742469607426,bot
1433861113385418757,u1433861113385418757,bot
1433869323538505753,u1433869323538505753,bot
1433870603958771713,u1433870603958771713,bot
1433970064064057344,u1433970064064057344,bot
1434052386134310913,u1434052386134310913,bot
1434101657412022272,u1434101657412022272,bot
1434346188866609152,u1434346188866609152,bot
1434380504703266820,u1434380504703266820,human
1434526823094886401,u1434526823094886401,human
1434564145903452161,u1434564145903452161,bot
1434566403567374342,u1434566403567374342,bot
1434677772002136064,u1434677772002136064,bot
1434903011139076101,u1434903011139076101,human
1434936823881605122,u1434936823881605122,bot
1434991305399185414,u1434991305399185414,bot
1435199819975376899,u1435199819975376899,bot
1435275193002471429,u1435275193002471429,bot
1435284491715624961,u1435284491715624961,bot
1435411515230785540,u1435411515230785540,human
1435462153780170754,u1435462153780170754,bot
1435613462579851264,u1435613462579851264,bot
1435670694822662148,u1435670694822662148,human
1435678097790095374,u1435678097790095374,human
1435819929618432002,u1435819929618432002,bot
1435831704850161666,u1435831704850161666,human
1435892032040484865,u1435892032040484865,bot
1435952740274819075,u1435952740274819075,bot
1435981686609625089,u1435981686609625089,bot
1435988030649630725,u1435988030649630725,human
1435994349645406213,u1435994349645406213,human
1436003015907962891,u1436003015907962891,bot
1436034283710435332,u1436034283710435332,human
1436038244202864646,u1436038244202864646,bot
1436053582827171841,u1436053582827171841,bot
1436151981614120988,u1436151981614120988,bot
1436218774785462275,u1436218774785462275,bot
1436241726562242562,u1436241726562242562,bot
1436345701601009673,u1436345701601009673,bot
1436348401902366720,u1436348401902366720,bot
1436360289155489797,u1436360289155489797,human
1436425508124827660,u1436425508124827660,bot
1436569085974757377,u1436569085974757377,bot
1436706128566620173,u1436706128566620173,bot
1436759373880041477,u1436759373880041477,bot
1436848919938486272,u1436848919938486272,human
1437033802463858688,u1437033802463858688,bot
1437058624661213184,u1437058624661213184,bot
1437088000605786114,u1437088000605786114,bot
1437093952520220673,u1437093952520220673,human
1437117567680892928,u1437117567680892928,bot
1437318297939320834,u1437318297939320834,bot
1437492512394973190,u1437492512394973190,bot
1437670954046349314,u1437670954046349314,bot
1437754530880311302,u1437754530880311302,bot
1437807538095939594,u1437807538095939594,bot
1437824718028029954,u1437824718028029954,bot
1437830738280435714,u1437830738280435714,bot
1437849551055040519,u1437849551055040519,bot
1437916930317471751,u1437916930317471751,bot
1437999701639372801,u1437999701639372801,bot
1438044544235446272,u1438044544235446272,human
1438077059239186438,u1438077059239186438,bot
1438138041307176963,u1438138041307176963,bot
1438192244348047375,u1438192244348047375,bot
1438208391588032523,u1438208391588032523,bot
1438236230089535488,u1438236230089535488,bot
1438317255901601792,u1438317255901601792,bot
1438342198408347652,u1438342198408347652,bot
1438424922179653636,u1438424922179653636,bot
1438430298618966018,u1438430298618966018,bot
1438446864127324165,u1438446864127324165,bot
1438463634032709633,u1438463634032709633,human
1438487720230146052,u1438487720230146052,bot
1438488763076808704,u1438488763076808704,bot
1438763385756078082,u1438763385756078082,bot
1438843078933057539,u1438843078933057539,bot
1438889170756243458,u1438889170756243458,human
1438920461761400833,u1438920461761400833,bot
1438963025868902403,u1438963025868902403,bot
1438966682509316101,u1438966682509316101,bot
1439067061280329731,u1439067061280329731,bot
1439178834151043076,u1439178834151043076,bot
1439213706445950984,u1439213706445950984,bot
1439271170839248898,u1439271170839248898,bot
1439292575161139204,u1439292575161139204,bot
1439314065264988164,u1439314065264988164,bot
1439394194754359298,u1439394194754359298,bot
1439399866506035201,u1439399866506035201,bot
1439541527114665987,u1439541527114665987,human
1439549132222382083,u1439549132222382083,bot
1439631881788481538,u1439631881788481538,human
1439643774615961606,u1439643774615961606,bot
1439657514652483587,u1439657514652483587,bot
1439749333470130176,u1439749333470130176,human
1439766077911801862,u1439766077911801862,bot
1439834924270247937,u1439834924270247937,bot
1439912477383348224,u1439912477383348224,human
1439937859285356545,u1439937859285356545,bot
1439942960624197634,u1439942960624197634,bot
1439973855594954753,u1439973855594954753,human
1439981045818925062,u1439981045818925062,bot
1440047590691655680,u1440047590691655680,bot
1440073440656957441,u1440073440656957441,bot
1440223483204542467,u1440223483204542467,human
1440237720454926337,u1440237720454926337,bot
1440381097502601218,u1440381097502601218,bot
1440392178082091012,u1440392178082091012,bot
1440397368101199879,u1440397368101199879,bot
1440451016814514184,u1440451016814514184,bot
1440607827702149122,u1440607827702149122,bot
1440655888558133255,u1440655888558133255,bot
1440688393478803469,u1440688393478803469,bot
1440753277654630407,u1440753277654630407,bot
1440770992784117761,u1440770992784117761,bot
1440863493062725635,u1440863493062725635,human
1440876069544873992,u1440876069544873992,bot
1440890810489192450,u1440890810489192450,bot
1440898479857934338,u1440898479857934338,human
1440967979517325315,u1440967979517325315,human
1440994107619528707,u1440994107619528707,bot
1441012594991681538,u1441012594991681538,bot
1441028305545695234,u1441028305545695234,human
1441037972002918403,u1441037972002918403,bot
1441053787519586304,u1441053787519586304,bot
1441186938757603335,u1441186938757603335,bot
1441205066464071682,u1441205066464071682,human
1441225849823326210,u1441225849823326210,human
1441389952789467139,u1441389952789467139,bot
1441492679251017728,u1441492679251017728,bot
1441588830096662537,u1441588830096662537,bot
1441674264088756228,u1441674264088756228,bot
1441730711828905985,u1441730711828905985,bot
1441759216255987712,u1441759216255987712,bot
1441781750158397444,u1441781750158397444,bot
1442172945363726338,u1442172945363726338,bot
1442173860967632910,u1442173860967632910,bot
1442184017822945283,u1442184017822945283,bot
1442354677807341572,u1442354677807341572,human
1442379663452504064,u1442379663452504064,human
1442420026556911625,u1442420026556911625,bot
1442474820361351174,u1442474820361351174,bot
1442487021239296006,u1442487021239296006,bot
1442491281075146757,u1442491281075146757,bot
1442516781105512450,u1442516781105512450,bot
1442518335611027461,u1442518335611027461,bot
1442538563036270593,u1442538563036270593,bot
1442541327460143115,u1442541327460143115,human
1442559607939817472,u1442559607939817472,bot
1442604046590767113,u1442604046590767113,human
1442716063259676674,u1442716063259676674,bot
1442718455971540994,u1442718455971540994,human
1442742193844752387,u1442742193844752387,bot
1442801502561742856,u1442801502561742856,bot
1442861452084191235,u1442861452084191235,bot
1442919370955526145,u1442919370955526145,bot
1442995453872668680,u1442995453872668680,bot
1443037504903417864,u1443037504903417864,bot
1443045195323518982,u1443045195323518982,human
1443087862799470598,u1443087862799470598,bot
1443090668587520002,u1443090668587520002,bot
1443161925697822720,u1443161925697822720,bot
1443185053345931267,u1443185053345931267,human
1443205726973964298,u1443205726973964298,bot
1443217241655361537,u1443217241655361537,bot
1443219975410434052,u1443219975410434052,bot
1443336595239747585,u1443336595239747585,bot
1443352824696426497,u1443352824696426497,bot
1443525637428240394,u1443525637428240394,bot
1443531212446863365,u1443531212446863365,bot
1443553323252998144,u1443553323252998144,bot
1443626457968873472,u1443626457968873472,human
1443640998056247296,u1443640998056247296,human
1443948711378239492,u1443948711378239492,bot
1443949493716590597,u1443949493716590597,bot
1443988418459930626,u1443988418459930626,bot
1444089089809162248,u1444089089809162248,bot
1444116204042526726,u1444116204042526726,bot
1444119754990518275,u1444119754990518275,bot
1444236140610039809,u1444236140610039809,bot
1444261128276611079,u1444261128276611079,bot
1444329187192582148,u1444329187192582148,bot
1444344487875022849,u1444344487875022849,bot
1444417160286064641,u1444417160286064641,human
1444497814357037058,u1444497814357037058,bot
1444656440115933190,u1444656440115933190,bot
1444662613648891904,u1444662613648891904,bot
1444679582020472833,u1444679582020472833,human
1444701980060966914,u1444701980060966914,human
1444704367181905925,u1444704367181905925,bot
1444763169163984902,u1444763169163984902,human
1444764442282151942,u1444764442282151942,bot
1444895194034237442,u1444895194034237442,bot
1444944890765344768,u1444944890765344768,bot
1444995202280689667,u1444995202280689667,bot
1445058783432953862,u1445058783432953862,human
1445064939245297674,u1445064939245297674,bot
1445081519215816710,u1445081519215816710,bot
1445104846269526046,u1445104846269526046,bot
1445112015559831574,u1445112015559831574,human
1445116300376772608,u1445116300376772608,human
1445130167769239556,u1445130167769239556,bot
1445292989773803526,u1445292989773803526,bot
1445295959626420225,u1445295959626420225,human
1445327223356071936,u1445327223356071936,bot
1445329206452400128,u1445329206452400128,human
1445377565217095681,u1445377565217095681,bot
1445387513208639497,u1445387513208639497,human
1445432327367237638,u1445432327367237638,human
1445558325613977602,u1445558325613977602,bot
1445563484872200194,u1445563484872200194,bot
1445667188157808641,u1445667188157808641,bot
1445727879086555147,u1445727879086555147,bot
1445728388778496005,u1445728388778496005,bot
1445764168208973828,u1445764168208973828,bot
1445786772554715141,u1445786772554715141,bot
1445797916677795848,u1445797916677795848,bot
1445810605345095681,u1445810605345095681,bot
1445818162562289664,u1445818162562289664,bot
1445901718437314565,u1445901718437314565,bot
1445992868145872896,u1445992868145872896,human
1445993212498354181,u1445993212498354181,bot
1446014623761637379,u1446014623761637379,bot
1446100686169690115,u1446100686169690115,bot
1446127903679283204,u1446127903679283204,human
1446130463156813831,u1446130463156813831,bot
1446132329114587143,u1446132329114587143,human
1446248805209419781,u1446248805209419781,human
1446388603643334658,u1446388603643334658,bot
1446410742169673736,u1446410742169673736,bot
1446434604072587265,u1446434604072587265,bot
1446465592651919360,u1446465592651919360,bot
1446478887299522579,u1446478887299522579,human
1446492950133940240,u1446492950133940240,bot
1446500115288629284,u1446500115288629284,bot
1446520682154692611,u1446520682154692611,human
1446530271780773894,u1446530271780773894,bot
1446565922098098176,u1446565922098098176,bot
1446571355147800580,u1446571355147800580,bot
1446602470826774529,u1446602470826774529,bot
1446741345675132928,u1446741345675132928,human
1446758523451310089,u1446758523451310089,bot
1446766820686540806,u1446766820686540806,bot
1446774136253005826,u1446774136253005826,human
1446779601124999168,u1446779601124999168,bot
1446808836711403527,u1446808836711403527,bot
1446814504608800768,u1446814504608800768,human
1446900685807579136,u1446900685807579136,bot
1446995579943284737,u1446995579943284737,bot
1447128841319813121,u1447128841319813121,bot
1447241086376689674,u1447241086376689674,human
1447251888148074497,u1447251888148074497,bot
1447270655892672513,u1447270655892672513,bot
1447353595741958148,u1447353595741958148,bot
1447374049416343553,u1447374049416343553,bot
1447529303378329604,u1447529303378329604,bot
1447584210743664644,u1447584210743664644,bot
1447595686250360838,u1447595686250360838,bot
1447699768512290819,u1447699768512290819,bot
1447789965069340679,u1447789965069340679,bot
1447901448155500546,u1447901448155500546,human
1447918826029527055,u1447918826029527055,human
1447930097026097158,u1447930097026097158,bot
1447956297534648325,u1447956297534648325,human
1447960575523307527,u1447960575523307527,bot
1447975941813063682,u1447975941813063682,bot
1448004722191970304,u1448004722191970304,bot
1448037218174443523,u1448037218174443523,human
1448045425387319296,u1448045425387319296,bot
1448066738151563266,u1448066738151563266,bot
1448083249289261056,u1448083249289261056,human
1448106010346991624,u1448106010346991624,bot
1448278603783806983,u1448278603783806983,bot
1448310193603895296,u1448310193603895296,bot
1448372420776169475,u1448372420776169475,bot
1448544009463504898,u1448544009463504898,bot
1448642423408586772,u1448642423408586772,bot
1448668825054945282,u1448668825054945282,human
1448669922347954186,u1448669922347954186,bot
1448812921711071233,u1448812921711071233,bot
1448898612646141954,u1448898612646141954,bot
1448904797097275394,u1448904797097275394,bot
1448954509263310848,u1448954509263310848,bot
1448966033600024576,u1448966033600024576,human
1449029428349177865,u1449029428349177865,bot
1449096088145698816,u1449096088145698816,bot
1449242261154189313,u1449242261154189313,bot
1449313550128791552,u1449313550128791552,bot
1449450582771699714,u1449450582771699714,bot
1449461677435637763,u1449461677435637763,bot
1449653519129079814,u1449653519129079814,bot
1449710154874826756,u1449710154874826756,bot
1449727471218216963,u1449727471218216963,bot
1449730839441457155,u1449730839441457155,bot
1449833336109633539,u1449833336109633539,bot
1449888673000943616,u1449888673000943616,bot
1449888723483561984,u1449888723483561984,bot
1449927309801185280,u1449927309801185280,bot
1450026965654597636,u1450026965654597636,human
1450030044131299331,u1450030044131299331,bot
1450030590447783939,u1450030590447783939,human
1450053462364803081,u1450053462364803081,bot
1450147830748696580,u1450147830748696580,bot
1450159213884366860,u1450159213884366860,human
1450265628556759040,u1450265628556759040,bot
1450402976749604876,u1450402976749604876,human
1450440020544802817,u1450440020544802817,human
1450477876462055426,u1450477876462055426,bot
1450488973764218892,u1450488973764218892,bot
1450498736380170246,u1450498736380170246,bot
1450605058668830724,u1450605058668830724,bot
1450720571952533510,u1450720571952533510,bot
1450740286829776898,u1450740286829776898,human
1450805354749730817,u1450805354749730817,bot
1450881274474815492,u1450881274474815492,bot
1450984270466621440,u1450984270466621440,bot
1451014849689960452,u1451014849689960452,bot
1451128706357923840,u1451128706357923840,bot
1451189795447730177,u1451189795447730177,bot
1451241325236559880,u1451241325236559880,bot
1451468547989905409,u1451468547989905409,human
1451559208214741012,u1451559208214741012,human
1451606952610566152,u1451606952610566152,bot
1451627663362252806,u1451627663362252806,bot
1451665787656314889,u1451665787656314889,bot
1451730236735832064,u1451730236735832064,bot
1451806052794519559,u1451806052794519559,bot
1451862903792013314,u1451862903792013314,bot
1451903384139681794,u1451903384139681794,bot
1451945268430180354,u1451945268430180354,bot
1451985655765078020,u1451985655765078020,bot
1452020758209867782,u1452020758209867782,bot
1452081370751111171,u1452081370751111171,bot
1452157112084312067,u1452157112084312067,bot
1452317012328255488,u1452317012328255488,bot
1452333983564501005,u1452333983564501005,bot
1452355300573556743,u1452355300573556743,human
1452355821065625603,u1452355821065625603,bot
1452477342790602752,u1452477342790602752,bot
1452512747187367936,u1452512747187367936,bot
1452585656820060167,u1452585656820060167,bot
1452596162637225987,u1452596162637225987,human
1452651000716800011,u1452651000716800011,bot
1452675726579159045,u1452675726579159045,human
1452709113780187143,u1452709113780187143,human
1452713710993170438,u1452713710993170438,bot
1452759911587360776,u1452759911587360776,bot
1452846411347759104,u1452846411347759104,bot
1452876872480555010,u1452876872480555010,bot
1452959419797495810,u1452959419797495810,human
1452989724730302477,u1452989724730302477,human
1453055480432140290,u1453055480432140290,bot
1453072527417245698,u1453072527417245698,bot
1453130124845535247,u1453130124845535247,bot
1453171463943442438,u1453171463943442438,human
1453181291797622788,u1453181291797622788,human
1453207136360484864,u1453207136360484864,bot
1453320862824808452,u1453320862824808452,human
1453384104070860803,u1453384104070860803,human
1453406273614094342,u1453406273614094342,bot
1453434915735818245,u1453434915735818245,bot
1453437063118868484,u1453437063118868484,human
1453465643450310667,u1453465643450310667,bot
1453509919135633410,u1453509919135633410,bot
1453519479451701252,u1453519479451701252,bot
1453524998287605764,u1453524998287605764,bot
1453634275274752006,u1453634275274752006,human
1453686971352723461,u1453686971352723461,human
1453774378919944196,u1453774378919944196,bot
1453935509525258252,u1453935509525258252,bot
1453939926517510146,u1453939926517510146,bot
1453954172571701249,u1453954172571701249,bot
1453959698982395917,u1453959698982395917,bot
1453977932892758016,u1453977932892758016,bot
1453984872914202626,u1453984872914202626,human
1454019057603186689,u1454019057603186689,human
1454059541029691393,u1454059541029691393,bot
1454177589225005062,u1454177589225005062,bot
1454208101838569473,u1454208101838569473,bot
1454259435979751431,u1454259435979751431,human
1454281438413656065,u1454281438413656065,bot
1454298429593554949,u1454298429593554949,human
1454333375330795522,u1454333375330795522,human
1454404814331334657,u1454404814331334657,bot
1454428393676623873,u1454428393676623873,bot
1454595307598008325,u1454595307598008325,bot
1454726733056315396,u1454726733056315396,bot
1454751758727610369,u1454751758727610369,bot
1454767169737211904,u1454767169737211904,bot
1454769052203716608,u1454769052203716608,human
1454800312493961226,u1454800312493961226,bot
1454847029843202049,u1454847029843202049,bot
1455050706985963523,u1455050706985963523,bot
1455401923306086405,u1455401923306086405,bot
1455409617903685645,u1455409617903685645,bot
1455460961616384005,u1455460961616384005,human
1455537756868861966,u1455537756868861966,bot
1455565766640680960,u1455565766640680960,human
1455603019257688076,u1455603019257688076,bot
1455607069952774145,u1455607069952774145,bot
1455696242915303428,u1455696242915303428,bot
1455722600705921026,u1455722600705921026,bot
1455759161602580481,u1455759161602580481,human
1455849627870130182,u1455849627870130182,bot
1455854658514141186,u1455854658514141186,human
1455869250694909953,u1455869250694909953,bot
1455894986021478403,u1455894986021478403,bot
1455900885008191494,u1455900885008191494,bot
1455934231629213708,u1455934231629213708,bot
1456005656901734408,u1456005656901734408,bot
1456048129975984133,u1456048129975984133,bot
1456069657903894539,u1456069657903894539,bot
1456082856866840585,u1456082856866840585,bot
1456134378728275970,u1456134378728275970,human
1456162236901335040,u1456162236901335040,human
1456190019970813956,u1456190019970813956,bot
1456211018410086405,u1456211018410086405,bot
1456213822604120067,u1456213822604120067,bot
1456214541746855947,u1456214541746855947,bot
1456221056625102852,u1456221056625102852,human
1456319992761405441,u1456319992761405441,bot
1456331928643457024,u1456331928643457024,human
1456348507015626760,u1456348507015626760,bot
1456373813663387649,u1456373813663387649,bot
1456474484102373376,u1456474484102373376,bot
1456485134312615939,u1456485134312615939,human
1456592227963064322,u1456592227963064322,bot
1456609828252512261,u1456609828252512261,bot
1456672666123898885,u1456672666123898885,bot
1456718895423819776,u1456718895423819776,bot
1456755544031649795,u1456755544031649795,bot
1456814406529019905,u1456814406529019905,bot
1456858339443449857,u1456858339443449857,bot
1456991889383694337,u1456991889383694337,bot
1457053478061236226,u1457053478061236226,bot
1457192659353681923,u1457192659353681923,bot
1457304435298873344,u1457304435298873344,bot
1457520539061215235,u1457520539061215235,bot
1457563901604683778,u1457563901604683778,bot
1457621219164004352,u1457621219164004352,bot
1457638948080074758,u1457638948080074758,bot
1457688357983907841,u1457688357983907841,bot
1457711587184287745,u1457711587184287745,human
1457730836334186497,u1457730836334186497,bot
1457740919340519427,u1457740919340519427,bot
1457750797525995520,u1457750797525995520,human
1457758795048919049,u1457758795048919049,human
1457935158284275714,u1457935158284275714,bot
1457937167502626816,u1457937167502626816,bot
1457945244700315650,u1457945244700315650,bot
1458001297748025350,u1458001297748025350,bot
1458011660854218756,u1458011660854218756,human
1458090653733330959,u1458090653733330959,bot
1458151876113813506,u1458151876113813506,bot
1458158923593224196,u1458158923593224196,bot
1458317366174040065,u1458317366174040065,bot
1458337706791301121,u1458337706791301121,bot
1458423423131082758,u1458423423131082758,bot
1458459342408060928,u1458459342408060928,bot
1458510589580427276,u1458510589580427276,human
1458514007506128896,u1458514007506128896,bot
1458533001856524295,u1458533001856524295,bot
1458559515117375499,u1458559515117375499,bot
1458607879829655558,u1458607879829655558,bot
1458630108093181958,u1458630108093181958,human
1458732595366170629,u1458732595366170629,bot
1458753261738074128,u1458753261738074128,human
1458778855968321536,u1458778855968321536,bot
1458916442812952580,u1458916442812952580,human
1458981672989433857,u1458981672989433857,bot
1459025179560923136,u1459025179560923136,human
1459058304219418624,u1459058304219418624,bot
1459063777974910978,u1459063777974910978,human
1459103511812001803,u1459103511812001803,bot
1459178228975693827,u1459178228975693827,human
1459203567236100096,u1459203567236100096,human
1459378187155034112,u1459378187155034112,bot
1459409909976608776,u1459409909976608776,bot
1459457319687839746,u1459457319687839746,bot
1459463292552888320,u1459463292552888320,human
1459558561177128965,u1459558561177128965,bot
1459570342373072903,u1459570342373072903,human
1459570604747730951,u1459570604747730951,bot
1459584707427848200,u1459584707427848200,bot
1459597306358026259,u1459597306358026259,bot
1459617633771429888,u1459617633771429888,bot
1459629818778165254,u1459629818778165254,bot
1459634665736876036,u1459634665736876036,bot
1459654762798931969,u1459654762798931969,human
1459656281170616321,u1459656281170616321,human
1459689445117075463,u1459689445117075463,bot
1459787141928660998,u1459787141928660998,human
1459846851402690565,u1459846851402690565,human
1459916998389948418,u1459916998389948418,bot
1459947372696543241,u1459947372696543241,bot
1460076410341453824,u1460076410341453824,bot
1460080813031124993,u1460080813031124993,human
1460093861120905221,u1460093861120905221,bot
1460105644585881603,u1460105644585881603,bot
1460189646722375683,u1460189646722375683,human
1460191282039562244,u1460191282039562244,bot
1460272005983387650,u1460272005983387650,bot
1460323047697571844,u1460323047697571844,human
1460331456815931392,u1460331456815931392,bot
1460414640362450948,u1460414640362450948,bot
1460562383215239173,u1460562383215239173,bot
1460650796245463040,u1460650796245463040,bot
1460701279236284421,u1460701279236284421,human
1460707836971917325,u1460707836971917325,bot
1460917973707681793,u1460917973707681793,bot
1460935530485620737,u1460935530485620737,bot
1460965856196775945,u1460965856196775945,bot
1460969104672657409,u1460969104672657409,human
1461029920084094976,u1461029920084094976,bot
1461030873885720583,u1461030873885720583,bot
1461206787458174976,u1461206787458174976,bot
1461291061473542147,u1461291061473542147,bot
1461358038737043470,u1461358038737043470,human
1461370210942808067,u1461370210942808067,bot
1461416146146578437,u1461416146146578437,bot
1461483156758929410,u1461483156758929410,bot
1461527680998723585,u1461527680998723585,bot
1461574302042574856,u1461574302042574856,bot
1461648570268925958,u1461648570268925958,bot
1461670364661047296,u1461670364661047296,bot
1461695395655032832,u1461695395655032832,bot
1461731341263773697,u1461731341263773697,human
1461738693631348739,u1461738693631348739,human
1461769673603694600,u1461769673603694600,bot
1461771574793715719,u1461771574793715719,bot
1461785002690199553,u1461785002690199553,human
1461834123010404353,u1461834123010404353,bot
1461848847940997138,u1461848847940997138,bot
1461885499786805250,u1461885499786805250,bot
1461983658655592452,u1461983658655592452,bot
1462061725880971269,u1462061725880971269,bot
1462143251906015238,u1462143251906015238,bot
1462162613287088130,u1462162613287088130,bot
1462199363254595587,u1462199363254595587,human
1462238196830380036,u1462238196830380036,human
1462251367049875465,u1462251367049875465,human
1462278983182082048,u1462278983182082048,bot
1462307034481803264,u1462307034481803264,bot
1462338438443663362,u1462338438443663362,bot
1462358071360036870,u1462358071360036870,bot
1462364743562190852,u1462364743562190852,bot
1462408489347784706,u1462408489347784706,bot
1462415128360468498,u1462415128360468498,bot
1462437932065714182,u1462437932065714182,human
1462471515060850690,u1462471515060850690,bot
1462478310219390978,u1462478310219390978,bot
1462541029656174596,u1462541029656174596,human
1462599189213237254,u1462599189213237254,bot
1462642728039182337,u1462642728039182337,bot
1462673572716072961,u1462673572716072961,bot
1462678221414088705,u1462678221414088705,human
1462691793158356992,u1462691793158356992,human
1462710840407343104,u1462710840407343104,bot
1462753660992114700,u1462753660992114700,human
1462784555706945546,u1462784555706945546,bot
1462789531162357772,u1462789531162357772,bot
1462874381965615109,u1462874381965615109,bot
1462875367228772365,u1462875367228772365,bot
1462897208798466048,u1462897208798466048,bot
1462928144848101378,u1462928144848101378,human
1462970261289021444,u1462970261289021444,bot
1463038330338086914,u1463038330338086914,bot
1463140024124379146,u1463140024124379146,bot
1463167733240147971,u1463167733240147971,bot
1463197863354109953,u1463197863354109953,bot
1463233414505676805,u1463233414505676805,bot
1463252434361335808,u1463252434361335808,bot
1463292114490380289,u1463292114490380289,bot
1463302609075261444,u1463302609075261444,human
1463369049879060483,u1463369049879060483,bot
1463374060444794883,u1463374060444794883,bot
1463444812388995077,u1463444812388995077,human
1463451004200837123,u1463451004200837123,human
1463475058806968320,u1463475058806968320,bot
1463487594541420548,u1463487594541420548,bot
1463493834709651456,u1463493834709651456,human
1463533276736327688,u1463533276736327688,bot
1463629599607332873,u1463629599607332873,bot
1463647450711871492,u1463647450711871492,bot
1463756328707362817,u1463756328707362817,bot
1463882896171626497,u1463882896171626497,human
1463892777192894465,u1463892777192894465,bot
1463941770845241346,u1463941770845241346,bot
1464049001163075587,u1464049001163075587,human
1464109332598083587,u1464109332598083587,bot
1464160811178655744,u1464160811178655744,bot
1464183436961329152,u1464183436961329152,bot
1464238095558410240,u1464238095558410240,bot
1464421155314544640,u1464421155314544640,bot
1464485036007346178,u1464485036007346178,human
1464548062077071364,u1464548062077071364,bot
1464574321825914880,u1464574321825914880,bot
1464605216188289026,u1464605216188289026,bot
1464670768936235013,u1464670768936235013,bot
1464688215953133569,u1464688215953133569,bot
1464739813370830848,u1464739813370830848,bot
1464795385482948609,u1464795385482948609,bot
1464808052914331652,u1464808052914331652,bot
1464864218298175488,u1464864218298175488,human
1464944609948168197,u1464944609948168197,human
1464947006359715845,u1464947006359715845,bot
1464954742451445768,u1464954742451445768,human
1464966651871387648,u1464966651871387648,human
1465050434272432139,u1465050434272432139,bot
1465056627791441923,u1465056627791441923,bot
1465079368288452616,u1465079368288452616,bot
1465095552912310275,u1465095552912310275,bot
1465273493302489095,u1465273493302489095,bot
1465302137793961987,u1465302137793961987,bot
1465321608764174340,u1465321608764174340,bot
1465345090545725445,u1465345090545725445,bot
1465359362231316490,u1465359362231316490,bot
1465382399261523970,u1465382399261523970,bot
1465391574553174031,u1465391574553174031,bot
1465575107452047361,u1465575107452047361,bot
1465581364430921733,u1465581364430921733,bot
1465649557400952832,u1465649557400952832,human
1465780378095038473,u1465780378095038473,bot
1465924443255885824,u1465924443255885824,bot
1465945094918443008,u1465945094918443008,bot
1465983923255664641,u1465983923255664641,human
1466013700741947401,u1466013700741947401,human
1466047976896401408,u1466047976896401408,bot
1466085505817268232,u1466085505817268232,bot
1466237493938901000,u1466237493938901000,human
1466262656080220162,u1466262656080220162,bot
1466310217516335109,u1466310217516335109,human
1466317762792361984,u1466317762792361984,bot
1466378686630969354,u1466378686630969354,human
1466425593847857157,u1466425593847857157,bot
1466465744003215366,u1466465744003215366,human
1466495391420063750,u1466495391420063750,bot
1466594059187720192,u1466594059187720192,bot
1466624554042855429,u1466624554042855429,human
1466676770501902339,u1466676770501902339,bot
1466678487582916611,u1466678487582916611,human
1466683274911121410,u1466683274911121410,human
1466689969431486468,u1466689969431486468,human
1466692016717271043,u1466692016717271043,bot
1466692314781396995,u1466692314781396995,human
1466739669001912320,u1466739669001912320,bot
1466829387601375233,u1466829387601375233,human
1466848101889626113,u1466848101889626113,bot
1466851219779948545,u1466851219779948545,bot
1466855849880600586,u1466855849880600586,bot
1466982516158451712,u1466982516158451712,bot
1466993634226671616,u1466993634226671616,human
1466997984298631171,u1466997984298631171,bot
1467001457303949317,u1467001457303949317,human
1467013124213854209,u1467013124213854209,human
1467079531806793733,u1467079531806793733,human
1467130774721859596,u1467130774721859596,bot
1467134270854545412,u1467134270854545412,bot
1467145007735971842,u1467145007735971842,human
1467161069772759040,u1467161069772759040,human
1467162809381253122,u1467162809381253122,human
1467237711039938563,u1467237711039938563,bot
1467306720783339527,u1467306720783339527,bot
1467335885620453381,u1467335885620453381,bot
1467373285860163588,u1467373285860163588,bot
1467415838265274370,u1467415838265274370,bot
1467431222594912256,u1467431222594912256,human
1467522417660596225,u1467522417660596225,bot
1467526020286713857,u1467526020286713857,bot
1467610958285742080,u1467610958285742080,bot
1467670391577579521,u1467670391577579521,human
1467678168400150528,u1467678168400150528,human
1467719162478931973,u1467719162478931973,human
1467752975879880705,u1467752975879880705,bot
1467771046807756801,u1467771046807756801,bot
1467847423447945217,u1467847423447945217,human
1467861425540325378,u1467861425540325378,bot
1467877911977938946,u1467877911977938946,bot
1467928416112553996,u1467928416112553996,bot
1467949771260248068,u1467949771260248068,human
1467973039883182090,u1467973039883182090,human
1467973792186003456,u1467973792186003456,bot
1468015542736867331,u1468015542736867331,human
1468023985753698304,u1468023985753698304,bot
1468072796106354689,u1468072796106354689,bot
1468082167825969155,u1468082167825969155,human
1468123432407687175,u1468123432407687175,bot
1468245734134800403,u1468245734134800403,bot
1468303042579775488,u1468303042579775488,bot
1468304774621986816,u1468304774621986816,bot
1468309265077059584,u1468309265077059584,human
1468375240497852418,u1468375240497852418,human
1468413504625414145,u1468413504625414145,bot
1468506904800346114,u1468506904800346114,human
1468559295847755780,u1468559295847755780,bot
1468563755147866115,u1468563755147866115,bot
1468571220648275971,u1468571220648275971,bot
1468610072091987968,u1468610072091987968,bot
1468643975435333641,u1468643975435333641,bot
1468831714785042437,u1468831714785042437,bot
1468914852286451715,u1468914852286451715,bot
1468934548977336320,u1468934548977336320,human
1468983437138833415,u1468983437138833415,bot
1469006114113130499,u1469006114113130499,bot
1469029316310745092,u1469029316310745092,bot
1469048058096672776,u1469048058096672776,bot
1469066073391521793,u1469066073391521793,bot
1469072204637691905,u1469072204637691905,bot
1469131098047324161,u1469131098047324161,bot
1469140632232935426,u1469140632232935426,bot
1469148562181210112,u1469148562181210112,human
1469221221631995905,u1469221221631995905,bot
1469240082452434949,u1469240082452434949,bot
1469254485432279048,u1469254485432279048,human
1469286556108210182,u1469286556108210182,human
1469375002965266433,u1469375002965266433,bot
1469436183990177800,u1469436183990177800,bot
1469453393710264321,u1469453393710264321,bot
1469521914746089476,u1469521914746089476,bot
1469552617520914432,u1469552617520914432,human
1469604430446137344,u1469604430446137344,bot
1469719203724685315,u1469719203724685315,bot
1469735103433641986,u1469735103433641986,bot
1469984078430670851,u1469984078430670851,bot
1470077521731497985,u1470077521731497985,bot
1470094674626953216,u1470094674626953216,bot
1470216241638002695,u1470216241638002695,bot
1470339383215771655,u1470339383215771655,bot
1470408163534925830,u1470408163534925830,bot
1470673404047110148,u1470673404047110148,human
1470762756924223495,u1470762756924223495,bot
1470844995489906692,u1470844995489906692,bot
1470855583532212224,u1470855583532212224,bot
1470929578986201099,u1470929578986201099,human
1470949724807217162,u1470949724807217162,human
1470998905458499585,u1470998905458499585,bot
1471066167754305536,u1471066167754305536,bot
1471077939588513800,u1471077939588513800,human
1471124570031603714,u1471124570031603714,bot
1471170053919817729,u1471170053919817729,human
1471185574950486016,u1471185574950486016,bot
1471248988238143488,u1471248988238143488,bot
1471305584779481089,u1471305584779481089,bot
1471448695686139906,u1471448695686139906,bot
1471463339905597446,u1471463339905597446,bot
1471467599330488330,u1471467599330488330,bot
1471494602053931013,u1471494602053931013,bot
1471495185263521805,u1471495185263521805,bot
1471498454635454504,u1471498454635454504,bot
1471521904422912003,u1471521904422912003,bot
1471524119174791173,u1471524119174791173,human
1471529355851575305,u1471529355851575305,bot
1471544844774477827,u1471544844774477827,human
1471551932808499201,u1471551932808499201,bot
1471552346874281987,u1471552346874281987,bot
1471598936314023939,u1471598936314023939,bot
1471627336453865473,u1471627336453865473,bot
1471649641389342720,u1471649641389342720,human
1471697381708034049,u1471697381708034049,bot
1471769503742660611,u1471769503742660611,human
1471778359768199169,u1471778359768199169,bot
1471797082788925449,u1471797082788925449,human
1471947707447230475,u1471947707447230475,bot
1472084154992902150,u1472084154992902150,bot
1472116082278285317,u1472116082278285317,bot
1472122405170647041,u1472122405170647041,human
1472201887818698761,u1472201887818698761,bot
1472225966164480010,u1472225966164480010,bot
1472233065720127493,u1472233065720127493,bot
1472238602310459392,u1472238602310459392,bot
1472283656593027074,u1472283656593027074,bot
1472306057682714627,u1472306057682714627,bot
1472459448643903488,u1472459448643903488,bot
1472465010626420736,u1472465010626420736,bot
1472491387191164928,u1472491387191164928,bot
1472502386929324033,u1472502386929324033,bot
1472540695277809668,u1472540695277809668,bot
1472559750877528064,u1472559750877528064,bot
1472568220850831370,u1472568220850831370,human
1472605633648148489,u1472605633648148489,bot
1472673819609473030,u1472673819609473030,human
1472763103901274115,u1472763103901274115,bot
1472812095326818305,u1472812095326818305,bot
1472818580798554112,u1472818580798554112,bot
1472838603558592512,u1472838603558592512,human
1472874796522229762,u1472874796522229762,human
1472892619655036933,u1472892619655036933,bot
1472966347479044108,u1472966347479044108,bot
1472985181560578048,u1472985181560578048,human
1472993677723189249,u1472993677723189249,human
1473125681848586245,u1473125681848586245,human
1473246387085012993,u1473246387085012993,human
1473252752943984640,u1473252752943984640,bot
1473259203531792390,u1473259203531792390,human
1473265249272872971,u1473265249272872971,human
1473265485726760963,u1473265485726760963,bot
1473345704705810444,u1473345704705810444,human
1473378385070018560,u1473378385070018560,human
1473379411512553476,u1473379411512553476,bot
1473399187261866002,u1473399187261866002,bot
1473417218591322121,u1473417218591322121,human
1473423438131843072,u1473423438131843072,human
1473479651603279879,u1473479651603279879,human
1473546582264004610,u1473546582264004610,human
1473551881708396546,u1473551881708396546,bot
1473574175050661893,u1473574175050661893,bot
1473576085350543361,u1473576085350543361,bot
1473592396843728899,u1473592396843728899,human
1473621037057257475,u1473621037057257475,human
1473683233871179787,u1473683233871179787,human
1473703995428544517,u1473703995428544517,bot
1473801806920798216,u1473801806920798216,bot
1473830662184574976,u1473830662184574976,human
1473908986021924866,u1473908986021924866,human
1473918831269715972,u1473918831269715972,bot
1473936525587062785,u1473936525587062785,bot
1474120844280578054,u1474120844280578054,bot
1474137003784474626,u1474137003784474626,human
1474152303598862339,u1474152303598862339,bot
1474203234185138181,u1474203234185138181,bot
1474249595932848133,u1474249595932848133,bot
1474288147907301377,u1474288147907301377,bot
1474291315005587458,u1474291315005587458,bot
1474376795965165569,u1474376795965165569,bot
1474434951554678785,u1474434951554678785,bot
1474438215541170181,u1474438215541170181,human
1474452827049234435,u1474452827049234435,human
1474457963733688320,u1474457963733688320,bot
1474602062847508483,u1474602062847508483,bot
1474731527615303685,u1474731527615303685,bot
1474773370021367810,u1474773370021367810,human
1474779569228025859,u1474779569228025859,bot
1474793192163733508,u1474793192163733508,bot
1474808502895927306,u1474808502895927306,bot
1474808681602682880,u1474808681602682880,bot
1474818432952639489,u1474818432952639489,bot
1474833580094148609,u1474833580094148609,human
1474844043897151497,u1474844043897151497,bot
1474869984979521538,u1474869984979521538,bot
1475009845249986560,u1475009845249986560,bot
1475071302587371530,u1475071302587371530,human
1475087014802640904,u1475087014802640904,human
1475101296520830982,u1475101296520830982,human
1475173752635748352,u1475173752635748352,bot
1475215989742702596,u1475215989742702596,bot
1475241763442937856,u1475241763442937856,bot
1475276790579044352,u1475276790579044352,bot
1475302189459329028,u1475302189459329028,bot
1475304915236896769,u1475304915236896769,bot
1475325592958427136,u1475325592958427136,bot
1475407786104270851,u1475407786104270851,bot
1475456737641742336,u1475456737641742336,bot
1475463078988992514,u1475463078988992514,human
1475499982652387328,u1475499982652387328,human
1475505908377653254,u1475505908377653254,bot
1475556422364672000,u1475556422364672000,bot
1475601536730419204,u1475601536730419204,bot
1475607784733487108,u1475607784733487108,bot
1475628038872252424,u1475628038872252424,bot
1475666054097653764,u1475666054097653764,bot
1475713573204680704,u1475713573204680704,bot
1475781930054561792,u1475781930054561792,bot
1475783360463073282,u1475783360463073282,bot
1475861915318558734,u1475861915318558734,bot
1475893063360729089,u1475893063360729089,bot
1476024875076796420,u1476024875076796420,bot
1476079717967036417,u1476079717967036417,human
1476091907566538753,u1476091907566538753,bot
1476113984755572743,u1476113984755572743,bot
1476163222805925894,u1476163222805925894,bot
1476191805364396038,u1476191805364396038,bot
1476245518896435204,u1476245518896435204,bot
1476254370824015875,u1476254370824015875,bot
1476285419637587968,u1476285419637587968,bot
1476293274444914694,u1476293274444914694,bot
1476368906218524673,u1476368906218524673,bot
1476438740406992904,u1476438740406992904,bot
1476488528821428227,u1476488528821428227,bot
1476499156864700421,u1476499156864700421,bot
1476499548633710593,u1476499548633710593,bot
1476675987924348948,u1476675987924348948,bot
1476683005582266370,u1476683005582266370,bot
1476692379277172738,u1476692379277172738,bot
1476718109721513991,u1476718109721513991,bot
1476727057589678081,u1476727057589678081,bot
1476742009276747802,u1476742009276747802,bot
1476748024223350784,u1476748024223350784,bot
1476749714603266048,u1476749714603266048,bot
1476783449683996689,u1476783449683996689,bot
1476798799599202305,u1476798799599202305,bot
1476802273376407555,u1476802273376407555,bot
1476806684265832459,u1476806684265832459,bot
1476810766309224449,u1476810766309224449,bot
1476814168485367809,u1476814168485367809,human
1476824363638927360,u1476824363638927360,bot
1476847226127204353,u1476847226127204353,bot
1476872303547981825,u1476872303547981825,bot
1476879973231247385,u1476879973231247385,bot
1476887199991750660,u1476887199991750660,bot
1476890322970066944,u1476890322970066944,bot
1476898905677701120,u1476898905677701120,bot
1476935691426689026,u1476935691426689026,bot
1476938582510084102,u1476938582510084102,bot
1476954648862867457,u1476954648862867457,bot
1476961989331079173,u1476961989331079173,human
1477012303547707401,u1477012303547707401,bot
1477048511652929545,u1477048511652929545,bot
1477158493228519427,u1477158493228519427,bot
1477170721340149760,u1477170721340149760,bot
1477195944953188354,u1477195944953188354,bot
1477208944833564672,u1477208944833564672,human
1477211632422072323,u1477211632422072323,bot
1477310462513537025,u1477310462513537025,bot
1477310889523044352,u1477310889523044352,bot
1477345661813239811,u1477345661813239811,bot
1477360939099987973,u1477360939099987973,bot
1477364163819282439,u1477364163819282439,human
1477373168486653952,u1477373168486653952,bot
1477386176906547205,u1477386176906547205,bot
1477473248950501381,u1477473248950501381,bot
1477474493962457088,u1477474493962457088,bot
1477514023465672704,u1477514023465672704,bot
1477597106160418816,u1477597106160418816,bot
1477675957377179648,u1477675957377179648,bot
1477698082280202241,u1477698082280202241,bot
1477709177346736142,u1477709177346736142,human
1477727281074352129,u1477727281074352129,bot
1477736969224478725,u1477736969224478725,bot
1477743020145471488,u1477743020145471488,bot
1477764561960935430,u1477764561960935430,bot
1477812003792355331,u1477812003792355331,bot
1477819637857492997,u1477819637857492997,bot
1478003181749743616,u1478003181749743616,bot
1478051510185463809,u1478051510185463809,bot
1478084609627721728,u1478084609627721728,bot
1478100370756980736,u1478100370756980736,bot
1478111459389415429,u1478111459389415429,bot
1478135945685782529,u1478135945685782529,bot
1478150126170484737,u1478150126170484737,human
1478202388242649089,u1478202388242649089,bot
1478229072576593921,u1478229072576593921,human
1478241228743454722,u1478241228743454722,bot
1478380706095112195,u1478380706095112195,bot
1478433543470596109,u1478433543470596109,human
1478452216671391744,u1478452216671391744,human
1478455817766686727,u1478455817766686727,bot
1478510368695672832,u1478510368695672832,bot
1478543639315898370,u1478543639315898370,bot
1478568856562151424,u1478568856562151424,human
1478614364487766016,u1478614364487766016,bot
1478621462235856900,u1478621462235856900,bot
1478719840202416143,u1478719840202416143,bot
1478724611751612418,u1478724611751612418,human
1478741719986454528,u1478741719986454528,bot
1478744084500078593,u1478744084500078593,bot
1478771115640209418,u1478771115640209418,bot
1478772435830951941,u1478772435830951941,bot
1478784043105894403,u1478784043105894403,human
1478815066103418887,u1478815066103418887,human
1478821353243480069,u1478821353243480069,bot
1478840561205485571,u1478840561205485571,bot
1478864860033261571,u1478864860033261571,bot
1478935415608520710,u1478935415608520710,bot
1478977490098204673,u1478977490098204673,bot
1478978700645318657,u1478978700645318657,human
1479035444029530118,u1479035444029530118,bot
1479038089024741378,u1479038089024741378,bot
1479053350062723073,u1479053350062723073,bot
1479091338268266497,u1479091338268266497,bot
1479095035945795585,u1479095035945795585,human
1479095233954533376,u1479095233954533376,bot
1479111533338587139,u1479111533338587139,bot
1479125042600591360,u1479125042600591360,bot
1479160683103096834,u1479160683103096834,bot
1479162378222804999,u1479162378222804999,bot
1479166247443079168,u1479166247443079168,bot
1479205074073055232,u1479205074073055232,bot
1479217665138954240,u1479217665138954240,bot
1479228266355507203,u1479228266355507203,bot
1479250401610321923,u1479250401610321923,bot
1479250696352456713,u1479250696352456713,bot
1479265219839164417,u1479265219839164417,human
1479300886887387142,u1479300886887387142,bot
1479337198646218753,u1479337198646218753,bot
1479342833718996992,u1479342833718996992,bot
1479347643432198145,u1479347643432198145,bot
1479349938404605953,u1479349938404605953,bot
1479352218776076288,u1479352218776076288,bot
1479367559497404419,u1479367559497404419,human
1479370344574115843,u1479370344574115843,bot
1479424991011774464,u1479424991011774464,human
1479433292290138112,u1479433292290138112,bot
1479436465029672961,u1479436465029672961,bot
1479482090567585792,u1479482090567585792,bot
1479484056060391424,u1479484056060391424,bot
1479488957515583491,u1479488957515583491,bot
1479495413401014278,u1479495413401014278,bot
1479503512572768261,u1479503512572768261,bot
1479508038239326216,u1479508038239326216,bot
1479540956122648578,u1479540956122648578,bot
1479566162019164161,u1479566162019164161,bot
1479620029742211073,u1479620029742211073,bot
1479650228395393024,u1479650228395393024,bot
1479654285793280000,u1479654285793280000,human
1479655931885481984,u1479655931885481984,bot
1479662077509701635,u1479662077509701635,bot
1479689734087593984,u1479689734087593984,bot
1479694450955751424,u1479694450955751424,bot
1479729483695341570,u1479729483695341570,bot
1479732032276099073,u1479732032276099073,bot
1479736412102561792,u1479736412102561792,bot
1479759847478411266,u1479759847478411266,bot
1479791625727578115,u1479791625727578115,human
1479837975823400961,u1479837975823400961,human
1479843530172424195,u1479843530172424195,bot
1479852652150337542,u1479852652150337542,bot
1479876895944712195,u1479876895944712195,bot
1479882442852950023,u1479882442852950023,bot
1479903222798204928,u1479903222798204928,bot
1479912799245590530,u1479912799245590530,bot
1479914610404864004,u1479914610404864004,bot
1479991798030159872,u1479991798030159872,bot
1480034919736754178,u1480034919736754178,bot
1480110613716156419,u1480110613716156419,bot
1480130444259700737,u1480130444259700737,human
1480136860110364677,u1480136860110364677,human
1480145331295866880,u1480145331295866880,human
1480154184708083713,u1480154184708083713,bot
1480154449381261312,u1480154449381261312,bot
1480171272877268994,u1480171272877268994,human
1480178830568480778,u1480178830568480778,bot
1480178948965380096,u1480178948965380096,human
1480195743189286919,u1480195743189286919,bot
1480224474746216452,u1480224474746216452,bot
1480225451872243715,u1480225451872243715,bot
1480236143081771010,u1480236143081771010,bot
1480237257432915977,u1480237257432915977,bot
1480238145346150410,u1480238145346150410,bot
1480258328907419653,u1480258328907419653,human
1480269192637161477,u1480269192637161477,bot
1480273441882312706,u1480273441882312706,bot
1480277845574303744,u1480277845574303744,human
1480290311637245963,u1480290311637245963,bot
1480294393718263809,u1480294393718263809,bot
1480343568443191303,u1480343568443191303,bot
1480345215504470022,u1480345215504470022,human
1480384815694159873,u1480384815694159873,human
1480392588398104577,u1480392588398104577,bot
1480439781641408515,u1480439781641408515,bot
1480441629039337473,u1480441629039337473,human
1480455370233421824,u1480455370233421824,bot
1480475002638065667,u1480475002638065667,bot
1480480873610981376,u1480480873610981376,bot
1480511108104560641,u1480511108104560641,bot
1480521587619241985,u1480521587619241985,human
1480522800347553796,u1480522800347553796,bot
1480527774079148032,u1480527774079148032,bot
1480543395558744069,u1480543395558744069,human
1480566242570289161,u1480566242570289161,bot
1480584143998275584,u1480584143998275584,bot
1480604463907979264,u1480604463907979264,bot
1480610587017191426,u1480610587017191426,bot
1480615420843511814,u1480615420843511814,bot
1480627303218511872,u1480627303218511872,bot
1480632556399824900,u1480632556399824900,bot
1480689124449337349,u1480689124449337349,bot
1480692351974711300,u1480692351974711300,bot
1480708531946864642,u1480708531946864642,bot
1480727106040602631,u1480727106040602631,bot
1480736913594077185,u1480736913594077185,human
1480775408731791364,u1480775408731791364,bot
1480784880820621314,u1480784880820621314,bot
1480815471419174913,u1480815471419174913,bot
1480888008823947265,u1480888008823947265,bot
1480892400197410822,u1480892400197410822,human
1480904080738295808,u1480904080738295808,bot
1480939368437235721,u1480939368437235721,human
1480949644314169351,u1480949644314169351,bot
1480981596325003268,u1480981596325003268,human
1481003954339299335,u1481003954339299335,bot
1481022349616975872,u1481022349616975872,bot
1481096364172148739,u1481096364172148739,bot
1481134275361705984,u1481134275361705984,bot
1481144261613662216,u1481144261613662216,bot
1481175947713912833,u1481175947713912833,bot
1481186127742525443,u1481186127742525443,bot
1481206510646661122,u1481206510646661122,bot
1481260449740263432,u1481260449740263432,bot
1481263271093190658,u1481263271093190658,bot
1481274903722864643,u1481274903722864643,human
1481319442265034758,u1481319442265034758,bot
1481322928826421254,u1481322928826421254,human
1481326213423669248,u1481326213423669248,bot
1481337703379742724,u1481337703379742724,bot
1481366480524611589,u1481366480524611589,bot
1481406141913612294,u1481406141913612294,bot
1481416053947531265,u1481416053947531265,bot
1481492778370674692,u1481492778370674692,bot
1481503624102658050,u1481503624102658050,bot
1481531297445163008,u1481531297445163008,bot
1481532702994087939,u1481532702994087939,human
1481554033970233349,u1481554033970233349,human
1481586362549940228,u1481586362549940228,bot
1481591373581402113,u1481591373581402113,bot
1481591980438265864,u1481591980438265864,bot
1481621706490126339,u1481621706490126339,bot
1481630690126942208,u1481630690126942208,human
1481646444646105088,u1481646444646105088,bot
1481654025317535747,u1481654025317535747,bot
1481658383560282114,u1481658383560282114,human
1481662743614824450,u1481662743614824450,bot
1481732284487286791,u1481732284487286791,bot
1481736269290000395,u1481736269290000395,bot
1481775243068801024,u1481775243068801024,human
1481781589088645121,u1481781589088645121,bot
1481792949843279872,u1481792949843279872,human
1481879271467630597,u1481879271467630597,bot
1481903182540427265,u1481903182540427265,bot
1481942029986934791,u1481942029986934791,human
1481942323580006401,u1481942323580006401,human
1481958331182985218,u1481958331182985218,bot
1481975241874485248,u1481975241874485248,bot
1482023650656198667,u1482023650656198667,human
1482029902706917376,u1482029902706917376,human
1482079866505904132,u1482079866505904132,bot
1482087853978968065,u1482087853978968065,human
1482089497345019912,u1482089497345019912,bot
1482152804470988800,u1482152804470988800,bot
1482179212337610756,u1482179212337610756,bot
1482250970012983296,u1482250970012983296,bot
1482262234705567744,u1482262234705567744,bot
1482285904702152707,u1482285904702152707,human
1482291039645880322,u1482291039645880322,bot
1482306491986366465,u1482306491986366465,bot
1482334507168632832,u1482334507168632832,bot
1482356559443533831,u1482356559443533831,bot
1482360130427449345,u1482360130427449345,human
1482373674431029250,u1482373674431029250,bot
1482385417207001090,u1482385417207001090,human
1482392012284383235,u1482392012284383235,bot
1482435755255676929,u1482435755255676929,bot
1482439561687048195,u1482439561687048195,human
1482451722144563201,u1482451722144563201,bot
1482460287328468994,u1482460287328468994,bot
1482461213258887178,u1482461213258887178,bot
1482471344646283276,u1482471344646283276,bot
1482484297709674496,u1482484297709674496,human
1482501784706830337,u1482501784706830337,bot
1482510339514454018,u1482510339514454018,bot
1482534552719572993,u1482534552719572993,human
1482593335705583620,u1482593335705583620,bot
1482596423036465152,u1482596423036465152,bot
1482607249109438464,u1482607249109438464,human
1482625387607773184,u1482625387607773184,bot
1482704856246898691,u1482704856246898691,bot
1482705483718926336,u1482705483718926336,bot
1482734595661520898,u1482734595661520898,bot
1482738967238025218,u1482738967238025218,human
1482765159693451264,u1482765159693451264,bot
1482806262567870469,u1482806262567870469,bot
1482821572113043457,u1482821572113043457,bot
1482846157936148485,u1482846157936148485,bot
1482860853301248002,u1482860853301248002,bot
1482893911953907712,u1482893911953907712,bot
1482927025342062593,u1482927025342062593,human
1482943549649784834,u1482943549649784834,human
1482960439873085441,u1482960439873085441,bot
1482961190913720320,u1482961190913720320,human
1482978213190062081,u1482978213190062081,bot
1482991516649930754,u1482991516649930754,bot
1483001457276493835,u1483001457276493835,bot
1483004558096101378,u1483004558096101378,bot
1483009608914456576,u1483009608914456576,human
1483010766228066306,u1483010766228066306,human
1483023836954173441,u1483023836954173441,human
1483024082358747136,u1483024082358747136,bot
1483030583437856774,u1483030583437856774,bot
1483040132546633732,u1483040132546633732,bot
1483047400214249473,u1483047400214249473,human
1483060728592490498,u1483060728592490498,bot
1483070738043219974,u1483070738043219974,human
1483075551283888132,u1483075551283888132,human
1483077297083142145,u1483077297083142145,human
1483081176181100550,u1483081176181100550,bot
1483092220060516354,u1483092220060516354,bot
1483120032011804672,u1483120032011804672,human
1483142928713326601,u1483142928713326601,bot
1483148379538423809,u1483148379538423809,human
1483152992471863306,u1483152992471863306,bot
1483160151452487694,u1483160151452487694,bot
1483176533133045773,u1483176533133045773,bot
1483210098050752516,u1483210098050752516,human
1483217428779831299,u1483217428779831299,bot
1483219577345609732,u1483219577345609732,human
1483239583089315849,u1483239583089315849,bot
1483249545324679170,u1483249545324679170,bot
1483265729797500936,u1483265729797500936,human
1483279570124120064,u1483279570124120064,bot
1483281344528805889,u1483281344528805889,bot
1483305714722426882,u1483305714722426882,bot
1483353495206264837,u1483353495206264837,bot
1483366284511580162,u1483366284511580162,bot
1483376964534734851,u1483376964534734851,bot
1483398326326337538,u1483398326326337538,human
1483409109886316547,u1483409109886316547,bot
1483414655590666244,u1483414655590666244,human
1483417041407250433,u1483417041407250433,bot
1483418414534307845,u1483418414534307845,human
1483420706033774592,u1483420706033774592,bot
1483445605506908161,u1483445605506908161,bot
1483449127535091713,u1483449127535091713,human
1483466119495274497,u1483466119495274497,bot
1483484336737632256,u1483484336737632256,bot
1483489583866208266,u1483489583866208266,human
1483498752807690241,u1483498752807690241,bot
1483502774478331907,u1483502774478331907,bot
1483509494994898951,u1483509494994898951,bot
1483518988172865545,u1483518988172865545,human
1483524466261086209,u1483524466261086209,bot
1483528361813196801,u1483528361813196801,bot
1483630501734748162,u1483630501734748162,bot
1483631434128674828,u1483631434128674828,human
1483643451048562688,u1483643451048562688,bot
1483648111704969219,u1483648111704969219,bot
1483649149354397700,u1483649149354397700,bot
1483693533638926338,u1483693533638926338,human
1483695216825872385,u1483695216825872385,bot
1483700598944022529,u1483700598944022529,bot
1483720488010776579,u1483720488010776579,bot
1483728141139210240,u1483728141139210240,bot
1483736869984735238,u1483736869984735238,bot
1483741681807769605,u1483741681807769605,human
1483753970854412292,u1483753970854412292,human
1483772843016036353,u1483772843016036353,human
1483778559747502083,u1483778559747502083,human
1483783846055538689,u1483783846055538689,human
1483784990978621442,u1483784990978621442,bot
1483802324489236482,u1483802324489236482,bot
1483804374908424198,u1483804374908424198,bot
1483811696317972481,u1483811696317972481,human
1483811758003605506,u1483811758003605506,bot
1483829697448452097,u1483829697448452097,bot
1483830918792253442,u1483830918792253442,bot
1483845908089479173,u1483845908089479173,human
1483849711920504832,u1483849711920504832,bot
1483851149010776067,u1483851149010776067,human
1483872626892226565,u1483872626892226565,bot
1483897394529853440,u1483897394529853440,bot
1483904697283006468,u1483904697283006468,human
1483904755453808648,u1483904755453808648,bot
1483907406300131328,u1483907406300131328,bot
1483909629524557831,u1483909629524557831,human
1483915722459951110,u1483915722459951110,bot
1483939160687792136,u1483939160687792136,bot
1483966020213784578,u1483966020213784578,human
1483975685689556998,u1483975685689556998,human
1483975835619139586,u1483975835619139586,bot
1483990063394476035,u1483990063394476035,human
1484008999385276417,u1484008999385276417,human
1484012907180576768,u1484012907180576768,human
1484020128442376195,u1484020128442376195,bot
1484030508417708032,u1484030508417708032,bot
1484073705206534149,u1484073705206534149,bot
1484077567888232448,u1484077567888232448,human
1484079482164109314,u1484079482164109314,bot
1484082958168379392,u1484082958168379392,bot
1484088723730055170,u1484088723730055170,human
1484090932177903617,u1484090932177903617,bot
1484103241889910787,u1484103241889910787,human
1484104698114318342,u1484104698114318342,bot
1484114870782271493,u1484114870782271493,bot
1484117328048570374,u1484117328048570374,human
1484129031125716994,u1484129031125716994,human
1484130739369172995,u1484130739369172995,bot
1484140590996545539,u1484140590996545539,human
1484141081591791621,u1484141081591791621,bot
1484142835695857668,u1484142835695857668,bot
1484145651323703297,u1484145651323703297,bot
1484151605960269830,u1484151605960269830,human
1484157114708811778,u1484157114708811778,bot
1484159054440275972,u1484159054440275972,human
1484159274356031489,u1484159274356031489,human
1484162550769995777,u1484162550769995777,bot
1484167143990120456,u1484167143990120456,human
1484167747357532161,u1484167747357532161,bot
1484169249690361859,u1484169249690361859,bot
1484169471661064196,u1484169471661064196,human
1484172970624897027,u1484172970624897027,human
1484174589047443465,u1484174589047443465,bot
1484180422296686597,u1484180422296686597,human
1484181374873464834,u1484181374873464834,bot
1484194501337907205,u1484194501337907205,bot
1484194986505629700,u1484194986505629700,human
1484200083939680257,u1484200083939680257,human
1484202036606353414,u1484202036606353414,bot
1484208135409922048,u1484208135409922048,bot
1484209324847099906,u1484209324847099906,human
1484211217539682311,u1484211217539682311,bot
1484212318175125510,u1484212318175125510,human
1484217295178280961,u1484217295178280961,bot
1484220808956452866,u1484220808956452866,bot
1484221770634653698,u1484221770634653698,bot
1484222680861716485,u1484222680861716485,human
1484243472475463680,u1484243472475463680,bot
1484243495283879936,u1484243495283879936,human
1484251888908439556,u1484251888908439556,bot
1484258933573304326,u1484258933573304326,human
1484279772641439745,u1484279772641439745,bot
1484293004680642564,u1484293004680642564,bot
1484297544867926016,u1484297544867926016,bot
1484312028798136321,u1484312028798136321,bot
1484325974061682688,u1484325974061682688,bot
1484330702321586176,u1484330702321586176,bot
1484340868375285762,u1484340868375285762,bot
1484352796606402560,u1484352796606402560,bot
1484369797924397056,u1484369797924397056,bot
1484373609908883458,u1484373609908883458,human
1484381696678313987,u1484381696678313987,bot
1484411338646556672,u1484411338646556672,human
1484416135965597698,u1484416135965597698,bot
1484422936526303233,u1484422936526303233,bot
1484425095850434561,u1484425095850434561,human
1484429769999814656,u1484429769999814656,human
1484432914763108356,u1484432914763108356,bot
1484435960138014721,u1484435960138014721,human
1484439478760574976,u1484439478760574976,bot
1484443863519735808,u1484443863519735808,human
1484450777514975240,u1484450777514975240,bot
1484460085770338304,u1484460085770338304,human
1484462953923547137,u1484462953923547137,bot
1484463153299742721,u1484463153299742721,human
1484466170954756099,u1484466170954756099,human
1484469906607382532,u1484469906607382532,human
1484470807623606278,u1484470807623606278,bot
1484471406985297925,u1484471406985297925,bot
1484481222550032390,u1484481222550032390,bot
1484483347623686146,u1484483347623686146,human
1484484356236357632,u1484484356236357632,bot
1484494916235538434,u1484494916235538434,human
1484497533783134208,u1484497533783134208,human
1484497960985677825,u1484497960985677825,bot
1484498765562232837,u1484498765562232837,bot
1484499961597333509,u1484499961597333509,human
1484507750302429187,u1484507750302429187,bot
1484519242452156419,u1484519242452156419,bot
1484519656392372228,u1484519656392372228,bot
1484541884185911298,u1484541884185911298,bot
1484553425769877506,u1484553425769877506,bot
1484556744315801600,u1484556744315801600,bot
1484578456113491969,u1484578456113491969,bot
1484590261074284551,u1484590261074284551,bot
1484593723929419777,u1484593723929419777,bot
1484594918307860482,u1484594918307860482,bot
1484596083825205254,u1484596083825205254,bot
1484606715119419392,u1484606715119419392,bot
1484659257014472708,u1484659257014472708,bot
1484666035441737736,u1484666035441737736,bot
1484674907581476865,u1484674907581476865,bot
1484697879759499264,u1484697879759499264,bot
1484755513111977984,u1484755513111977984,bot
1484755590589124611,u1484755590589124611,bot
1484773063669399552,u1484773063669399552,bot
1484811330855239682,u1484811330855239682,bot
1484858078336106497,u1484858078336106497,bot
1484888471278059523,u1484888471278059523,bot
1484890487442087939,u1484890487442087939,bot
1484895873540755462,u1484895873540755462,bot
1484914653335592960,u1484914653335592960,bot
1484917183948144641,u1484917183948144641,bot
1484953753757302790,u1484953753757302790,bot
1484960007489835011,u1484960007489835011,bot
1484993899978448899,u1484993899978448899,bot
1485023234865172480,u1485023234865172480,bot
1485044824768192516,u1485044824768192516,bot
1485048972955856899,u1485048972955856899,bot
1485119081783373824,u1485119081783373824,bot
1485136663923892227,u1485136663923892227,bot
1485167205813608448,u1485167205813608448,bot
1485171736798810112,u1485171736798810112,bot
1485178526991269892,u1485178526991269892,bot
1485178740586217476,u1485178740586217476,bot
1485189452725170177,u1485189452725170177,bot
1485210432554119171,u1485210432554119171,bot
1485237549404913668,u1485237549404913668,bot
1485247676597813248,u1485247676597813248,bot
1485251547848409094,u1485251547848409094,bot
1485260956401819648,u1485260956401819648,bot
1485329803825790981,u1485329803825790981,bot
1485350607351394306,u1485350607351394306,bot
1485358154368049156,u1485358154368049156,bot
1485370527225110538,u1485370527225110538,bot
1485408917383438338,u1485408917383438338,bot
1485463214875942915,u1485463214875942915,bot
1485466695837925376,u1485466695837925376,bot
1485467555162910721,u1485467555162910721,bot
1485468976826118145,u1485468976826118145,bot
1485483392590565379,u1485483392590565379,bot
1485557750004391937,u1485557750004391937,bot
1485621726268608521,u1485621726268608521,bot
1485646011909423111,u1485646011909423111,bot
1485649720664023041,u1485649720664023041,bot
1485658999588638727,u1485658999588638727,bot
1485693058897387523,u1485693058897387523,bot
1485731149980651520,u1485731149980651520,bot
1485827088225423366,u1485827088225423366,bot
1485974914301579267,u1485974914301579267,bot
1486071355883851776,u1486071355883851776,bot
1486334485008465926,u1486334485008465926,bot
1486395780466315265,u1486395780466315265,bot
1486427522577412101,u1486427522577412101,bot
1486431102231265282,u1486431102231265282,bot
1486435330676989960,u1486435330676989960,bot
1486671432314912768,u1486671432314912768,bot
1486721543933595651,u1486721543933595651,bot
1486802067444441096,u1486802067444441096,bot
1486932834874888192,u1486932834874888192,bot
1486981722428395526,u1486981722428395526,bot
1486989584412168193,u1486989584412168193,bot
1486991020424581122,u1486991020424581122,bot
1487047363499753476,u1487047363499753476,bot
1487052311381774337,u1487052311381774337,bot
1487087792710733828,u1487087792710733828,bot
1487115376135651329,u1487115376135651329,bot
1487220945509142538,u1487220945509142538,bot
1487350131003326465,u1487350131003326465,bot
1487422158015971335,u1487422158015971335,bot
1487513039842676737,u1487513039842676737,bot
1487604975043756033,u1487604975043756033,bot
1487673061276979201,u1487673061276979201,bot
1487688125925056517,u1487688125925056517,bot
1487701251374477312,u1487701251374477312,bot
1487841820528857096,u1487841820528857096,bot
1487953001532645381,u1487953001532645381,bot
1488008159344017410,u1488008159344017410,bot
1488120346431881219,u1488120346431881219,bot
1488162528144203776,u1488162528144203776,bot
1488232688528072704,u1488232688528072704,bot
1488268212752076804,u1488268212752076804,bot
1488396328333807616,u1488396328333807616,bot
1488409157623558144,u1488409157623558144,bot
1488507996179214340,u1488507996179214340,bot
1488508757617553410,u1488508757617553410,bot
1488522645830262784,u1488522645830262784,bot
1488622264853549056,u1488622264853549056,bot
1488633392157634563,u1488633392157634563,bot
1488664754029748227,u1488664754029748227,bot
1488827961377800194,u1488827961377800194,bot
1488907727174778884,u1488907727174778884,bot
1488966122888126471,u1488966122888126471,bot
1489086742481174531,u1489086742481174531,bot
1489111269772644354,u1489111269772644354,bot
1489114486510440451,u1489114486510440451,bot
1489121112491388935,u1489121112491388935,bot
1489254572790988822,u1489254572790988822,bot
1489341903954923531,u1489341903954923531,bot
1489457282987749376,u1489457282987749376,bot
1489485293824581634,u1489485293824581634,bot
1489530768367841281,u1489530768367841281,bot
1489534935618793474,u1489534935618793474,bot
1489546477076578308,u1489546477076578308,bot
1489548712556863494,u1489548712556863494,bot
1489567747830804480,u1489567747830804480,bot
1489616913902837761,u1489616913902837761,bot
1489792909851471874,u1489792909851471874,bot
1489810845563441154,u1489810845563441154,bot
1489826520654823424,u1489826520654823424,bot
1489844775411154944,u1489844775411154944,bot
1489844840787369986,u1489844840787369986,bot
1490189525498228739,u1490189525498228739,bot
1490323873765625858,u1490323873765625858,bot
1490347165033861120,u1490347165033861120,bot
1490405892927500294,u1490405892927500294,bot
1490717413754634247,u1490717413754634247,bot
1490727486640226304,u1490727486640226304,bot
1490840271311060992,u1490840271311060992,bot
1490841720166264832,u1490841720166264832,bot
1490905188982534151,u1490905188982534151,bot
1491033097873149953,u1491033097873149953,bot
1491060549202890765,u1491060549202890765,bot
1491067107223937026,u1491067107223937026,bot
1491107535557992449,u1491107535557992449,bot
1491122255182667784,u1491122255182667784,bot
1491155429455548429,u1491155429455548429,bot
1491375801337536513,u1491375801337536513,bot
1491447259631865859,u1491447259631865859,bot
1492165241429377024,u1492165241429377024,bot
1492260813989629953,u1492260813989629953,bot
1492412683823374339,u1492412683823374339,bot
1492673182998106113,u1492673182998106113,bot
1492787693234704386,u1492787693234704386,bot
1492789335413837826,u1492789335413837826,bot
1493112658765430784,u1493112658765430784,bot
1493459287829585922,u1493459287829585922,bot
1493524140522827778,u1493524140522827778,bot
1493542630340374534,u1493542630340374534,bot
1493585321044242432,u1493585321044242432,bot
1493607004656615428,u1493607004656615428,bot
1494021868822671368,u1494021868822671368,bot
1494045430195306506,u1494045430195306506,bot
1494230098106621953,u1494230098106621953,bot
1494274397523296257,u1494274397523296257,bot
1495092248563929088,u1495092248563929088,bot
1495805318269489155,u1495805318269489155,bot
1501163545786032133,u1501163545786032133,bot
1502820136746721281,u1502820136746721281,bot
1503196765557829639,u1503196765557829639,bot
