id,split
u12,train
u58,train
u59,train
u60,train
u76,train
u324,train
u1000,train
u3526,train
u5413,train
u6958,train
u10078,train
u12831,train
u25763,train
u26853,train
u30973,train
u37563,train
u79543,train
u163233,train
u167873,train
u652193,train
u659933,train
u661403,train
u686573,val
u709143,train
u742143,train
u744613,train
u755113,train
u756129,train
u759251,train
u763489,train
u763893,train
u765845,train
u767396,train
u772697,train
u783214,train
u794801,train
u794815,train
u795649,train
u806133,train
u807095,train
u813286,train
u813453,train
u817062,train
u823083,train
u882601,train
u905201,train
u939091,train
u1044241,train
u1112211,test
u1159251,train
u1222751,train
u1246421,train
u1314101,train
u1368571,train
u1670611,train
u1688351,train
u1716121,train
u1769191,train
u1857421,train
u1877831,train
u1899161,train
u1940851,train
u2182641,train
u2345021,train
u2400261,train
u2480951,train
u2518321,train
u2529971,train
u2816411,train
u2884771,train
u2919151,train
u3094891,train
u3108351,train
u3197361,train
u3291691,train
u3343061,train
u3365101,train
u3393521,train
u3439471,train
u3704391,train
u3906531,train
u4338481,train
u4366791,train
u4390791,train
u4939401,train
u5383942,train
u5399142,train
u5402612,train
u5404442,train
u5408622,train
u5750832,train
u5776022,train
u5817372,train
u5911892,train
u5932762,train
u5972702,train
u5988912,train
u6081842,train
u6096152,train
u6182852,train
u6186292,train
u6334772,train
u6392972,train
u6430402,train
u6508432,train
u6535212,train
u6539592,train
u6549332,train
u6819732,train
u7025662,train
u7085652,test
u7102662,train
u7119702,train
u7138382,train
u7144422,train
u7202792,train
u7266412,train
u7304182,train
u7426632,train
u7434272,train
u7450112,train
u7537892,train
u7587032,train
u7597362,train
u7626982,train
u7637292,train
u7712452,train
u7918722,train
u7994062,train
u8111452,train
u8128442,train
u8146692,train
u8198012,train
u8350912,train
u8383522,train
u8457092,train
u8479062,train
u8594952,train
u8612022,train
u8662382,test
u8724862,train
u8802752,train
u8922602,train
u8932272,train
u9015512,train
u9039652,train
u9128312,test
u9184682,train
u9207632,train
u9241622,train
u9274232,train
u9274272,test
u9283012,test
u9289952,train
u9307792,train
u9313142,train
u9475182,train
u9534522,train
u9604032,train
u9624132,val
u9629072,train
u9655032,train
u9670742,train
u9720292,train
u9776092,train
u9893002,train
u9953752,train
u10022442,train
u10053692,train
u10078042,train
u10129132,train
u10264542,train
u10285352,train
u10486052,train
u10834752,train
u10973822,train
u11067002,train
u11176182,train
u11177042,train
u11178672,train
u11253262,train
u11335142,train
u11347122,train
u11348282,train
u11518572,train
u11530192,val
u11728992,train
u11735032,train
u11752272,train
u11833602,train
u12238092,train
u12257312,train
u12340562,train
u12366502,train
u12413032,train
u12414242,train
u12425912,train
u12436452,train
u12513592,train
u12662202,train
u12746492,train
u12755622,train
u12795622,train
u12822182,train
u12901712,train
u12981872,train
u13084492,val
u13434452,train
u13475852,train
u13655672,train
u13678962,train
u13727002,train
u13745872,train
u13824412,train
u13834162,train
u13914392,train
u14055820,train
u14071770,train
u14075928,train
u14077382,train
u14093293,train
u14095344,train
u14103251,train
u14108832,train
u14115912,train
u14120922,train
u14126475,train
u14132188,train
u14143782,test
u14149412,test
u14150274,test
u14151850,train
u14155907,train
u14156510,train
u14158301,train
u14166395,test
u14167540,train
u14176770,train
u14192174,train
u14196058,train
u14205757,train
u14207787,train
u14214987,val
u14216123,train
u14226315,train
u14227439,test
u14229400,train
u14230524,train
u14234136,train
u14238165,train
u14243046,train
u14249000,train
u14259237,train
u14265755,train
u14274428,train
u14275261,train
u14275851,val
u14277135,train
u14278978,train
u14293310,train
u14299324,train
u14310733,train
u14324215,train
u14328711,train
u14332898,train
u14333758,train
u14335235,test
u14335498,train
u14336304,train
u14337607,val
u14338147,train
u14341961,train
u14343009,test
u14344469,train
u14351515,train
u14360757,train
u14361941,train
u14364397,train
u14364522,test
u14364834,val
u14368074,train
u14392366,train
u14408924,train
u14432088,train
u14432679,train
u14453529,train
u14462439,train
u14506253,train
u14510678,train
u14511951,train
u14516013,train
u14522546,test
u14522928,train
u14528306,train
u14532620,train
u14541608,train
u14553715,train
u14573900,train
u14590010,train
u14592271,train
u14615871,train
u14620544,train
u14620753,train
u14628562,train
u14638790,train
u14642495,train
u14646003,train
u14647570,train
u14652182,train
u14654827,val
u14661906,train
u14664218,train
u14666934,train
u14667504,test
u14694914,train
u14697575,train
u14700258,train
u14701312,test
u14702032,train
u14709964,train
u14711301,train
u14716617,test
u14726803,train
u14735024,test
u14755464,train
u14756199,train
u14762857,test
u14763734,train
u14772775,train
u14787893,train
u14788268,train
u14789042,train
u14801869,train
u14820036,train
u14823322,test
u14825162,test
u14834340,train
u14834896,test
u14837164,train
u14839109,train
u14849588,train
u14849633,train
u14860656,train
u14863134,train
u14867606,train
u14868319,train
u14879097,train
u14903380,train
u14914101,train
u14914177,train
u14914457,train
u14927543,train
u14930085,train
u14959533,train
u14961859,train
u14962763,train
u14964702,train
u14968475,train
u14971237,train
u14973933,val
u14986849,val
u14989146,test
u15027166,train
u15029259,test
u15032122,train
u15040978,train
u15066958,train
u15068044,train
u15074223,train
u15074603,train
u15077131,train
u15078456,train
u15083635,train
u15084853,train
u15084892,val
u15088845,train
u15098792,train
u15099526,val
u15133767,train
u15134240,train
u15135596,train
u15139452,train
u15143478,train
u15146062,train
u15148416,val
u15150905,train
u15160540,val
u15169907,train
u15172080,val
u15173416,train
u15184249,train
u15197121,train
u15203678,train
u15210670,train
u15211869,train
u15215465,train
u15221598,train
u15225375,train
u15225512,train
u15226458,train
u15231287,train
u15239882,train
u15240227,train
u15241557,train
u15245653,train
u15248373,test
u15255245,train
u15255621,train
u15298613,test
u15301646,train
u15307479,test
u15309611,train
u15312059,train
u15312631,train
u15320426,test
u15325692,train
u15331408,train
u15338284,train
u15339875,train
u15361676,train
u15371334,train
u15377918,train
u15397381,train
u15412281,train
u15431121,test
u15436633,train
u15443861,train
u15446289,train
u15446531,train
u15458694,train
u15474568,train
u15494948,test
u15506669,train
u15507115,train
u15519488,test
u15521075,train
u15522308,train
u15524875,train
u15552773,train
u15556625,train
u15567259,train
u15589496,train
u15595639,train
u15608380,train
u15626406,train
u15637070,test
u15644609,train
u15652787,train
u15669288,train
u15675138,train
u15676284,train
u15680741,train
u15687695,train
u15738974,train
u15762845,train
u15764644,train
u15778644,train
u15807954,train
u15811955,train
u15812228,train
u15823641,train
u15841303,train
u15862891,train
u15864043,train
u15865677,train
u15865878,train
u15866718,train
u15880163,train
u15883300,train
u15918780,train
u15927339,test
u15928832,train
u15933979,train
u15942541,train
u15960453,train
u15976697,train
u15995155,train
u15999501,train
u16012783,train
u16015347,train
u16027500,train
u16028241,train
u16032879,train
u16041053,train
u16054093,train
u16055364,train
u16058266,train
u16060248,train
u16076032,train
u16111910,test
u16113639,train
u16125042,train
u16154539,train
u16156286,test
u16159613,train
u16184644,train
u16187240,train
u16227629,train
u16228257,train
u16232185,train
u16239134,train
u16245822,train
u16261013,train
u16262203,train
u16265002,test
u16280309,test
u16303106,train
u16303211,train
u16314180,train
u16316851,train
u16317593,train
u16325035,train
u16326263,train
u16334009,val
u16361027,val
u16361368,train
u16363771,train
u16365305,train
u16394659,train
u16417874,train
u16423835,test
u16432203,train
u16432584,train
u16444303,train
u16452394,train
u16465385,train
u16504336,val
u16512687,train
u16519650,train
u16520284,train
u16534711,train
u16536844,train
u16538023,train
u16543568,train
u16557127,train
u16557472,train
u16569660,train
u16620874,train
u16630098,train
u16631767,train
u16634904,train
u16637299,train
u16645774,train
u16650886,train
u16659187,train
u16663781,train
u16671869,val
u16674128,train
u16803469,train
u16817883,train
u16827489,train
u16834046,train
u16840155,train
u16859837,train
u16863814,train
u16887429,train
u16930735,train
u16934594,val
u16975270,train
u17002185,train
u17004618,train
u17006319,train
u17019152,train
u17050488,train
u17058103,train
u17065799,train
u17089186,train
u17105619,train
u17133444,train
u17140081,val
u17140359,train
u17154167,train
u17156266,test
u17174309,train
u17174375,train
u17178393,train
u17189394,train
u17196807,train
u17204519,train
u17206739,train
u17215067,test
u17217640,train
u17229748,train
u17264476,train
u17308555,test
u17328600,train
u17337716,train
u17350250,train
u17366048,train
u17371549,train
u17372928,train
u17383073,train
u17393790,train
u17401169,train
u17425538,train
u17427993,train
u17429278,train
u17432252,test
u17435568,train
u17451484,val
u17468298,test
u17469266,train
u17480782,train
u17483462,train
u17487013,train
u17492153,train
u17503069,train
u17503613,train
u17512108,train
u17519054,test
u17526058,train
u17538850,train
u17546776,train
u17556658,train
u17568289,train
u17572957,train
u17593500,train
u17593700,train
u17596622,train
u17629694,val
u17647953,train
u17655617,train
u17666340,train
u17668984,train
u17670329,train
u17676535,train
u17687744,train
u17698956,train
u17713899,train
u17753033,train
u17755145,train
u17773969,train
u17782628,train
u17799702,train
u17802092,train
u17815224,train
u17825445,train
u17866318,train
u17872773,train
u17877850,train
u17899712,train
u17905685,val
u17932796,train
u17938103,train
u17941291,train
u17968901,train
u17985224,train
u17997789,train
u18009781,train
u18017198,train
u18028618,train
u18033591,test
u18033620,train
u18039028,train
u18040878,train
u18050674,val
u18055737,train
u18066440,train
u18069951,train
u18076343,train
u18091808,train
u18091983,train
u18093805,train
u18097495,train
u18103148,train
u18118112,train
u18152658,train
u18159548,train
u18169311,train
u18173452,train
u18182511,train
u18200695,train
u18209795,train
u18215662,train
u18239795,train
u18244120,val
u18244900,test
u18267636,train
u18274363,train
u18290160,train
u18290951,train
u18291856,train
u18323683,train
u18334529,train
u18337507,train
u18342558,train
u18373451,train
u18394907,train
u18396070,train
u18405129,train
u18435068,test
u18491626,train
u18493366,train
u18499709,train
u18501908,test
u18506515,train
u18543360,train
u18568079,train
u18569484,train
u18582998,train
u18587457,train
u18590370,train
u18611591,train
u18617765,train
u18618007,train
u18620933,train
u18681139,train
u18685447,train
u18686907,train
u18710797,train
u18718949,train
u18723397,train
u18737039,train
u18739443,train
u18759465,train
u18762431,train
u18774134,train
u18781343,train
u18783525,train
u18789289,train
u18812180,train
u18814474,val
u18824825,train
u18831926,train
u18834851,train
u18837791,train
u18839785,train
u18844136,val
u18849020,val
u18867631,train
u18885806,train
u18890724,train
u18898143,train
u18904236,val
u18908076,val
u18909155,train
u18921004,train
u18948541,train
u18949076,train
u18963100,train
u18975155,train
u18980215,train
u18989566,train
u18994444,train
u19003043,val
u19035981,train
u19050000,train
u19062096,train
u19066816,val
u19066828,train
u19129898,test
u19161833,train
u19177501,train
u19178148,train
u19196403,train
u19206558,test
u19214870,train
u19234098,train
u19264039,train
u19264383,test
u19268321,train
u19283137,train
u19292942,train
u19307505,train
u19313500,train
u19341833,train
u19344825,train
u19367815,train
u19368377,train
u19384782,train
u19390127,train
u19400223,train
u19402238,train
u19405351,train
u19411809,train
u19418459,train
u19419146,train
u19502805,train
u19539716,train
u19558902,val
u19561805,train
u19562228,train
u19575665,train
u19576639,train
u19585121,train
u19597679,train
u19601239,train
u19608621,train
u19608736,val
u19626411,train
u19654406,train
u19667431,train
u19671793,train
u19682187,train
u19697415,train
u19699682,train
u19700387,train
u19725644,train
u19732234,val
u19751328,train
u19766872,train
u19767193,train
u19778050,train
u19782081,test
u19789439,train
u19805983,train
u19807156,train
u19829477,train
u19837528,train
u19868934,train
u19875276,train
u19895282,train
u19932770,train
u19938223,val
u19947114,train
u19968025,train
u19992041,train
u20015311,train
u20066079,train
u20105502,train
u20167623,test
u20169953,train
u20171302,train
u20176929,train
u20234549,train
u20254396,train
u20261952,train
u20262083,train
u20267484,train
u20269716,train
u20277299,train
u20327119,train
u20336210,train
u20348773,val
u20359253,test
u20391158,train
u20392725,test
u20402945,train
u20405474,train
u20418173,train
u20436059,train
u20437286,train
u20441583,val
u20449650,train
u20459619,train
u20461715,train
u20467331,test
u20479813,train
u20512404,train
u20514113,train
u20520190,val
u20538904,val
u20556674,train
u20562637,train
u20571756,train
u20592859,train
u20597697,train
u20598281,train
u20639553,train
u20643907,train
u20645479,train
u20657343,train
u20659868,train
u20674741,train
u20690800,train
u20708202,train
u20719941,train
u20730929,train
u20803377,train
u20811737,train
u20813318,train
u20815041,train
u20818504,train
u20831552,train
u20837035,train
u20840756,test
u20847263,train
u20870225,train
u20893127,train
u20898564,train
u20930627,train
u20946945,train
u20956144,test
u20961634,train
u20972371,train
u20973267,test
u20974242,train
u20980086,val
u21000730,train
u21059342,train
u21070469,train
u21079420,train
u21083332,train
u21085317,train
u21096896,test
u21098456,train
u21114659,train
u21127724,train
u21128635,train
u21130860,train
u21139586,train
u21160158,test
u21161172,train
u21163279,train
u21164050,train
u21196320,test
u21201150,train
u21203658,train
u21207086,train
u21246224,train
u21247802,train
u21252583,train
u21292523,train
u21351713,train
u21353972,train
u21368059,train
u21376189,train
u21385636,train
u21387755,train
u21401891,train
u21412958,train
u21447363,train
u21450400,train
u21457289,train
u21465365,train
u21513512,train
u21524764,test
u21554037,train
u21713848,train
u21724904,train
u21754153,train
u21791392,train
u21801907,train
u21805707,train
u21810002,train
u21821590,train
u21829466,train
u21846833,train
u21851125,train
u21862217,train
u21870223,train
u21883031,train
u21886081,train
u21891792,train
u21897327,train
u21920591,train
u21981484,train
u21994206,train
u22016237,train
u22033644,test
u22041637,test
u22046728,train
u22050529,train
u22058445,test
u22069326,train
u22070993,val
u22075727,train
u22108567,test
u22111458,train
u22184095,train
u22195472,train
u22202575,val
u22220621,train
u22277264,train
u22294872,train
u22309973,train
u22313111,test
u22330739,train
u22331953,train
u22362095,train
u22365094,train
u22380631,train
u22385548,train
u22396466,train
u22409099,train
u22429979,train
u22433481,train
u22453823,train
u22463885,train
u22491245,train
u22495264,train
u22520000,train
u22526084,train
u22665147,test
u22692199,train
u22708797,train
u22710378,train
u22722428,train
u22763636,train
u22795742,train
u22800231,train
u22809174,train
u22826432,train
u22857842,train
u22870867,train
u22881296,test
u22937232,train
u22961751,train
u22968417,test
u22983825,train
u22992255,val
u22997217,train
u23053980,train
u23076743,train
u23102054,train
u23112236,train
u23117753,train
u23183931,train
u23184468,train
u23186079,train
u23283603,train
u23354435,train
u23406370,val
u23413844,train
u23426889,train
u23483816,train
u23490311,train
u23492901,test
u23504436,train
u23504870,train
u23511272,train
u23519396,train
u23522101,train
u23537407,train
u23544459,train
u23568127,train
u23582412,test
u23615111,train
u23617394,train
u23617671,train
u23671520,train
u23736375,train
u23760802,train
u23779950,train
u23784804,train
u23872089,train
u23874849,train
u23877960,train
u23881510,train
u23886144,train
u23889840,train
u23931368,train
u23970102,train
u23973450,train
u23975401,test
u23989927,train
u24000015,train
u24001655,train
u24019308,train
u24053629,train
u24080232,train
u24100788,val
u24164338,train
u24239110,train
u24239440,train
u24261232,train
u24290348,train
u24291371,train
u24337459,test
u24345965,train
u24417951,train
u24431556,train
u24485171,train
u24627107,val
u24667021,train
u24686694,val
u24695651,train
u24696786,train
u24697856,train
u24707541,train
u24741685,train
u24750798,train
u24759986,train
u24799980,train
u24802521,val
u24868016,train
u24929621,train
u24939988,train
u24942057,train
u24966423,train
u24990179,train
u24996566,train
u25001675,train
u25043563,train
u25048816,train
u25065717,train
u25074746,train
u25092996,train
u25102481,test
u25110374,train
u25148607,train
u25152377,test
u25161572,train
u25178222,train
u25180303,train
u25203361,train
u25222394,train
u25312562,train
u25333609,train
u25336312,test
u25365536,train
u25425436,train
u25427470,train
u25458378,train
u25458534,test
u25484126,train
u25508967,test
u25531757,train
u25546384,train
u25572108,train
u25659663,train
u25660512,val
u25679988,train
u25750434,test
u25776739,train
u25781141,train
u25826425,train
u25864331,train
u25870415,train
u25941665,train
u25971804,train
u25985312,train
u26029528,train
u26054240,train
u26157061,train
u26263965,train
u26270913,train
u26274145,train
u26278755,train
u26304269,train
u26405312,train
u26430416,test
u26507958,train
u26547166,train
u26555611,train
u26565946,train
u26569475,val
u26622137,train
u26646793,train
u26703365,train
u26716739,train
u26760516,train
u26761492,test
u26773740,train
u26792275,train
u26798240,train
u26800326,train
u26817317,train
u26832834,train
u26853353,train
u26865069,train
u26898348,train
u26957422,val
u26959555,train
u27020046,train
u27035865,test
u27048570,train
u27081690,train
u27082834,test
u27120487,val
u27136199,train
u27190288,train
u27193112,train
u27218932,test
u27260086,train
u27288119,train
u27311044,train
u27314542,train
u27321426,train
u27438783,train
u27458234,train
u27460251,train
u27472301,train
u27503534,train
u27570528,train
u27588693,train
u27602873,train
u27628500,val
u27637598,test
u27722659,train
u27762299,train
u27771694,train
u27840752,val
u27847839,test
u27863472,train
u27883145,train
u27884506,train
u27902993,train
u27922157,train
u27928562,test
u27986621,val
u28023025,train
u28023330,train
u28052098,test
u28066831,train
u28085568,train
u28085576,train
u28093810,train
u28101897,val
u28131843,train
u28136504,train
u28150757,train
u28152330,train
u28160998,train
u28164262,train
u28208463,train
u28219278,train
u28263652,train
u28312340,train
u28338567,train
u28351407,train
u28364479,train
u28392516,train
u28414859,train
u28533050,train
u28537021,train
u28609437,train
u28649627,test
u28656166,train
u28657802,train
u28659242,train
u28694307,train
u28756315,train
u28785486,train
u28815816,train
u28818671,test
u28872298,train
u28880964,test
u28896955,train
u28912478,train
u29081571,train
u29096240,train
u29135541,train
u29153471,train
u29171034,train
u29277960,train
u29293942,train
u29312680,train
u29441813,train
u29458079,train
u29465727,train
u29469671,train
u29469782,train
u29532455,train
u29565244,test
u29634515,train
u29646134,val
u29661283,train
u29684499,val
u29741175,train
u29749354,val
u29787324,train
u29808890,train
u29843511,train
u29896200,train
u29936649,train
u29993884,train
u29997510,test
u30027900,train
u30107910,train
u30157023,train
u30161319,train
u30198750,train
u30238024,val
u30252339,train
u30280532,val
u30354991,train
u30364057,train
u30378270,train
u30448409,train
u30631766,train
u30698810,val
u30723561,test
u30743418,train
u30756760,train
u30793425,train
u30849103,train
u30892474,test
u30895481,train
u30933967,test
u30953207,train
u30996479,train
u31095444,train
u31095945,train
u31137628,train
u31159701,val
u31193530,val
u31202482,train
u31209800,train
u31235299,test
u31317745,train
u31339831,train
u31357063,test
u31367001,train
u31372539,train
u31387911,train
u31404872,test
u31433758,train
u31486185,test
u31552610,train
u31599039,train
u31616024,test
u31656892,train
u31667539,train
u31672638,train
u31684550,train
u31697346,test
u31731624,train
u31812497,train
u31855697,train
u31870446,train
u31890255,test
u32033493,train
u32077161,train
u32302688,val
u32327154,test
u32332988,train
u32391374,train
u32422401,test
u32459743,train
u32492934,train
u32538025,train
u32539107,train
u32558931,train
u32660559,train
u32699434,train
u32746100,train
u32774989,train
u32807399,train
u32828680,train
u33009602,train
u33019529,train
u33047126,train
u33049977,test
u33107781,train
u33120630,train
u33145733,train
u33150951,train
u33159033,train
u33159493,train
u33195894,train
u33333620,train
u33434532,train
u33454289,train
u33477135,test
u33588988,train
u33597834,train
u33629621,train
u33656249,train
u33746386,train
u33801164,train
u33807328,val
u33807353,train
u33836629,train
u33838201,train
u33856936,train
u33999090,test
u34019998,train
u34046252,train
u34088191,train
u34204473,test
u34277354,test
u34324846,train
u34570323,train
u34570530,test
u34613288,train
u34615344,train
u34713362,train
u34721674,train
u34729378,test
u34743251,train
u34868965,train
u34907260,train
u34978815,train
u35001456,train
u35024372,test
u35034750,train
u35038449,train
u35048258,val
u35093112,train
u35133495,train
u35173802,test
u35189987,train
u35206553,train
u35243404,train
u35306966,train
u35395142,train
u35410744,train
u35414170,train
u35521239,train
u35623579,train
u35637055,train
u35683594,train
u35708687,test
u35767916,train
u35793151,test
u35853096,train
u35855029,train
u36012050,train
u36025844,train
u36042779,train
u36071768,train
u36093693,train
u36116203,train
u36119612,val
u36128626,train
u36138016,test
u36174953,train
u36191786,train
u36218435,train
u36232215,train
u36258301,train
u36327407,train
u36346494,train
u36369544,val
u36384577,train
u36459955,val
u36471524,train
u36506518,train
u36515907,val
u36524036,train
u36549444,val
u36559152,test
u36587760,train
u36623849,test
u36656597,train
u36667334,train
u36670025,train
u36684314,train
u36717264,train
u36743910,train
u36771809,train
u36812061,train
u36876992,test
u36906151,train
u36924890,test
u36991951,test
u37060788,train
u37075864,train
u37100077,test
u37148105,train
u37148105,train
u37203620,train
u37238862,train
u37240440,train
u37350570,train
u37445241,train
u37492261,train
u37537444,train
u37564255,train
u37630404,train
u37652643,test
u37663488,train
u37681761,train
u37691809,val
u37697706,train
u37700619,train
u37710752,train
u37723353,train
u37774443,train
u37837417,test
u37845769,train
u37860248,train
u37924398,train
u38003983,train
u38048560,train
u38098415,val
u38125226,train
u38177845,train
u38193630,train
u38213866,train
u38254620,train
u38265389,train
u38305485,train
u38322361,train
u38345865,train
u38382649,train
u38430500,train
u38475813,train
u38507415,train
u38519778,train
u38573578,train
u38632527,train
u38647512,train
u38669987,train
u38897222,train
u38900042,train
u38917291,train
u38919625,train
u38937194,train
u39045272,train
u39058378,train
u39082174,train
u39090807,val
u39107724,train
u39222068,train
u39238227,train
u39249110,train
u39250316,train
u39262778,train
u39267864,train
u39389304,train
u39416218,train
u39422048,val
u39451990,test
u39467875,test
u39475170,train
u39511166,train
u39516928,train
u39524012,train
u39568851,train
u39585367,train
u39610093,test
u39669359,val
u39743812,train
u39753069,train
u39753512,train
u39857595,train
u39877653,train
u39909343,train
u39949694,test
u39949694,train
u40014354,train
u40079922,train
u40123125,test
u40139016,train
u40156330,train
u40256945,test
u40281983,train
u40309270,train
u40319114,train
u40336528,train
u40419766,test
u40421303,train
u40439812,train
u40533188,train
u40541689,val
u40643519,test
u40703088,train
u40816180,train
u40839292,train
u40854900,train
u40883961,train
u40884854,train
u40890184,train
u40932114,train
u41002726,train
u41076417,test
u41102519,train
u41127954,train
u41210876,train
u41261565,test
u41274607,train
u41325048,train
u41325392,train
u41333386,train
u41353765,train
u41386873,train
u41406365,test
u41454803,train
u41473896,val
u41566604,train
u41609220,train
u41623531,test
u41642329,train
u41667342,val
u41667467,test
u41683148,test
u41729228,train
u41782694,test
u41831568,train
u41848328,train
u41935156,train
u42069082,test
u42122181,train
u42259121,train
u42272978,train
u42276519,test
u42276655,val
u42325818,train
u42358079,train
u42362994,train
u42381705,train
u42384760,train
u42384799,train
u42385123,test
u42435648,test
u42472510,train
u42523671,test
u42562446,train
u42606652,train
u42640131,train
u42643429,train
u42646151,train
u42687228,test
u42696018,train
u42800658,test
u42843031,val
u42896638,train
u42938393,train
u42994048,train
u43086375,val
u43104062,val
u43139414,train
u43194755,train
u43283406,train
u43287329,train
u43297202,train
u43300047,train
u43430484,train
u43447495,train
u43489995,train
u43543830,train
u43652900,train
u43658360,train
u43687758,train
u43775786,train
u43821108,train
u43855487,train
u43867890,train
u43878033,train
u43879159,train
u43926254,train
u43939164,train
u43963184,train
u43963249,train
u43969706,train
u43969769,train
u43977006,val
u43996441,test
u44002430,train
u44030197,train
u44073696,train
u44109804,test
u44118467,train
u44196397,train
u44211795,train
u44300108,train
u44371088,train
u44418062,train
u44438256,train
u44520811,train
u44572744,train
u44584666,train
u44606764,train
u44653376,train
u44714414,train
u44771048,train
u44781786,train
u44865854,train
u44873859,val
u44874400,train
u44950782,train
u44957814,train
u45006241,test
u45010849,train
u45017624,train
u45190957,train
u45297875,val
u45312366,test
u45321027,train
u45325955,train
u45363560,val
u45373242,train
u45380431,test
u45431586,train
u45454305,test
u45518286,train
u45556698,test
u45565446,train
u45598972,train
u45709328,train
u45827605,train
u45842286,train
u45869761,train
u45891623,train
u45918087,val
u46019259,train
u46033589,val
u46145761,train
u46151552,train
u46155144,train
u46196418,train
u46233559,train
u46276118,train
u46309291,train
u46335511,train
u46347027,train
u46347165,train
u46360627,train
u46362238,train
u46539078,train
u46574977,train
u46575796,train
u46668733,train
u46690123,train
u46751744,train
u46786678,train
u46833787,train
u46854930,train
u46921983,train
u46927599,train
u46927599,train
u46963846,train
u47077388,train
u47078284,train
u47087250,train
u47122016,train
u47128513,train
u47188397,train
u47220472,train
u47278244,train
u47301340,train
u47321924,train
u47335911,test
u47336158,train
u47336791,train
u47359057,train
u47362397,val
u47363197,train
u47370262,val
u47409039,train
u47452789,train
u47472893,train
u47494135,train
u47519455,val
u47533809,train
u47582720,train
u47656923,train
u47659315,train
u47674214,train
u47678782,train
u47808460,train
u47876842,train
u47907558,train
u47963966,train
u47967527,train
u48008611,train
u48008938,val
u48031209,train
u48036604,train
u48065736,train
u48103973,train
u48106460,train
u48166977,train
u48193858,train
u48207396,train
u48230437,train
u48289662,train
u48327179,train
u48336179,train
u48344613,train
u48354230,train
u48424701,train
u48456022,train
u48461211,train
u48464916,val
u48511236,train
u48518416,train
u48529642,train
u48579013,train
u48656483,train
u48732151,train
u48755892,train
u48760543,train
u48773551,train
u48797858,train
u48964542,train
u48979419,train
u48981730,train
u49009937,train
u49022240,train
u49027379,val
u49030728,train
u49039301,train
u49076807,train
u49095796,test
u49114084,train
u49258350,test
u49263611,test
u49303319,test
u49356506,train
u49534334,test
u49559088,train
u49567800,train
u49607121,train
u49620730,train
u49735209,train
u49791476,val
u49846519,val
u49921218,train
u49923026,train
u49923337,train
u49955671,val
u50007485,train
u50010864,train
u50027295,train
u50064333,train
u50085192,train
u50090898,train
u50095170,train
u50131504,train
u50153257,train
u50207127,test
u50252770,train
u50275521,train
u50301574,test
u50318402,train
u50319639,train
u50343115,train
u50374439,train
u50393960,train
u50398570,train
u50426809,test
u50488216,train
u50492265,train
u50567598,train
u50592618,train
u50599457,train
u50638323,train
u50660534,train
u50667334,train
u50703215,train
u50706020,train
u50722668,train
u50725778,test
u50733619,train
u50793075,train
u50811932,train
u50832982,train
u50940456,train
u50955731,test
u51023770,train
u51062001,test
u51140501,val
u51248564,train
u51257255,train
u51338801,train
u51354433,train
u51388235,train
u51466288,test
u51687101,val
u51822354,train
u51832444,train
u52038769,val
u52044072,val
u52138061,test
u52167291,train
u52171738,train
u52421856,train
u52433078,train
u52474702,train
u52484614,train
u52523407,test
u52593358,val
u52664889,train
u52672906,val
u52709985,train
u52731115,val
u52735622,train
u52801695,train
u52802809,test
u53017384,train
u53059376,train
u53096584,train
u53175121,test
u53178037,val
u53476918,test
u53605153,train
u53662353,train
u53671409,train
u53754072,train
u53757167,train
u53820146,train
u53891615,train
u53919551,train
u53960492,train
u54034504,test
u54065421,train
u54087496,train
u54094700,train
u54165269,train
u54215450,train
u54257525,train
u54279179,train
u54356250,train
u54387680,train
u54392059,val
u54544628,train
u54549239,train
u54588816,train
u54632607,train
u54732045,train
u54804436,train
u54848703,train
u54909593,train
u54938044,train
u55117855,train
u55121988,train
u55242649,train
u55334133,train
u55348425,train
u55474581,train
u55539706,test
u55615697,test
u55702631,train
u55765550,test
u55857505,test
u56059049,val
u56135375,train
u56149569,train
u56198731,test
u56211587,train
u56218349,train
u56231761,test
u56253234,test
u56304605,train
u56340023,train
u56363520,train
u56406333,train
u56408220,train
u56462237,val
u56469355,train
u56609344,val
u56631494,train
u56668079,train
u56670878,train
u56678619,train
u56780944,val
u56783491,train
u56826262,train
u56828100,train
u56866449,test
u56876628,train
u56971393,train
u56991190,train
u57284479,val
u57374265,test
u57398614,train
u57440214,test
u57461595,train
u57497901,train
u57631751,train
u57668504,train
u57694701,test
u57764773,train
u57786461,train
u57790392,train
u57797137,train
u57812650,train
u57819529,train
u57826981,train
u57922289,train
u57949398,val
u58210632,train
u58323389,train
u58409436,train
u58555835,train
u58714432,test
u58717544,val
u58743130,test
u58766476,train
u58788614,train
u58880930,train
u58888683,test
u58946293,train
u59001491,train
u59038885,train
u59085739,test
u59101322,train
u59123312,train
u59144615,test
u59203887,train
u59221014,train
u59303321,train
u59356836,train
u59369435,train
u59414975,train
u59489008,train
u59541594,train
u59574994,train
u59614683,test
u59771400,train
u59867387,train
u59886644,train
u59912689,train
u59930507,train
u60043285,train
u60089839,train
u60342794,train
u60385373,train
u60455574,train
u60480351,train
u60496217,train
u60551154,train
u60607937,train
u60624412,train
u60642052,train
u60656912,train
u60678524,train
u60840395,train
u60856903,val
u60877603,val
u60914700,train
u60957598,train
u61015693,train
u61183568,train
u61241702,train
u61247161,train
u61309913,train
u61315405,train
u61415543,test
u61519094,test
u61553499,test
u61632698,train
u61735572,test
u61753445,train
u61789466,train
u61849190,train
u61853389,train
u61890590,train
u61968072,test
u61970644,test
u62183077,train
u62197871,train
u62239890,train
u62312946,train
u62366991,train
u62415418,train
u62460627,train
u62498916,train
u62581962,train
u62610786,test
u62640737,train
u62646214,train
u62747781,train
u62818640,train
u62831953,train
u62864432,test
u62869406,val
u62923708,train
u62929874,train
u63113314,train
u63138293,val
u63147879,train
u63211739,test
u63245774,train
u63275809,train
u63359297,train
u63381229,train
u63397893,train
u63526140,train
u63614947,train
u63735508,train
u63774212,train
u63776911,test
u63815425,test
u63924392,train
u64048705,train
u64058282,train
u64072954,train
u64227728,train
u64299438,train
u64301672,train
u64376355,train
u64386392,train
u64512620,train
u64514015,val
u64627315,train
u64643802,train
u64677310,val
u64779539,train
u64810943,val
u64844802,train
u65052658,val
u65161161,train
u65179532,test
u65279873,train
u65375759,train
u65467957,test
u65575742,train
u65588389,train
u65593092,train
u65734517,train
u65750827,train
u65853402,train
u65912274,val
u65968777,test
u66327572,train
u66369181,train
u66473814,train
u66560735,train
u66777165,train
u66778050,train
u66876562,train
u66934891,train
u67107737,test
u67319784,test
u67484301,train
u67934203,train
u67949052,train
u68088884,train
u68307227,train
u68433639,val
u68501906,train
u68530022,val
u68568856,train
u68576181,train
u68674747,train
u68768975,test
u68891686,test
u68979301,test
u69080516,train
u69199995,train
u69253605,train
u69378924,test
u69392314,train
u69588404,train
u69604237,train
u69687111,train
u69732039,train
u70010298,val
u70261169,val
u70337486,train
u70435999,train
u70479532,train
u70552638,train
u70705353,train
u70744113,train
u70790695,train
u70796232,train
u70796694,train
u70891975,test
u70913224,train
u70915224,train
u71006041,train
u71026122,train
u71041222,train
u71064211,val
u71075210,train
u71156555,train
u71281607,test
u71294756,train
u71314666,train
u71454567,train
u71531021,train
u71543212,train
u71544226,train
u71559661,train
u71594919,train
u71607684,train
u71759409,train
u71781057,val
u71810945,train
u72013267,train
u72227134,val
u72231577,train
u72325145,train
u72378123,train
u72448544,train
u72504732,train
u72514822,train
u72516869,train
u72529967,train
u72554233,train
u72590473,train
u72598303,train
u72608564,train
u72716034,train
u72723785,val
u72797413,train
u72808470,train
u72887697,test
u72890603,train
u72898434,train
u72913875,train
u72938722,train
u73039079,test
u73125667,train
u73133048,train
u73204975,train
u73238146,train
u73256487,train
u73310442,train
u73341746,train
u73355398,train
u73389062,test
u73392641,train
u73449263,train
u73452210,train
u73493146,train
u73710441,val
u73963718,test
u73991669,train
u74038287,train
u74042304,test
u74112566,val
u74159649,train
u74236454,test
u74320201,train
u74388616,train
u74428045,train
u74529675,train
u74550572,test
u74587550,val
u74752022,test
u74945319,train
u74966215,test
u75015720,train
u75306892,train
u75338122,test
u75399105,train
u75528474,train
u75600036,train
u75709033,train
u75818123,test
u75831752,train
u75882028,train
u75885708,val
u75913593,train
u75916180,train
u75975034,train
u75975034,train
u76033783,train
u76041202,train
u76067316,train
u76120883,train
u76133155,val
u76267997,train
u76281621,train
u76294950,train
u76348185,train
u76383964,test
u76442487,train
u76551002,train
u76558553,train
u76656451,test
u76677728,train
u76687979,val
u76896397,val
u76970495,train
u76980293,train
u77053373,val
u77129998,val
u77234984,train
u77238935,test
u77243761,train
u77436536,val
u77512825,train
u77614563,train
u77650995,train
u77748048,train
u77907542,test
u77999620,train
u78203956,train
u78302950,train
u78406161,train
u78559751,train
u78587111,train
u78637018,train
u78752814,train
u78755995,val
u78964775,test
u78977078,train
u79042180,train
u79440047,train
u79637366,test
u79670084,train
u79759935,train
u79943743,train
u80032312,train
u80065051,train
u80147697,train
u80179442,train
u80361644,train
u80370145,train
u80398898,val
u80446199,train
u80510471,train
u80571006,train
u80575378,train
u80619946,train
u80698491,train
u80790897,train
u80949432,test
u81203057,test
u81289660,train
u81316045,val
u81563705,val
u81635029,train
u81706093,train
u81822524,train
u81834821,train
u81869176,train
u82037870,train
u82043459,train
u82097756,train
u82188583,train
u82390102,test
u82398088,train
u82454070,train
u82466327,train
u82479634,train
u82532269,train
u82674220,train
u82801415,test
u83011510,train
u83046427,test
u83091475,train
u83159014,train
u83306552,test
u83352760,train
u83364240,test
u83389771,train
u83407789,train
u83549889,train
u83592831,train
u83597405,train
u83622287,train
u83625419,train
u83663257,train
u83707726,train
u83722885,train
u83757924,train
u83813341,train
u83827434,train
u83855918,train
u83899964,train
u83938654,train
u83987161,train
u83987663,train
u84035041,train
u84061973,train
u84106123,test
u84125029,train
u84185255,train
u84194879,train
u84288053,train
u84296077,train
u84527893,train
u84572227,train
u84599604,train
u84626947,train
u84777428,train
u84805048,train
u84820734,train
u84848487,train
u85238361,train
u85469815,train
u85477021,train
u85601670,train
u85605334,train
u85648537,train
u85657491,train
u85736665,train
u85757229,train
u85792789,test
u85913172,train
u86020763,val
u86091264,train
u86129862,train
u86163274,train
u86273857,train
u86290918,train
u86317098,train
u86478153,train
u86481377,train
u86604846,train
u86719842,train
u86932341,train
u87111271,train
u87170183,train
u87198952,train
u87316632,train
u87339547,train
u87410560,train
u87430843,train
u87473622,train
u87540180,val
u87657446,train
u87706747,train
u87707239,train
u87715935,train
u88027098,train
u88139922,test
u88403351,train
u88494677,train
u88627298,test
u88667624,test
u88716323,train
u88776580,train
u89213111,train
u89405591,train
u89421328,val
u89488653,train
u89558269,train
u89739642,train
u89770192,train
u90041779,train
u90114650,train
u90242450,val
u90258002,train
u90323375,train
u90335268,train
u90340682,train
u90361778,train
u90427204,train
u90497345,train
u90552683,train
u90556897,train
u90570778,train
u90650189,train
u90652918,train
u90836187,train
u90842438,train
u90943080,train
u90965764,val
u90970409,train
u91139623,train
u91314192,train
u91334387,train
u91506257,train
u91525942,train
u91591930,train
u91628518,train
u91649643,train
u91698066,val
u91699310,val
u91734029,train
u91792266,train
u91815273,test
u92067857,train
u92082123,test
u92096034,train
u92148954,train
u92152953,train
u92590553,train
u92614042,train
u92699216,test
u92704372,train
u92724728,train
u92764064,train
u92772557,train
u92797256,train
u92849144,train
u92922681,train
u93004355,train
u93071031,train
u93121635,train
u93231317,test
u93271873,train
u93306055,val
u93472873,val
u93578985,test
u93711247,train
u93849369,test
u93881354,train
u93925914,train
u93957809,train
u94065199,train
u94120744,train
u94192126,train
u94392385,train
u94425877,train
u94442462,test
u94470018,test
u94538862,test
u94545198,train
u94732055,train
u94825605,train
u94833830,train
u94836895,train
u94860262,test
u94998778,test
u95022046,train
u95082530,train
u95216935,train
u95222471,train
u95248614,val
u95329049,train
u95471897,val
u95476658,train
u95524515,test
u95600752,train
u95602933,test
u95670667,train
u95725957,train
u95817528,train
u95926298,train
u95976635,test
u96105040,train
u96149284,train
u96345265,train
u96579724,train
u96591869,train
u96637927,train
u96718576,test
u96768148,val
u96999384,train
u97041528,train
u97046557,train
u97050113,train
u97139873,train
u97190019,train
u97217966,train
u97241960,val
u97461320,train
u97597139,train
u97719032,train
u97740752,train
u97841474,train
u98020421,test
u98047213,train
u98065954,train
u98247788,train
u98256343,train
u98367934,train
u98369136,test
u98450505,test
u98471763,train
u98760724,train
u98804784,train
u98951517,train
u99055303,train
u99107259,train
u99107259,train
u99130413,train
u99454358,train
u99581347,train
u99647098,train
u99665921,train
u99896598,test
u99946800,train
u100042966,train
u100055123,train
u100068931,train
u100184158,train
u100301671,test
u100394466,train
u100440958,train
u100472374,train
u100521481,train
u100588178,train
u100726816,train
u100828637,train
u101160302,train
u101196106,train
u101302547,train
u101311381,train
u101319695,val
u101354595,train
u101397097,val
u101506286,train
u101524268,train
u101659839,test
u101803450,train
u101825544,train
u101933594,train
u102044211,train
u102129320,train
u102214015,train
u102274452,train
u102478586,test
u102489685,train
u102521152,val
u102538743,train
u102562520,val
u102580588,train
u102594136,train
u102708234,train
u102712612,train
u102831419,train
u102888527,train
u103065157,train
u103092458,test
u103092458,train
u103095293,train
u103118481,val
u103220245,val
u103401966,train
u103492679,train
u103508957,train
u103586144,test
u103596117,train
u103760901,train
u103865085,train
u103962254,train
u103981878,train
u103989154,train
u104040220,train
u104083325,test
u104092713,train
u104130190,train
u104162716,train
u104436918,val
u104562738,train
u104582823,train
u104604540,train
u104635760,train
u104640447,val
u104729494,train
u104799080,train
u104845571,test
u105003647,test
u105224782,train
u105269020,train
u105387876,test
u105589263,train
u105810584,train
u106058308,train
u106149941,train
u106242104,train
u106245943,train
u106360393,test
u106364904,train
u106789873,train
u106963007,train
u107016153,train
u107196001,train
u107274201,test
u107280372,test
u107301385,train
u107314518,train
u107328524,train
u107376299,train
u107472085,train
u107512859,train
u107655313,train
u107770718,test
u107847735,train
u108011848,train
u108046242,train
u108094809,train
u108247668,train
u108348597,train
u108554917,test
u108562854,train
u108621970,train
u108705835,train
u108740292,train
u108804318,train
u108899342,train
u108936259,train
u108977933,train
u109037846,train
u109112935,train
u109323518,train
u109471034,train
u109538525,train
u109589477,train
u109647254,val
u109844484,train
u109850328,train
u109919100,train
u109958517,train
u110078466,train
u110121475,train
u110182153,train
u110183325,train
u110322854,test
u110326494,train
u110350125,train
u110388353,train
u110441210,train
u110519660,train
u110663889,test
u110931712,val
u111067557,test
u111359241,test
u111422855,train
u111443327,train
u111520569,train
u111533746,train
u111579558,test
u111591863,train
u111638069,train
u111724165,train
u111819716,train
u111926756,train
u111978746,train
u112169675,val
u112275676,test
u112398730,train
u112406785,train
u112407655,train
u112453249,train
u112464786,train
u112479899,train
u112586613,test
u112654811,train
u112733139,train
u112869058,train
u112873844,train
u112915037,train
u112961086,test
u113015471,train
u113130846,train
u113172148,train
u113502611,train
u113536399,train
u113687225,train
u113720154,train
u113793389,train
u113812445,train
u113947583,train
u114190815,test
u114194530,train
u114412574,train
u114516774,train
u114597133,test
u114656274,train
u114664718,val
u114693887,train
u114716213,train
u114820052,train
u114820838,train
u114875442,train
u114928033,train
u114992659,test
u115091858,train
u115210837,train
u115250241,train
u115252732,train
u115328825,test
u115341081,train
u115369464,train
u115426969,val
u115472158,train
u115728688,train
u115763683,train
u115781868,val
u115786052,train
u115925892,train
u115926128,train
u116070070,train
u116132819,train
u116219009,train
u116440093,train
u116763190,test
u116783083,train
u116845797,train
u117048724,train
u117071877,train
u117139062,train
u117171240,train
u117191726,train
u117210373,test
u117389540,train
u117406291,test
u117409543,train
u117416156,train
u117439450,val
u117464372,train
u117539435,train
u117554842,train
u117697670,train
u117770609,train
u117777690,train
u117796196,val
u117825143,test
u117956107,train
u117968952,train
u117998279,val
u118009649,train
u118064315,train
u118100500,train
u118228412,train
u118393584,test
u118618763,train
u118739566,train
u118759198,val
u118874607,val
u118952409,train
u118966690,train
u119055102,test
u119106683,train
u119155159,train
u119385045,train
u119521385,train
u119768786,train
u119837224,train
u119874690,train
u120024640,train
u120152599,val
u120969689,val
u120993720,train
u121191600,train
u121204594,train
u121255864,train
u121309596,train
u121715841,train
u121849269,train
u121853212,train
u121895573,train
u121909103,test
u121910637,train
u121950222,test
u121989286,train
u122037755,test
u122078333,val
u122152468,train
u122369320,train
u122392913,train
u122453931,train
u122658025,train
u122795357,train
u122810757,test
u122871872,train
u123231225,train
u123391324,test
u123427141,train
u123631275,train
u123896404,train
u123939664,test
u124167484,val
u124176132,train
u124189302,train
u124237063,train
u124346356,train
u124397553,train
u124508864,train
u124745749,train
u124808159,train
u124810572,train
u124904653,train
u124922921,test
u124966857,train
u125017297,test
u125356003,train
u125597623,val
u125678751,train
u125726857,train
u125730874,test
u125902660,train
u125905975,train
u125985168,train
u126080533,test
u126301470,train
u126376603,train
u126380751,train
u126527644,train
u127004759,train
u127091266,train
u127300784,train
u127505386,train
u127519109,test
u127708877,train
u127854610,train
u128003340,train
u128098218,train
u128297723,train
u128359923,val
u128664817,val
u128682052,train
u128691460,train
u128721881,train
u129211757,train
u129301875,train
u129341203,train
u129520541,train
u129540154,train
u129541753,test
u129549788,train
u129681033,train
u129706040,train
u129842597,train
u130026674,train
u130046750,test
u130061775,train
u130200269,train
u130215899,train
u130305298,val
u130344472,val
u130444158,test
u130496027,train
u130649849,train
u130709088,train
u130745589,train
u130797483,val
u130945085,test
u131053564,train
u131060738,val
u131367777,test
u131398400,train
u131623639,train
u131797422,train
u132155424,train
u132295107,train
u132346487,train
u132366897,train
u132385468,train
u132419884,train
u132552922,train
u132697326,train
u132830623,train
u133033883,train
u133141968,train
u133304061,train
u133322750,train
u133448051,train
u133663801,train
u133872048,train
u133880286,train
u134015282,train
u134112073,train
u134686200,train
u134758540,train
u134824143,train
u135061425,test
u135218064,train
u135250709,test
u135421739,train
u135647562,train
u135706410,test
u135797212,train
u135919183,train
u135922295,train
u135945569,val
u135996521,train
u136330243,train
u136629644,train
u136637220,test
u136911542,train
u137293207,train
u137564612,train
u137827773,train
u138054922,train
u138376017,train
u138402344,train
u138428447,train
u138516405,train
u138529583,train
u138643129,train
u138756112,train
u138814032,train
u138840988,test
u139092348,train
u139234161,train
u139533748,train
u139598778,train
u139679188,test
u139680646,train
u140049744,test
u140088466,test
u140093780,train
u140203785,train
u140263802,test
u140388178,train
u140491884,val
u140514522,test
u140731748,train
u140894914,train
u141369568,train
u141376289,train
u141862251,train
u142012757,train
u142033506,train
u142111864,train
u142132591,val
u142296675,train
u142368496,train
u142404062,train
u142415193,train
u142424682,train
u142496277,train
u142634285,train
u142652621,test
u142652621,train
u142713264,test
u143022188,train
u143225013,train
u143441024,test
u143448777,test
u143517443,train
u143556525,train
u143799914,train
u143887029,val
u144083497,train
u144090338,train
u144092915,test
u144500227,train
u144521493,val
u144553035,train
u144636567,train
u144702040,train
u144728427,train
u145169990,train
u145239540,train
u145296383,train
u145637907,train
u145658679,train
u145766841,train
u146018319,train
u146369830,train
u146454562,train
u146540920,train
u146567174,train
u146633079,train
u146660654,train
u146795336,train
u147156224,train
u147365641,train
u147491637,train
u147691384,train
u147707412,train
u147776954,train
u147977670,train
u147994804,train
u148287069,train
u148387660,train
u148390293,train
u148431283,train
u148458639,train
u148465548,test
u148483216,test
u148520716,test
u148639030,train
u148758090,train
u148952617,train
u148962123,test
u149188612,train
u149532463,train
u149627584,test
u149830745,val
u149893949,train
u149975431,train
u150151712,train
u150285998,train
u150612395,train
u150707058,train
u151123001,train
u151209088,train
u151233018,val
u151471167,test
u151688952,test
u151953199,test
u152205680,train
u152347265,train
u152731757,train
u152918926,test
u152928026,train
u153069545,test
u153078871,test
u153142366,train
u153162278,train
u153324320,train
u153369112,train
u153462184,train
u153473883,train
u153518470,train
u153751831,train
u153893566,train
u154051517,train
u154169277,train
u154395962,train
u154446790,train
u154484865,train
u154546240,train
u154580426,train
u154606958,test
u154728787,train
u154768652,train
u155247178,train
u155392050,train
u155727992,train
u155814794,train
u156279849,train
u156393470,train
u156411211,train
u156463407,train
u156499311,train
u156568938,train
u156611885,train
u156656964,train
u156778424,test
u156881708,train
u156894642,train
u156981152,train
u157467050,test
u157474864,test
u157869434,test
u158065720,train
u158130337,train
u158135219,train
u158166637,test
u158211480,train
u158249007,train
u158311908,train
u158400387,val
u158414847,train
u158451341,train
u158604776,train
u158784526,train
u158842667,train
u158914930,train
u158939130,train
u159169086,train
u159216201,train
u159222433,train
u159240329,train
u159245037,train
u159333574,train
u159638969,train
u159766141,train
u159804516,train
u159955958,train
u159968349,test
u160012920,val
u160241451,train
u160272388,train
u160474784,train
u160526873,train
u160657301,train
u160722624,train
u160877628,val
u160957351,train
u161051718,train
u161150162,train
u161399566,train
u161427827,train
u161465425,val
u161563071,train
u161596746,train
u161650812,train
u161686669,test
u161801527,train
u161822962,train
u161863044,test
u161913667,train
u162080431,train
u162289864,train
u162293874,train
u162535413,train
u163039131,train
u163108858,train
u163129601,train
u163168790,val
u163283608,test
u163409644,train
u163442471,train
u163495689,train
u163512184,test
u163582516,test
u163645735,val
u163770736,train
u163877633,train
u164104517,train
u164152691,val
u164340775,train
u164514994,train
u164645116,train
u164677058,train
u164867442,train
u164952362,train
u164967948,val
u164996573,train
u165055196,train
u165114041,train
u165148613,train
u165171588,train
u165306517,val
u165344557,test
u165374113,train
u165760550,train
u165763981,train
u165828332,train
u165863499,train
u165905874,train
u166018762,train
u166067380,train
u166342982,val
u166536146,val
u166571419,val
u166618015,train
u166657017,train
u166975744,train
u167027620,train
u167292689,train
u167676641,train
u167849321,train
u168188589,test
u168493808,train
u168738308,test
u168866449,val
u168870903,train
u169038927,train
u169041906,train
u169159743,train
u169337725,val
u169500868,train
u169686021,train
u170166816,train
u170226165,train
u170281084,train
u170354385,train
u170415494,val
u170514223,train
u170688082,test
u170861207,train
u170929225,train
u170958069,train
u171158446,train
u171241222,train
u171312558,val
u171835605,train
u171873129,train
u171909982,train
u171977969,train
u172057857,train
u172085616,train
u173057927,train
u173150263,train
u174133546,train
u174193434,train
u174223715,train
u174358993,test
u174383460,train
u174385758,train
u174463721,val
u174622103,train
u174717117,train
u174938129,train
u175004978,test
u175069606,train
u175084851,train
u175273213,train
u175282603,train
u175463367,val
u175624200,train
u175743717,train
u175750856,val
u175993490,train
u176066335,test
u176087555,train
u176539168,train
u176803724,train
u176842875,train
u176872939,train
u176987707,val
u177137867,train
u177299416,train
u177321850,train
u177395566,train
u177433164,train
u177564016,train
u177632301,train
u177679532,train
u177886974,train
u178734121,val
u179161387,train
u179245967,train
u179359521,val
u179439741,train
u179448261,train
u179467862,train
u179490918,train
u179588572,train
u179593914,train
u179734191,train
u179926504,val
u180038665,test
u180087234,train
u180294761,test
u180319477,train
u180410174,train
u180505807,train
u180531306,train
u180592537,train
u180652225,train
u180666430,train
u180752128,test
u180813868,train
u180882136,test
u180993910,test
u181041474,train
u181325123,train
u181565192,train
u181572333,train
u181667960,test
u181698327,train
u182012766,train
u182043558,train
u182230678,train
u182623928,train
u182855420,train
u183280073,test
u183333374,train
u183407966,test
u183564337,train
u183598207,train
u183643892,train
u183674949,test
u183749519,train
u184340694,train
u184413447,train
u184433314,train
u184440525,train
u184837081,train
u185076709,train
u185261058,train
u185375872,train
u185380829,train
u185410498,train
u185640900,train
u185709616,train
u185911610,test
u185953134,train
u186152756,train
u186195617,train
u186581073,val
u186731171,test
u187278154,train
u187318715,val
u187457866,train
u187461322,train
u187470289,train
u187532068,train
u187599581,train
u187837457,train
u187953038,train
u188025994,train
u188200111,train
u188741386,val
u188830558,train
u189068159,train
u189125832,train
u189249084,train
u189536913,train
u189538866,train
u189769310,train
u189773769,train
u190138220,train
u190361927,train
u190371305,train
u190398268,train
u190562774,train
u190603324,train
u190720489,train
u190770676,train
u190843976,train
u191078965,train
u191190317,val
u191447649,train
u191573340,train
u191725079,train
u192040502,train
u192241295,train
u192403111,test
u192422102,train
u192472058,test
u192515434,test
u192589318,train
u192665708,val
u192753429,train
u192912869,train
u193186935,train
u193214051,val
u193218281,val
u193227988,train
u193265760,test
u193364583,val
u193367488,train
u193517096,val
u193520632,train
u193659574,train
u193770830,train
u193781897,test
u194028861,train
u194087595,train
u194187417,val
u194207046,train
u194456924,train
u194920113,train
u194975681,train
u195053234,train
u195121177,test
u195123428,val
u195161562,test
u195459838,train
u195504210,train
u195553203,test
u195674678,train
u195711718,train
u195920016,train
u195946510,train
u195989915,train
u196035613,train
u196278935,train
u196504071,test
u196583017,train
u196661823,test
u196745496,train
u197065441,train
u197075110,train
u197222438,train
u197246671,test
u197592265,val
u198027469,train
u198068838,val
u198194549,train
u198530073,train
u199053142,train
u199345846,train
u199369366,train
u200005355,train
u200251856,train
u200377020,test
u200425023,val
u200459463,train
u200466843,train
u200636954,train
u201164878,test
u201309235,train
u201379948,train
u201693500,train
u201790307,train
u202067756,train
u202142322,train
u202237794,test
u202254736,train
u202288136,train
u202544444,train
u202590356,test
u202740551,test
u202982523,train
u203146331,train
u203160806,test
u203164359,train
u203250712,train
u203293156,train
u203332110,test
u203565739,val
u203652149,train
u203795804,train
u204412130,train
u204716064,val
u204869812,train
u205195655,train
u205315691,val
u205392468,train
u205569142,test
u205750967,train
u206132942,train
u206324378,val
u206522371,train
u206743057,train
u206750033,train
u206777415,train
u206797231,test
u207012803,train
u207465671,train
u207591497,train
u207717110,train
u208048534,train
u208153889,train
u208155240,train
u209472553,train
u209993471,train
u210008372,train
u210018405,test
u210083385,train
u210243687,train
u210457478,test
u210820145,train
u210921551,train
u211180310,train
u211322771,train
u211608222,train
u211846493,train
u212086894,train
u212243068,train
u212279021,val
u212468594,train
u212805542,train
u213011425,test
u213012606,train
u213334486,train
u213410467,train
u213732025,val
u213745334,train
u213850279,train
u214106456,train
u214144369,train
u214296002,train
u214355413,train
u214395203,train
u215012020,train
u215399723,train
u215423375,train
u215739344,train
u215772133,train
u216020848,train
u216080249,train
u216376714,val
u216447259,train
u216563156,val
u216679969,train
u216727067,train
u216779161,train
u216881337,train
u216939636,train
u217021688,test
u217187917,train
u217244060,train
u217418878,train
u217464094,train
u217767291,test
u217900950,val
u217912072,test
u217930962,train
u218107857,train
u218161878,train
u218182256,train
u218636715,train
u218946953,val
u218951054,train
u219127536,train
u219255067,train
u219349412,train
u219495268,test
u219952960,train
u220057455,train
u220125213,test
u220145170,val
u220228167,train
u220245602,train
u220270775,train
u220275658,train
u220364966,train
u220392214,train
u220639178,train
u220655030,val
u220710590,train
u220753944,test
u220902580,test
u221393897,train
u221424757,train
u221638815,val
u221718578,train
u221838243,train
u221894627,train
u221938964,train
u222138104,train
u222246291,test
u222483146,train
u222490844,train
u222781413,train
u222932025,train
u223042280,train
u223105455,train
u223323922,train
u223346768,train
u223526009,train
u223546666,train
u223560830,train
u223611135,train
u223721912,train
u223739217,train
u223874121,train
u224043416,train
u224332521,train
u224332668,train
u224359740,train
u224404117,train
u224576141,test
u224630721,train
u224722164,train
u224843448,train
u224965117,train
u225054090,train
u225073760,test
u225147972,test
u225241027,train
u225861086,train
u225882083,train
u225895485,train
u226175334,train
u226367460,test
u226376452,train
u226748349,train
u226940811,train
u226959000,val
u226963337,train
u227164480,val
u227345183,train
u227364434,train
u227642349,train
u227701742,train
u227823418,train
u228040559,val
u228159567,train
u228203519,val
u228474571,train
u228921126,train
u228926977,train
u228957553,train
u229045076,train
u229125893,train
u229269426,test
u229389391,train
u229432720,train
u229552128,train
u229605570,train
u229629482,test
u229743534,test
u229961532,test
u230068228,train
u230366837,train
u230632098,train
u230663238,train
u230987883,train
u231012505,val
u231422245,train
u231559493,train
u231602158,train
u231723415,train
u231759188,val
u231845623,test
u231984011,train
u232065386,train
u232184085,train
u232294292,train
u232396491,train
u232665671,train
u232825643,train
u233064269,test
u233146335,train
u233160369,test
u233196210,train
u233243084,train
u233266490,train
u233289661,test
u233354961,val
u233424960,train
u233543994,train
u233644448,train
u234059290,train
u234376125,train
u234559391,train
u234764852,train
u234873785,train
u235031949,train
u235072498,train
u235273824,train
u235283856,train
u235331864,train
u235398786,test
u235751756,train
u235834608,train
u236002286,train
u236059608,train
u236288672,test
u236384718,train
u236576603,train
u236699098,train
u236750658,train
u236755662,train
u236911178,train
u237102817,test
u237270207,train
u237304327,test
u237670274,train
u237803302,train
u237803390,train
u238190087,val
u238574194,train
u238673331,train
u238975927,train
u239060144,train
u239366841,train
u239411196,train
u239420779,test
u239531503,test
u239560078,train
u239790834,train
u239861532,train
u240180498,train
u240293931,train
u240491240,train
u240791191,train
u240796757,train
u240815049,train
u240854594,train
u241182904,train
u241413115,train
u241877255,train
u241994654,train
u242245578,train
u242253020,train
u242272620,train
u242473800,val
u242490547,train
u242868086,train
u243036743,train
u243286973,test
u243292912,train
u243379678,test
u243390472,val
u243506668,train
u243614966,val
u243707743,train
u243875677,test
u244022134,train
u244082211,train
u244082406,test
u244268823,train
u244321238,train
u244561826,test
u244792180,train
u244923280,train
u245024328,train
u245108398,val
u245299129,test
u245398972,train
u245415332,test
u245424983,train
u245552796,train
u245636297,train
u245897325,val
u245957167,train
u245970451,train
u245986823,train
u246089480,test
u246190734,test
u246389471,test
u246479428,train
u246495872,train
u246575950,train
u246600472,train
u246651638,train
u246773759,train
u246911714,train
u246939962,train
u247023848,train
u247333212,train
u247476364,train
u247484483,val
u247556189,val
u247658865,val
u247694604,train
u247857712,train
u247943231,test
u248616413,val
u248785314,train
u248825781,test
u248839482,train
u248883264,train
u249264590,train
u249481149,train
u250094642,train
u250118495,train
u250181197,train
u250188760,train
u250261284,train
u250272362,train
u250305664,test
u250397632,train
u250495841,train
u250608966,train
u250669557,test
u250715427,train
u250881564,train
u250968969,test
u251060309,train
u251207983,test
u251269358,train
u251372955,train
u251523455,train
u251758893,test
u251850462,train
u252024332,train
u252166714,train
u252172406,train
u252279127,train
u252388658,train
u252397899,train
u252533185,train
u252618624,val
u252702476,train
u252751061,train
u252934342,train
u253461583,train
u253484067,train
u253626642,train
u253998571,train
u254107028,train
u254165010,train
u254645017,test
u254685158,train
u254719698,train
u255021263,train
u255063582,train
u255345107,train
u255420945,train
u255466654,train
u255600740,train
u255922524,val
u256092411,train
u256136003,train
u256483866,train
u256512896,train
u256644046,train
u256985814,train
u257125998,train
u257198813,train
u257627884,test
u257642411,train
u257772210,train
u257925853,train
u257941961,test
u258267932,train
u258398314,train
u258625222,train
u258731087,train
u258847118,train
u258922521,train
u258965523,val
u258972661,train
u259011775,train
u259159567,train
u259371777,train
u259630996,val
u259667443,train
u259667443,test
u259772537,train
u259922252,train
u259925559,train
u259965980,val
u260128484,train
u260275662,train
u260317292,train
u260402270,train
u260465612,train
u260685403,train
u260734341,test
u260755391,train
u260759782,train
u260768256,train
u260997244,train
u261665936,train
u261865763,train
u262046065,train
u262251345,test
u262286873,train
u262330336,test
u262447355,train
u262493732,train
u262543492,train
u262579986,train
u262734035,train
u263431088,test
u263472162,train
u263522909,train
u263545500,train
u263683429,train
u263817869,test
u264158483,train
u264248576,train
u264399952,train
u264526395,train
u264647839,val
u264735943,val
u264802690,train
u264892930,test
u265147468,train
u265561503,test
u265760464,train
u265760464,train
u265904510,train
u265990770,train
u266084123,train
u266132229,val
u266135518,train
u266293105,train
u266463103,val
u266468926,train
u266472904,val
u266487188,test
u266777364,val
u266826241,train
u266889634,test
u267200503,train
u267290560,train
u267455160,train
u267621469,train
u267728487,train
u267753999,train
u267807062,train
u267809712,train
u267817263,test
u268006637,train
u268006705,train
u268121612,train
u268177755,train
u268270587,train
u268283923,train
u268328453,train
u268424944,train
u268718494,train
u268742389,val
u268812080,train
u268821965,train
u268830189,train
u268940970,train
u269092822,val
u269196907,test
u269646673,train
u269702403,test
u269707998,test
u269780940,val
u269873890,train
u270016038,train
u270405562,val
u270483276,val
u270763905,val
u270919042,train
u270961144,val
u271077936,train
u271099749,train
u271138780,train
u271239524,train
u271243941,val
u271413539,train
u271791194,val
u271921448,train
u272047645,train
u272132790,test
u272238609,train
u272442200,train
u272463778,train
u272481529,test
u272682658,train
u272734799,train
u272773145,test
u272936200,train
u273036671,train
u273375532,train
u273507764,val
u273600858,train
u274249697,test
u274437206,train
u274461608,train
u274531795,train
u274700475,train
u274832868,train
u274887855,train
u275071077,val
u275110288,train
u275256442,test
u275373680,test
u275543867,train
u275567659,val
u275838322,train
u276271004,train
u276523981,train
u276671840,train
u276799677,train
u276819640,train
u277101075,train
u277304027,train
u277325728,train
u277551458,train
u278020492,test
u278038673,train
u278115028,train
u278227400,test
u278264922,train
u278506592,train
u278592835,train
u278682576,train
u278791721,train
u278995642,test
u279165077,train
u279334997,train
u279622823,test
u279823862,train
u279944539,train
u280174273,train
u280247323,train
u280338555,train
u280747022,train
u281043057,train
u281204964,train
u281540714,train
u281793338,train
u281814030,train
u281851707,train
u282100895,train
u282133625,train
u283149384,train
u283172932,train
u283292650,train
u283397202,train
u283549145,val
u283569273,train
u283652333,train
u283998419,train
u284168546,train
u284277820,val
u284333988,train
u284364937,train
u284736719,train
u284870222,train
u284967242,train
u284979710,train
u285016509,train
u285165232,train
u285259894,train
u285332860,train
u285345195,train
u285449110,train
u285602112,val
u285615541,train
u285685293,test
u285892397,train
u286054000,train
u286366217,train
u286822951,train
u287156977,train
u287169187,val
u288074967,test
u288165740,train
u288203574,train
u288208527,train
u288659909,train
u288984709,train
u289374023,train
u289451089,train
u289491620,val
u289508193,train
u289969718,train
u290004768,train
u290540978,train
u290546126,train
u290557883,train
u291332154,train
u291765925,train
u291914022,train
u292030222,test
u292092669,train
u292194683,test
u292234145,train
u292726960,train
u292964668,train
u293281463,train
u293536748,train
u293920545,train
u294648971,train
u295344317,train
u295371749,train
u295940181,train
u296153200,val
u296316503,train
u296391169,train
u296488802,train
u297124473,train
u297316043,train
u297338489,test
u297503653,train
u297608848,train
u297625734,train
u297915251,train
u297960597,train
u298003627,train
u298087863,test
u298433909,train
u298510171,train
u298625735,train
u298785229,train
u298841219,train
u299650387,train
u299752552,train
u300417038,test
u300744831,val
u300991377,train
u301198818,val
u301260645,train
u301418637,test
u301479546,train
u301485416,train
u301617934,train
u301628954,train
u302260456,val
u302451508,val
u302809412,train
u302872206,train
u302891509,val
u303101633,val
u303320852,train
u303441142,test
u303899506,test
u303910074,val
u304339666,train
u304368171,train
u304400972,train
u304625630,train
u304637511,train
u304650576,train
u304822355,test
u304856046,train
u305213013,train
u305236970,train
u305419520,train
u305526102,train
u305709307,train
u305936714,test
u306088932,val
u306609403,val
u306764010,train
u306847234,train
u307002939,val
u307054352,val
u307091042,train
u307396685,test
u307415907,test
u307511999,train
u307540110,train
u307629377,train
u307870312,train
u308467416,train
u308517028,train
u308552033,train
u308613100,train
u308687734,train
u308930167,train
u309199676,train
u309251217,train
u309277395,train
u309370159,train
u309525127,train
u309826120,test
u310026299,train
u310086091,test
u310239584,train
u310311324,train
u310451259,train
u310784514,val
u311107295,train
u311111377,train
u311673675,train
u311801132,train
u311903599,train
u311956171,train
u312504426,train
u312681953,train
u312815721,test
u312855821,train
u313008492,train
u313232961,train
u313287402,train
u313973652,train
u314352635,train
u314391114,train
u314590317,test
u314832054,val
u315136605,train
u315544059,train
u316052908,train
u316214019,train
u316429244,test
u316760060,test
u317076204,train
u317258121,train
u317729273,train
u317944275,train
u318005657,train
u318102447,train
u318147915,test
u318272199,test
u318382352,val
u318601195,train
u318673863,train
u318745234,train
u318976741,train
u319279709,train
u319619614,test
u319717101,train
u319769408,train
u319941318,train
u320222380,test
u320239495,train
u320327987,train
u320559633,train
u320843512,train
u320933840,train
u321391063,train
u321596887,test
u321838775,train
u321872375,test
u322347431,train
u322460769,train
u322531105,train
u322711407,val
u322895688,train
u323113356,train
u323325293,train
u323338817,train
u324140951,train
u324505791,train
u324521145,val
u324564701,train
u324626778,train
u324643835,train
u324873471,train
u325652049,test
u325719227,train
u326560581,train
u326661370,train
u326812381,train
u326912209,train
u327002487,train
u327154444,train
u327162971,train
u327431924,train
u327726069,train
u328198069,train
u328590247,train
u329260641,train
u329386731,train
u329775655,train
u329818631,train
u330028856,train
u330144182,train
u330214381,train
u330291773,test
u330424680,test
u330602775,test
u330745694,train
u331297886,train
u331819849,train
u332134938,val
u332185953,train
u332360256,train
u332884378,val
u333084963,test
u333593924,train
u333607171,train
u333615920,train
u333674235,train
u333935142,train
u334029316,val
u334121418,train
u334470578,train
u334497617,train
u334633430,train
u334827345,train
u335143772,train
u335433001,test
u335476793,val
u335480668,test
u336116660,train
u336625001,train
u336644529,train
u337237103,val
u337483640,train
u337569512,test
u337664491,train
u337664967,train
u337814874,train
u337887377,train
u338099920,train
u338243203,train
u338251580,train
u338281301,train
u338444630,train
u338526004,train
u338660808,train
u338772870,train
u339213186,val
u339223968,test
u339264302,train
u339406634,train
u339781963,train
u339873203,train
u339890121,train
u340037000,val
u340209989,train
u340278160,train
u340350608,val
u340445091,train
u340565567,train
u340613443,train
u340888579,test
u341488040,train
u341522757,train
u342181234,train
u342279043,train
u342324387,train
u342979597,val
u343171266,train
u343529547,train
u343793123,val
u343908348,train
u344318200,train
u344502770,train
u344538987,train
u344867462,train
u344986345,train
u345454885,train
u345486111,test
u345590253,train
u346069183,test
u346132548,train
u346248088,val
u346761946,train
u346876659,train
u347035710,train
u347071645,train
u347299985,train
u347320239,train
u347965214,train
u348151606,train
u348159742,train
u348296012,train
u348309126,train
u348559702,val
u348659640,train
u348757035,train
u349172730,test
u349491646,val
u349496228,train
u349758336,val
u350221190,train
u350271631,test
u350336482,test
u350423691,test
u350659169,train
u350993125,train
u351124434,train
u351124495,train
u351432837,test
u351613455,train
u351614712,train
u351883810,val
u351930344,test
u352103699,val
u352395807,train
u352543858,train
u353066217,train
u353253058,train
u353618612,val
u353735225,train
u353786894,train
u353959801,train
u353979665,train
u354054092,train
u354134923,train
u354170353,train
u354223526,val
u354276870,val
u354557661,train
u354607832,val
u355157275,train
u355637311,train
u355785908,train
u355821673,train
u356164932,train
u356373712,train
u356408677,train
u356566747,train
u356710803,train
u356912920,train
u356914975,train
u356922467,train
u357156581,train
u357159227,test
u357310745,train
u357606935,train
u358245186,train
u358631179,train
u358886250,test
u359009458,test
u359125610,train
u359537777,train
u359644625,train
u360288683,train
u360352603,train
u360481958,val
u360540433,train
u360761837,test
u360811957,val
u360878397,train
u360905815,train
u361024385,train
u361273164,train
u361551847,train
u361570741,train
u361617541,train
u361937077,train
u361993840,train
u362277893,test
u362293085,val
u362611691,val
u362914850,train
u363168069,train
u363223261,train
u363341250,train
u363427769,test
u363443091,train
u363884420,train
u363884751,train
u364578918,train
u364998909,train
u365045155,train
u365505986,train
u365633348,val
u366037745,train
u366442363,train
u366502149,train
u366647929,train
u366664731,val
u367143728,train
u367503390,test
u367633391,train
u367727278,test
u368308305,train
u368312027,test
u368591180,test
u368644797,val
u368672115,test
u368890076,test
u368930508,train
u369085369,train
u369122241,val
u369307681,train
u369511020,test
u369575817,train
u369788077,train
u369843229,train
u369877176,train
u369948707,train
u370112958,train
u370860686,test
u370861739,train
u370882856,train
u370888593,train
u370894558,train
u370965348,test
u371156597,train
u371207829,train
u371318881,train
u371867630,test
u372044361,train
u372575989,train
u372830746,train
u373157754,train
u373180628,val
u373235027,train
u373280952,train
u373293676,val
u373393471,train
u373421465,train
u373457750,train
u373715406,train
u373891124,train
u373907847,train
u373974511,train
u374124617,train
u374208504,train
u374264205,train
u374482042,test
u374628658,test
u374659701,train
u374787057,test
u375008433,train
u375097580,train
u375262351,train
u375886079,test
u375964753,train
u376044283,test
u376372981,train
u376403603,train
u376618837,train
u376654746,train
u377034667,train
u377176894,train
u377579578,train
u377761671,train
u377766775,train
u377918191,train
u378036629,val
u378273223,train
u378603442,train
u378838718,train
u378903764,test
u379123486,test
u379388644,train
u379504673,train
u379517839,train
u379637743,val
u379923901,train
u379953676,test
u380156815,train
u380265407,test
u380292977,train
u380433216,train
u380551689,train
u380599418,train
u380690596,train
u380732413,train
u380776958,train
u380848898,train
u380945140,train
u380999849,val
u381149705,train
u381285714,train
u381289719,train
u381440981,train
u381486710,train
u381753565,train
u381852035,test
u382020443,train
u382143060,train
u382331748,train
u382772609,train
u382968137,train
u383060321,test
u383950602,train
u384126992,train
u384987164,train
u385043829,val
u385185222,train
u385318166,train
u386110592,train
u386313122,train
u386401656,val
u387156826,train
u387352217,train
u387411449,test
u387785442,train
u387900968,train
u388136092,train
u388217901,train
u388426142,train
u388885781,train
u388891743,train
u388964402,train
u388974246,train
u389083861,train
u389136093,val
u389562551,train
u389893377,train
u390328256,val
u390353872,train
u390495490,train
u390903899,train
u391037985,train
u391247784,val
u391494971,train
u391533237,train
u392032501,train
u392116406,test
u392539832,val
u392608775,train
u392932793,test
u392946468,train
u393207402,val
u393401092,train
u393490090,train
u393643881,train
u393683794,train
u393705422,train
u393958089,train
u394095128,train
u394270334,test
u394480074,train
u394563746,train
u394581283,train
u394812303,train
u395135045,train
u395305090,train
u395423231,train
u395507514,train
u395844568,train
u396524415,train
u396735501,train
u396984113,test
u397439671,train
u397619500,test
u397906785,train
u398087684,train
u398172747,train
u398796046,train
u398832788,val
u399293842,train
u399884421,val
u399963806,train
u400276868,train
u400578917,val
u400630125,train
u400786792,train
u400805257,train
u401053516,val
u401287438,train
u401323050,train
u401502247,train
u401663848,test
u402121040,test
u402143587,train
u402225369,train
u402630317,train
u403245020,train
u403246803,train
u403255413,train
u403808875,train
u403946402,train
u404000897,val
u404342428,train
u405124125,train
u405180673,train
u405420899,train
u405427035,train
u406360438,val
u406583979,train
u407132911,train
u407790032,train
u408004407,train
u408322181,train
u408665753,train
u408670180,train
u408683294,val
u409371254,train
u409668518,val
u409693269,train
u409896496,train
u409989608,train
u410124018,train
u410347931,train
u410522485,train
u410628957,train
u411112269,train
u411298271,train
u411604865,train
u411988864,train
u412309283,test
u412468301,test
u412677577,train
u412748397,test
u412803899,train
u413119761,train
u413258049,train
u413284225,val
u413326039,train
u413442657,train
u413813858,train
u414651410,train
u414897149,train
u414972213,val
u415709422,train
u415765530,test
u416182659,train
u416990099,train
u417053258,train
u418036662,train
u418383852,val
u418939830,train
u419037620,train
u419839422,train
u420057671,train
u420575371,train
u420594273,train
u420744611,train
u420825166,test
u420962518,train
u421213288,train
u421577499,train
u421795636,train
u422041712,train
u422172369,test
u422218712,test
u422275875,train
u422388777,train
u422667071,train
u422859104,train
u423930633,val
u424471590,test
u424693524,train
u424924385,val
u425401486,train
u425471909,train
u425547065,test
u425880393,train
u425904640,train
u426064021,train
u426760561,test
u426795049,train
u427089628,val
u427505253,train
u427514540,train
u427627603,train
u427757922,train
u427991302,val
u428139315,train
u428441121,train
u428525085,test
u428824911,train
u429196389,train
u429393296,train
u430386994,val
u430487617,train
u430691608,train
u431071870,train
u431379061,train
u431652048,train
u431892970,train
u432193487,train
u432553962,train
u432581070,train
u432748384,train
u433181175,train
u433193181,train
u433535141,test
u434110259,train
u434402210,val
u434618546,train
u434704868,val
u435105622,train
u436463305,train
u436573219,test
u436721105,train
u436770186,train
u437735107,train
u439138083,train
u439290306,train
u439366412,train
u439418320,train
u439876343,train
u439928089,test
u440010818,test
u441854978,train
u442213499,train
u442600009,train
u442627272,train
u442881331,train
u442940529,train
u443008648,train
u443288053,train
u443290756,val
u443503310,train
u443560184,val
u443740030,train
u443756798,train
u443834706,train
u444465942,train
u444661289,val
u444800309,test
u445293273,train
u445407324,test
u445439525,train
u446145732,test
u446620951,train
u446645504,train
u446719282,test
u447342992,train
u447795095,train
u448139252,train
u448513416,train
u448632329,train
u448776963,train
u448913750,train
u449186485,train
u449462207,train
u449797520,test
u450010954,train
u450184256,train
u450198128,test
u450842550,train
u452850112,train
u453124512,train
u453375281,train
u453484864,train
u453831121,val
u454127006,train
u454276103,train
u454424533,train
u454445204,val
u454790951,train
u454830916,val
u455189406,train
u455280378,test
u455760666,train
u455933471,train
u456274497,train
u456762846,train
u456910776,train
u456933366,val
u457554412,train
u457601227,train
u457899058,train
u458238403,train
u458580088,train
u458808240,val
u459176784,train
u459400316,train
u459714987,train
u459748760,train
u459767319,train
u460067357,train
u461115992,train
u461504551,test
u461715115,train
u461770765,test
u461919971,train
u462028812,train
u462886099,train
u463055963,test
u463091649,train
u463201565,train
u463255536,train
u463267118,train
u463349658,train
u463383196,train
u463810564,train
u464123952,train
u464947020,train
u465088703,train
u465855016,train
u466420346,train
u466693107,test
u466952170,val
u467314107,train
u467436398,val
u467761634,train
u468124858,val
u468250625,train
u468450751,test
u468759217,train
u469063128,train
u469609215,train
u469748409,train
u469827644,train
u469926002,train
u470039437,test
u470129898,train
u470207797,train
u470606934,test
u470802762,train
u470993514,train
u472116700,train
u472923399,train
u473004355,train
u473190579,train
u473306061,train
u473399431,val
u473431649,train
u473548058,train
u473807839,val
u474154291,train
u474611933,train
u475061634,test
u475960162,train
u476582730,train
u477384854,test
u478472165,train
u478584536,train
u478709757,train
u479167722,train
u479494004,train
u479577685,train
u479583379,test
u480060846,test
u480296294,val
u480354367,train
u480404707,train
u481103368,train
u481545993,train
u481571912,val
u481867656,train
u481943972,train
u481958038,train
u481975594,train
u482109376,test
u482386982,val
u482899038,train
u483137710,test
u484067817,test
u484164439,train
u484226924,train
u484359024,train
u484711390,train
u484796656,train
u485694392,train
u485723695,train
u486530534,train
u487176070,train
u487562482,train
u487628559,train
u487673211,train
u488263445,val
u488950348,train
u489698795,train
u489888182,train
u489984451,train
u490284843,val
u490598629,test
u490640661,train
u490789927,train
u491044483,train
u491054450,test
u491821358,train
u491987266,train
u492077102,train
u492112231,train
u492332572,test
u492345005,train
u492416709,test
u492590266,train
u492621756,train
u492808309,train
u492962683,train
u493161593,train
u493434961,train
u493577217,test
u494130011,train
u494406154,val
u494406154,val
u494490484,test
u494610965,train
u495334987,train
u497096686,train
u498119128,train
u498292957,train
u498698711,train
u499161087,test
u499429264,test
u499968955,train
u500026501,train
u500073790,test
u500133474,train
u500908354,test
u501944128,train
u501988333,train
u502416780,train
u502958723,train
u503257759,train
u503659039,train
u504020426,train
u504526414,test
u504906590,train
u504944083,train
u505647551,train
u505835213,val
u506224403,train
u506681677,test
u506871951,train
u506873294,train
u507569344,train
u508179661,train
u508650379,test
u508981523,train
u508990946,train
u509139370,train
u509917863,train
u511761774,val
u512407647,train
u512543549,train
u512629559,train
u512785873,train
u513480571,train
u513991595,train
u514430829,test
u514570327,test
u514599064,train
u514667085,train
u514716719,val
u515149505,train
u515865787,train
u515865890,test
u516312949,train
u516321676,val
u516514025,train
u516568869,train
u516864324,test
u517177257,train
u517738272,train
u518070379,test
u518702870,test
u519072324,train
u519086090,train
u520090267,train
u520579417,train
u521714288,train
u521747968,train
u521875978,test
u522164624,train
u522282462,train
u522592767,train
u522638892,train
u523332812,train
u523431436,train
u523510988,train
u523620573,train
u523896617,train
u524033363,train
u524507772,val
u525474737,val
u525554983,train
u525713285,train
u525723680,test
u526292934,train
u527156989,train
u527795966,train
u528020973,train
u528415789,train
u528447360,test
u528665371,train
u528700233,train
u529172981,train
u529422786,test
u529514602,train
u529681531,test
u529887549,train
u530798840,train
u531045394,train
u531561578,train
u532575043,train
u533348050,train
u533787271,test
u534042677,test
u534148872,train
u534525034,train
u534563976,train
u535254562,train
u535573137,train
u535939220,train
u536802620,test
u537097907,train
u537291137,train
u537310868,val
u537453136,test
u537507873,val
u538533144,train
u538568692,test
u538650511,train
u538791146,train
u539046384,train
u539219365,train
u539823505,train
u540009358,train
u540148278,train
u540599583,train
u540751895,test
u541274088,train
u541412525,val
u541508182,test
u541741212,train
u542721191,train
u543410251,train
u543477860,train
u543954514,train
u544068905,train
u544414484,train
u544458693,test
u544718877,train
u544948449,train
u545110987,train
u546427546,test
u546447987,train
u546832231,train
u546899782,train
u547871798,val
u548257095,train
u548264245,train
u548328945,val
u549514808,train
u549573235,train
u549866143,train
u550179237,val
u550261619,val
u551182740,train
u551697247,test
u552985513,train
u553109355,val
u553129577,test
u553555460,train
u553932856,train
u554241627,test
u554981973,train
u555307309,train
u555370896,train
u555651169,test
u555924843,val
u556033781,test
u556166151,val
u556311558,test
u556379155,train
u557168064,train
u557424724,val
u557833378,train
u557902603,train
u558451982,train
u558797310,train
u559229566,train
u559681926,train
u560083540,test
u560182082,train
u560473379,train
u561127433,train
u561252681,train
u561883389,train
u562338193,train
u562370886,train
u562585357,train
u562642473,train
u563045143,train
u563251669,train
u564053183,train
u565120610,train
u565210339,train
u566768379,train
u566814449,test
u566998443,train
u567192377,val
u567961995,train
u568826806,test
u569639285,train
u569776818,test
u569966562,train
u570225855,train
u570577725,train
u570607556,val
u571141141,train
u571170369,train
u571558761,train
u571721207,val
u572369209,train
u573059299,train
u573485718,train
u573535094,val
u573890421,test
u573909276,train
u574364219,train
u574414667,test
u574795929,train
u574827627,val
u575459786,train
u575481165,train
u575491885,train
u575539173,train
u575680651,train
u576144277,train
u576152280,train
u577086491,train
u577407652,train
u577979075,test
u578022873,train
u578734691,train
u578998610,train
u579233051,train
u580695070,train
u581341543,train
u581368316,train
u581447585,train
u581871304,train
u582203683,train
u582280139,train
u582379941,train
u582386994,train
u582721240,train
u583037034,train
u583233410,train
u585071885,test
u585623341,train
u586661401,train
u586810160,train
u586933624,train
u587303527,train
u588191104,train
u588259879,train
u588308841,val
u588450170,train
u588465294,test
u588901446,train
u588930747,val
u589032635,test
u589379989,train
u590076291,train
u590088843,test
u590421119,train
u590931818,train
u591750929,test
u592080817,train
u592231088,test
u592730371,train
u592777619,train
u592968641,test
u593047872,val
u594539197,train
u594548796,val
u594661781,test
u595093300,train
u595113816,test
u595153002,train
u595162893,train
u595400360,test
u595982444,train
u596001422,train
u596489946,val
u596674770,train
u596845308,train
u597361937,train
u597412372,train
u597511633,train
u597969900,train
u598232506,train
u598524600,train
u598707501,test
u599032948,train
u599110887,train
u599407882,train
u599642162,train
u599777486,train
u599781263,train
u600150261,train
u600453852,train
u602142693,train
u602234784,train
u602244948,train
u602318415,train
u602768138,train
u603015020,test
u603462113,train
u603554307,train
u604506554,train
u604641061,val
u604641964,test
u605360145,train
u605773729,train
u605824568,train
u605965132,train
u606196086,train
u606793378,train
u607242831,train
u607345828,train
u607698782,train
u607831012,val
u609146415,test
u609193455,test
u609382151,train
u609568567,val
u609580280,train
u609664510,train
u609929745,train
u610202036,val
u610552974,train
u610659001,train
u611614656,val
u611788464,train
u611853558,train
u611906387,test
u612364241,train
u612920904,train
u613132191,train
u613173206,train
u614302293,train
u614741136,test
u615275951,train
u615595875,train
u615975763,train
u616251071,val
u616742267,train
u616919165,train
u617372278,train
u617602505,train
u617948501,train
u618197588,train
u619132969,train
u619322829,val
u619335382,train
u619356379,train
u619532468,train
u620151450,train
u620632841,train
u620829412,test
u620962350,train
u621083474,test
u621276367,train
u621310858,test
u621534029,train
u622309749,train
u622974542,train
u623159691,test
u624483823,test
u625097729,val
u625655093,test
u625655093,train
u625732003,train
u626131422,train
u626315370,train
u626460126,train
u626638246,train
u626768864,test
u626923517,test
u626950830,val
u627178033,test
u627462272,train
u627941152,train
u627961307,train
u628126099,train
u628755131,train
u631137170,train
u631138864,test
u631218485,train
u631734309,train
u631943924,test
u632923138,test
u632951262,train
u633006892,train
u633057062,val
u633067413,train
u633369712,train
u633834562,train
u633907829,train
u633962661,train
u634035634,train
u634042666,val
u634076028,test
u634423684,train
u634720467,train
u635334644,train
u635622629,train
u635826578,train
u635834887,train
u636023721,train
u636241070,train
u636533118,val
u636777949,train
u637251144,val
u700108845,train
u700546151,train
u701252596,val
u701615052,train
u701983068,train
u703414932,train
u704576071,train
u704980753,train
u705842413,train
u706337282,train
u706862372,train
u707471022,val
u708968790,train
u709878002,train
u710350225,train
u710730981,train
u711931086,val
u712263962,test
u712292390,test
u712335697,train
u712397078,train
u712409460,train
u712529474,test
u713531726,test
u713817882,val
u713968417,test
u714118993,test
u714594090,test
u715464972,val
u715547971,train
u716777274,train
u717521880,train
u717654410,train
u717758402,train
u717871956,train
u718571531,train
u719168020,train
u719499221,train
u719909300,val
u720552309,test
u720664561,test
u721437857,train
u722547938,train
u724912754,train
u725868534,train
u728113153,train
u728706048,val
u728709530,train
u730293630,train
u730422764,train
u731813719,train
u731995747,train
u732179466,train
u732273199,train
u733230811,val
u733532010,train
u733615362,train
u734283704,val
u734833292,train
u735400794,train
u736488673,train
u737132550,val
u738656924,test
u738896491,test
u739353668,train
u740005878,test
u740119656,train
u740317315,test
u740328126,val
u740607200,test
u741099541,train
u741323209,train
u741715760,train
u743695800,train
u743856512,train
u744362557,train
u745911914,train
u747571824,test
u748040401,train
u748103384,train
u749127721,train
u749300683,train
u749848176,val
u750173978,train
u751064022,test
u751225243,train
u752776296,train
u753620958,train
u754208510,train
u754233042,train
u755733097,train
u755835576,train
u755857771,train
u756843716,train
u756894403,train
u757636069,val
u759542101,train
u760198933,train
u760230277,train
u761815674,val
u762024240,train
u762247459,train
u763329097,train
u766327327,train
u766438022,train
u766995146,train
u767892066,train
u769583808,train
u770007733,test
u770174466,train
u771606164,train
u772864608,test
u775209745,train
u777419184,train
u777648349,train
u778934654,train
u779509478,train
u780119348,train
u782614022,test
u783160830,train
u783792992,train
u785283138,train
u785597288,test
u785642912,train
u785739140,train
u786293766,train
u786751332,test
u786755006,train
u787710590,train
u789214836,train
u789341329,test
u789891110,train
u790029043,train
u790430622,train
u791617213,train
u791718984,train
u792035592,val
u794253420,train
u795741721,train
u795741721,train
u796169341,train
u796457828,test
u798129625,test
u799145528,train
u801633828,train
u802365534,train
u803941436,val
u804075344,train
u804100399,train
u804287030,train
u804629750,test
u805086240,train
u805099602,train
u805374294,test
u805926079,train
u806444492,test
u806764860,train
u807163153,test
u808245726,train
u808561652,train
u809351965,train
u809475432,train
u810002863,train
u810099205,train
u810597662,test
u811909440,train
u813333008,train
u813384559,train
u815888671,train
u815918192,train
u817165422,train
u818892614,test
u818894216,test
u820077362,train
u820088196,train
u820640970,test
u821102114,train
u821301248,train
u821573893,train
u822044510,train
u822736520,train
u822753624,train
u823669734,train
u823727432,test
u825544086,test
u825889891,train
u827665681,train
u827789521,train
u827915198,train
u831279121,test
u832339483,test
u833165334,train
u833482634,train
u833919062,train
u834088100,train
u834445916,test
u834956706,train
u835416768,train
u835594501,train
u836314434,train
u837059666,test
u837080178,train
u839373926,train
u839503112,test
u843280014,train
u844058359,train
u844242752,train
u845114430,train
u845195762,train
u845548344,train
u846280236,train
u846566088,train
u846706254,val
u847201272,test
u848046702,test
u848073332,test
u848193493,val
u848787120,train
u848975226,train
u849082886,val
u851440039,train
u851695430,train
u851935440,train
u851976774,train
u852827102,train
u853092620,val
u854085236,val
u855110658,train
u856007426,val
u856025838,train
u856824787,train
u856884007,train
u860302657,train
u861136188,train
u861175488,train
u863159659,val
u863348545,train
u863603622,val
u865926956,train
u866745912,train
u866930936,train
u867182402,train
u868417950,train
u868459543,train
u868881480,test
u869141580,train
u870035202,train
u870336074,train
u870637129,train
u871360423,train
u872128315,train
u872135863,val
u873847190,train
u873937597,train
u874272133,train
u874362325,train
u874450394,val
u875322158,train
u875714112,train
u876070088,train
u876400777,train
u876421490,train
u876462044,train
u876567085,test
u876708692,train
u876892868,train
u877153886,train
u877360904,test
u877771394,train
u877809559,test
u877922569,test
u879375871,test
u882235051,train
u882746851,train
u883906166,test
u886832413,train
u887725902,train
u889137438,train
u889364474,test
u889661089,train
u892060260,train
u892221919,train
u892415402,test
u893214350,train
u894057794,test
u895926834,train
u896105184,test
u897798680,train
u898220484,train
u899092130,train
u900687600,test
u900694435,train
u900794112,test
u900878221,train
u901733430,train
u902454019,train
u903507217,train
u904319798,train
u904408999,train
u904794157,train
u905092134,train
u905399486,train
u906029628,val
u906614546,train
u907041584,val
u911885791,val
u912098329,val
u912795180,test
u915239533,train
u916031611,train
u916335048,train
u918593402,train
u919073802,test
u919166336,val
u920321678,val
u921039918,test
u922341408,train
u924587124,train
u925674896,train
u925907616,train
u925988665,train
u926762881,train
u927662736,train
u927837253,train
u928194630,train
u929129743,train
u929211084,val
u929330480,val
u929741558,test
u929741558,train
u929912390,train
u931328509,train
u931360530,test
u932163222,train
u932356326,train
u932375280,train
u932434860,train
u932512698,train
u932647568,train
u932805374,train
u933693474,train
u935031277,test
u935779848,val
u938673870,test
u938956674,train
u940367275,train
u942151496,train
u943798608,train
u943944456,train
u944830388,train
u945304567,train
u945610080,val
u945641725,train
u946598348,test
u947321780,train
u947495822,train
u947846606,test
u948840169,test
u949265432,train
u950548585,train
u951786986,train
u951816344,train
u951885673,train
u953210450,test
u953961282,val
u954199237,train
u954229010,train
u958072056,val
u958534250,train
u958841323,train
u959763625,train
u961231092,train
u962034524,train
u964081537,train
u965537840,val
u966173377,train
u967096694,train
u967658982,test
u968050626,test
u969782256,train
u972068300,train
u972585631,train
u972760692,test
u973031287,test
u973994167,train
u974812202,train
u974982055,train
u975200486,train
u975311095,test
u976225218,val
u978830066,test
u979336309,train
u980046830,train
u981062594,val
u981433447,train
u983291750,train
u983766318,test
u984126816,train
u984219792,train
u984236868,train
u985020698,train
u985221540,train
u986266873,test
u986628331,val
u986826858,train
u987086862,train
u987435326,test
u989094842,train
u992994991,train
u993534145,train
u993798846,val
u994242812,train
u994690777,train
u995134128,train
u995276858,test
u995695514,train
u997282794,train
u997960748,train
u997976990,train
u998023952,test
u998643846,val
u999095640,train
u999317010,train
u999367094,train
u1000262514,train
u1000921417,train
u1001201702,train
u1002014071,train
u1003915483,train
u1005107508,train
u1007374478,test
u1007602002,val
u1007796001,train
u1008209634,train
u1009248690,test
u1009797164,train
u1011356402,train
u1011380388,train
u1012543070,train
u1013076128,val
u1015608272,train
u1015848216,train
u1018962877,train
u1019469630,train
u1022084347,train
u1023584335,train
u1024010486,train
u1025505091,train
u1025661499,val
u1025841643,test
u1026612140,train
u1027303357,train
u1028331180,train
u1030528615,train
u1031283188,train
u1031636023,train
u1032240265,train
u1032598812,train
u1037037378,train
u1038523015,train
u1039016263,train
u1039823366,val
u1040432540,train
u1041535664,train
u1041899640,train
u1042746535,train
u1043996442,train
u1045748604,train
u1046250662,train
u1047113148,test
u1047723067,train
u1048008104,train
u1050727783,test
u1051795722,train
u1052246035,val
u1054980612,train
u1055204455,test
u1055345545,train
u1055907624,train
u1056717649,train
u1058414978,val
u1060731290,train
u1061141504,test
u1062706908,train
u1063589010,train
u1063815936,train
u1067392466,test
u1069198051,test
u1069802168,train
u1070593128,train
u1070877486,train
u1074381920,train
u1077993114,train
u1080936662,train
u1081697510,train
u1082652884,train
u1084480603,train
u1084843248,train
u1085563848,train
u1085681774,train
u1087498446,train
u1087646485,train
u1089102890,test
u1090137752,train
u1093958672,train
u1095016860,train
u1095841166,train
u1099431127,train
u1100472294,train
u1101320424,train
u1101320424,test
u1101587154,train
u1101593096,train
u1103354868,train
u1104118075,test
u1104833797,test
u1105450334,train
u1105691940,train
u1106209087,train
u1107166962,train
u1107569814,train
u1109690299,test
u1110672764,train
u1111417706,train
u1111441585,train
u1112553272,train
u1115148079,train
u1116029642,train
u1116621739,val
u1117226678,val
u1117528620,train
u1119809802,val
u1120219494,train
u1123618232,train
u1124405762,test
u1124406145,train
u1125520928,train
u1126173366,train
u1129060808,train
u1129503212,train
u1130516568,val
u1130703085,train
u1130806766,train
u1131796868,test
u1131978864,train
u1133168010,train
u1135399020,train
u1137560562,train
u1138528836,train
u1140331394,train
u1140795949,val
u1142685895,train
u1143040590,train
u1144712011,train
u1145944572,train
u1146066420,test
u1146883957,test
u1148681431,train
u1148754746,train
u1149943375,val
u1151357286,train
u1154220907,train
u1157604793,train
u1158433376,train
u1158941809,train
u1160576473,train
u1162117250,train
u1163022206,train
u1166216558,train
u1167553441,train
u1168507568,train
u1170073674,train
u1171100814,train
u1171613323,train
u1171755060,train
u1172242189,train
u1173593353,train
u1175340848,train
u1176559771,train
u1176679753,train
u1177673084,train
u1178488742,test
u1181284826,val
u1181749471,train
u1184539123,train
u1185382400,train
u1188389288,train
u1189855981,test
u1193660510,train
u1194006560,train
u1196276569,train
u1197466214,val
u1197792091,test
u1198719445,train
u1201304340,train
u1201323834,train
u1201410884,train
u1202103697,train
u1206067189,train
u1206302209,train
u1208831840,train
u1211342858,val
u1213162278,test
u1214528593,train
u1216417074,train
u1218616142,train
u1222279818,train
u1222866955,train
u1223298266,train
u1223600413,train
u1223836362,train
u1225926686,test
u1226751164,train
u1226865493,test
u1227004626,test
u1227119952,val
u1227146066,train
u1227147764,train
u1228320788,train
u1228534670,test
u1231476866,val
u1236372840,train
u1236837823,test
u1240096214,val
u1240610310,test
u1241395122,train
u1243101630,train
u1243467265,train
u1244408354,train
u1245531962,train
u1247001152,train
u1247652517,train
u1249100467,test
u1249256912,train
u1250216239,train
u1250977807,test
u1252117386,train
u1254858001,train
u1256204010,train
u1256507922,train
u1257227582,train
u1257319471,train
u1258696219,train
u1259844588,train
u1259850818,train
u1263166567,train
u1264891998,train
u1265037073,train
u1265260098,train
u1266832142,val
u1267553226,train
u1270068241,train
u1271447460,test
u1271656262,train
u1275221958,train
u1275285811,train
u1275302468,train
u1275326904,test
u1279699939,test
u1279823214,train
u1281526188,train
u1281695636,train
u1282203157,train
u1282206108,train
u1282788834,train
u1283437206,train
u1284008370,train
u1284917263,train
u1286087420,train
u1286980015,test
u1287862226,train
u1289145816,train
u1290958910,train
u1292597904,train
u1295136914,train
u1296519763,train
u1296544153,train
u1296956359,train
u1298143076,train
u1299906942,train
u1302008960,train
u1304716856,train
u1304939461,test
u1305086556,train
u1305102895,val
u1306947794,train
u1307544762,train
u1308221028,train
u1310056538,train
u1312348795,train
u1312647866,train
u1315296246,val
u1315297603,train
u1316192208,train
u1317026821,train
u1318623919,train
u1319306448,train
u1320972278,train
u1321324412,train
u1322354582,test
u1323615224,train
u1325574625,train
u1327333338,test
u1327936560,train
u1328874901,test
u1328954190,train
u1331049750,train
u1331554658,train
u1332401234,train
u1333461488,train
u1336184372,train
u1336958378,test
u1337785291,train
u1338152300,train
u1338708854,train
u1341422088,test
u1342928724,test
u1343248315,train
u1345258093,train
u1346297454,train
u1346773969,train
u1346991528,val
u1346991528,val
u1347759692,train
u1348788547,test
u1349039107,train
u1349183828,train
u1349836555,train
u1351157935,train
u1351292863,train
u1354938914,test
u1355158860,val
u1355298392,val
u1355937960,train
u1357711639,train
u1357760756,train
u1360063627,test
u1361106313,train
u1361640776,train
u1361872532,train
u1362027372,train
u1363626769,train
u1364265588,train
u1364670924,val
u1365309446,test
u1365388369,train
u1365850640,train
u1370326026,train
u1370387143,train
u1372027572,train
u1372811760,train
u1375123051,train
u1377391693,train
u1381505906,train
u1383630710,train
u1385637769,train
u1386560551,val
u1387514922,train
u1387677726,train
u1391020099,train
u1394118523,train
u1394399438,train
u1395474157,train
u1396575560,train
u1397541721,train
u1398290353,train
u1399148563,train
u1399772870,test
u1399943144,train
u1400132136,val
u1400517288,test
u1403654504,train
u1403905920,val
u1405158247,train
u1406882311,train
u1408142352,train
u1408727533,train
u1410437030,train
u1410845287,train
u1411619089,test
u1412045425,test
u1412178678,train
u1412496494,test
u1415338212,test
u1417829894,train
u1418967138,train
u1420298204,train
u1421137752,train
u1421638262,train
u1421799349,train
u1423187707,test
u1423426004,train
u1423639854,train
u1423836397,train
u1424833375,train
u1426662534,train
u1428214442,train
u1428680258,train
u1430070217,train
u1430116362,train
u1430648622,test
u1430925727,train
u1431083209,train
u1431159756,train
u1433385218,train
u1433535416,val
u1434023490,train
u1434833287,train
u1435125661,test
u1436382126,train
u1437690446,train
u1438296968,test
u1438341642,val
u1438372741,train
u1439926627,test
u1440530696,train
u1442212082,train
u1444383487,train
u1444946612,val
u1445772925,train
u1446635874,train
u1446960378,train
u1448739324,val
u1449825546,train
u1449855566,train
u1450005594,train
u1450477844,train
u1451492010,test
u1452807901,train
u1452842384,train
u1455690848,train
u1458585625,train
u1461529940,train
u1463354832,val
u1464239028,val
u1465196828,train
u1465616899,train
u1465716740,test
u1468181904,train
u1469175829,train
u1469724830,train
u1471035349,train
u1472209584,train
u1472358444,test
u1475444419,train
u1477605360,train
u1477789572,train
u1478210522,train
u1478619067,test
u1478811109,test
u1478913350,val
u1480520209,train
u1480746038,val
u1482581556,train
u1483080782,train
u1487443482,train
u1490048826,train
u1490312634,test
u1490661152,train
u1491628339,train
u1493900287,test
u1494605419,train
u1495297862,train
u1496116058,val
u1499365458,train
u1499936989,train
u1503171794,train
u1509959084,train
u1511990131,test
u1511990131,train
u1512355742,train
u1515860676,test
u1516663548,train
u1516841953,val
u1516864836,test
u1519144464,train
u1521981972,test
u1522749996,train
u1523150852,train
u1523662034,train
u1524064579,test
u1526240340,train
u1528456471,test
u1530378877,train
u1530957349,train
u1533844754,train
u1535696492,train
u1536500138,train
u1536622308,val
u1537028058,train
u1539678780,test
u1540623062,train
u1540897980,train
u1543075584,test
u1543237478,train
u1543764128,train
u1543994892,test
u1544468570,val
u1545093288,train
u1545999955,train
u1546032648,train
u1546340288,train
u1548721730,train
u1549038590,train
u1550327484,train
u1553733026,train
u1554891072,test
u1555446474,train
u1555788103,train
u1559610186,val
u1560834505,train
u1568566669,train
u1568566669,train
u1569419586,train
u1569684918,test
u1571272964,train
u1575689167,train
u1575970878,train
u1576344206,test
u1576851252,test
u1577898554,train
u1578524209,train
u1579746024,train
u1580575130,train
u1581303680,test
u1581645991,train
u1582078202,train
u1582096694,train
u1582853809,train
u1583273815,train
u1583338284,train
u1584137959,train
u1584182978,train
u1585816933,train
u1588276453,train
u1589060755,train
u1591373244,train
u1594176542,train
u1594340468,test
u1595355434,test
u1595463991,train
u1595615893,train
u1595684678,train
u1595924352,train
u1597721701,test
u1597774134,val
u1598887500,train
u1601593543,train
u1601615208,test
u1603439773,train
u1603589724,train
u1605911497,train
u1607813791,train
u1608383834,train
u1608950586,train
u1609849867,train
u1610703685,train
u1610865276,test
u1611780386,test
u1612796882,train
u1613526062,test
u1614464011,train
u1615618795,train
u1616059633,train
u1617006026,train
u1617860070,train
u1620221053,train
u1620675516,train
u1620987841,train
u1622615089,train
u1628951042,test
u1629244514,train
u1630896181,train
u1631201930,train
u1631953117,test
u1633142401,train
u1633409329,test
u1634089476,test
u1634868306,train
u1635591025,train
u1637041482,test
u1638692167,train
u1640531624,train
u1640671358,train
u1640736572,train
u1641262292,train
u1642477776,test
u1645008468,val
u1647005605,train
u1648322426,train
u1648363459,test
u1648656108,train
u1650547158,val
u1651180872,test
u1651395931,test
u1652840774,train
u1653197726,test
u1654716739,val
u1655173826,train
u1658076554,val
u1659462842,train
u1660065794,train
u1660875002,test
u1661058883,train
u1661355896,train
u1664138053,train
u1665665700,train
u1666138052,train
u1666328714,test
u1667704322,val
u1668435678,train
u1669501952,test
u1669829090,train
u1669906094,val
u1669906094,val
u1670105485,train
u1672524440,train
u1673754104,test
u1674275041,train
u1674440275,train
u1674546415,train
u1674705037,train
u1674854804,train
u1676499943,train
u1677894596,train
u1679043787,test
u1679822588,train
u1681624476,train
u1682312826,train
u1683965070,test
u1684221468,train
u1685616014,train
u1686062821,test
u1686647936,train
u1688162922,train
u1689323390,train
u1690395762,train
u1693446193,test
u1694772020,test
u1695864248,train
u1698195079,train
u1700157950,train
u1700309342,train
u1704336470,test
u1705569930,test
u1705890152,train
u1707240307,test
u1707880543,train
u1708383414,test
u1708464528,train
u1709374759,train
u1712257544,train
u1713132974,val
u1713188785,train
u1713417312,test
u1713511512,train
u1714396867,val
u1715452825,train
u1716129972,train
u1717116817,train
u1720046887,train
u1723432226,train
u1725198458,test
u1725901448,val
u1726066843,train
u1726305288,train
u1727522635,train
u1732624986,train
u1734575215,train
u1735613618,train
u1737529189,train
u1747350590,train
u1767049184,test
u1773673902,train
u1787201851,train
u1833232651,train
u1835298692,train
u1838752303,train
u1842926108,val
u1849172972,train
u1850740351,test
u1851857544,train
u1852382642,test
u1853804004,train
u1855035115,test
u1856132144,test
u1856925384,train
u1858502012,train
u1858957987,train
u1859457890,train
u1860244544,test
u1860576704,train
u1860818150,train
u1862018917,train
u1863061536,train
u1863315038,train
u1863585349,val
u1864518889,val
u1864643574,train
u1867252915,train
u1871389603,train
u1872245198,train
u1874245267,train
u1876644379,train
u1877993594,train
u1879128162,train
u1880836741,val
u1881118034,train
u1882066740,train
u1884221084,train
u1887374790,train
u1893489794,train
u1894392625,train
u1894686620,train
u1895275237,train
u1897388485,train
u1897970054,train
u1898236622,train
u1900730239,test
u1900923625,train
u1901997422,train
u1903139586,train
u1903560060,train
u1904145302,train
u1904237845,train
u1908634068,test
u1908743516,val
u1909261734,train
u1910501509,train
u1911644054,train
u1911648955,train
u1912628149,test
u1912665331,train
u1915011211,train
u1918685089,test
u1918743985,train
u1918994642,train
u1919787703,train
u1920720745,train
u1920750644,train
u1921119872,train
u1921682646,train
u1923392131,train
u1924484352,val
u1926931381,train
u1927195286,train
u1927516476,test
u1927533120,val
u1929778416,train
u1932982554,test
u1934603773,train
u1934844716,train
u1939862042,train
u1943460228,test
u1943994128,train
u1946426010,train
u1947535171,train
u1948032967,train
u1951616070,train
u1953117589,train
u1954010053,test
u1954425152,train
u1958671394,train
u1960370958,train
u1961081042,train
u1962309451,train
u1962626484,train
u1962954846,train
u1963312058,train
u1963617619,train
u1964922566,train
u1966481083,train
u1966967424,train
u1967275506,train
u1968065630,train
u1968807138,train
u1969102196,train
u1972539134,train
u1977419598,train
u1978458494,train
u2148704118,train
u2148914500,train
u2149055299,train
u2150951173,test
u2153061984,train
u2154013710,train
u2154055394,train
u2154107565,train
u2154127088,train
u2155816838,test
u2157651508,train
u2159169510,train
u2161582100,train
u2161875486,train
u2161925834,train
u2161940131,train
u2162478830,train
u2164699568,test
u2164789578,train
u2165086078,train
u2165842172,train
u2167946376,train
u2168196977,test
u2168459394,train
u2169015218,test
u2169306931,val
u2170666170,train
u2172525175,val
u2172593423,train
u2172682861,train
u2173030009,train
u2173318130,train
u2174547285,train
u2175373188,val
u2175710003,train
u2175824447,train
u2175939852,train
u2178163747,train
u2179493472,train
u2179745089,val
u2181351862,val
u2181978954,train
u2182493598,train
u2183045018,train
u2183656454,train
u2185403767,train
u2186062965,train
u2186476658,train
u2186808397,test
u2186996792,train
u2187818839,train
u2188101931,train
u2188668342,test
u2189387236,train
u2189716682,train
u2190281755,train
u2190893247,train
u2192666827,test
u2192712746,train
u2193100156,train
u2194124415,train
u2194594525,train
u2195205788,train
u2195922780,train
u2196199453,train
u2196348115,test
u2196860159,train
u2196981962,train
u2197522164,train
u2200279530,train
u2200720733,train
u2200722551,val
u2200847340,train
u2201084490,train
u2201431746,val
u2201577535,train
u2201740862,train
u2203237903,train
u2205195902,train
u2205210260,train
u2205210260,train
u2206423445,train
u2206980738,train
u2207249947,val
u2208574532,train
u2209129257,train
u2209714216,train
u2209714216,train
u2211100392,train
u2211673627,train
u2212228370,test
u2214933598,test
u2215198310,train
u2215499786,train
u2216065900,train
u2218160638,train
u2218639931,train
u2219785803,train
u2221808541,train
u2222029998,train
u2222286870,val
u2223543830,train
u2224541852,train
u2225963280,test
u2226182755,train
u2227637136,train
u2229105008,val
u2229861493,val
u2229994644,train
u2231215326,test
u2231617016,train
u2231716470,train
u2232063890,train
u2232848496,train
u2233272756,train
u2236496488,val
u2237311590,train
u2237661503,train
u2237930953,train
u2238067009,train
u2238505946,train
u2238909606,test
u2239221307,train
u2240302784,train
u2240322455,train
u2240601558,test
u2240955240,train
u2241323270,train
u2241409513,train
u2241904368,train
u2242325372,train
u2244134066,train
u2244162797,train
u2244891990,train
u2245097203,train
u2245197814,train
u2245481083,train
u2245610111,train
u2245863056,train
u2246447828,test
u2246987636,train
u2247444301,train
u2248343554,train
u2248919588,train
u2249769420,train
u2251066195,val
u2252291763,train
u2253197430,test
u2253198931,train
u2253206665,train
u2253462178,test
u2256018655,train
u2257947242,val
u2257947242,val
u2258607828,val
u2260432746,test
u2260589279,test
u2262677216,train
u2263437272,train
u2263691198,train
u2263888141,train
u2263921118,test
u2264368966,train
u2266573932,test
u2267721319,train
u2267900781,val
u2268314624,train
u2268640205,train
u2272426664,train
u2272522555,train
u2273216286,train
u2273244018,train
u2273527028,val
u2276255773,test
u2277696385,train
u2278281343,train
u2278585567,train
u2279161716,train
u2280672794,train
u2280782713,train
u2281103742,test
u2282196558,train
u2282703433,train
u2282867250,train
u2283094800,train
u2283150648,train
u2283160130,train
u2285867316,train
u2286396673,train
u2287356176,train
u2287991321,train
u2288772386,train
u2290345111,train
u2290819595,train
u2291737033,train
u2291813732,train
u2291910612,train
u2292404853,train
u2292990830,train
u2295030020,train
u2295554268,train
u2295951641,test
u2296251229,train
u2298102021,train
u2298708613,train
u2299805303,test
u2300329224,train
u2301423236,train
u2301735416,train
u2302407500,train
u2303798160,train
u2304647252,val
u2306433577,val
u2306974591,train
u2307452270,test
u2308188895,train
u2308211672,train
u2308978435,train
u2309506312,train
u2310316068,test
u2310896137,train
u2311563239,train
u2312262702,train
u2312414153,train
u2312691572,train
u2313325687,train
u2314047020,train
u2314443930,train
u2314587960,test
u2315152543,train
u2315912600,train
u2315990438,val
u2316007980,train
u2317519687,train
u2317969934,test
u2318374983,train
u2319108198,train
u2319350382,train
u2320231093,train
u2320762676,train
u2321074473,train
u2321292469,val
u2324928444,val
u2325704833,test
u2325736448,train
u2326470361,val
u2327383451,test
u2328074923,val
u2328108632,train
u2328559952,train
u2329303874,train
u2329529695,train
u2329556286,train
u2329997701,train
u2330000882,train
u2330505276,train
u2330573426,train
u2331674136,test
u2331795757,val
u2331937140,train
u2332116008,train
u2332134066,test
u2332168940,train
u2332257158,train
u2332368062,train
u2333045815,test
u2333988375,train
u2335139576,train
u2335738159,train
u2336487116,val
u2336873018,train
u2337471864,test
u2339188736,train
u2339973582,test
u2340321572,train
u2342386916,train
u2343198944,train
u2343223446,train
u2344076851,train
u2344530218,train
u2347720356,val
u2348239135,train
u2348928990,train
u2349247323,train
u2349259095,train
u2349669642,train
u2350358260,train
u2350457804,test
u2350794517,train
u2351756526,train
u2352376268,train
u2355096816,train
u2355257965,train
u2355459126,train
u2356647642,train
u2357514375,train
u2358270308,train
u2358464130,train
u2359198425,train
u2359297928,train
u2359436953,train
u2359856006,train
u2362623168,train
u2362727250,test
u2363351662,train
u2364221719,val
u2364303651,val
u2364368040,train
u2368934348,train
u2370773007,test
u2370825666,train
u2370911419,train
u2371041853,train
u2374141831,train
u2374259623,train
u2375262362,test
u2376180501,train
u2376456090,train
u2377234687,train
u2378524560,val
u2378534328,train
u2380461660,val
u2381033437,train
u2381064942,train
u2381313907,train
u2382503143,train
u2382998161,train
u2383569666,train
u2383717754,val
u2383863384,train
u2384006755,val
u2385884246,train
u2386783885,train
u2387964332,train
u2389603556,train
u2390287976,train
u2390501274,train
u2390786460,train
u2391022366,train
u2391051627,train
u2391473700,train
u2391504396,train
u2391986684,train
u2392767832,train
u2397754986,train
u2398036586,train
u2398074553,train
u2399880522,train
u2400027469,train
u2400813884,train
u2402011314,val
u2402387226,train
u2402724142,val
u2405675727,train
u2407916096,test
u2410240839,test
u2410726597,train
u2410813555,train
u2411313110,train
u2412794903,train
u2412958135,train
u2414012077,train
u2414683548,train
u2415767978,train
u2417107922,train
u2418145838,val
u2418383227,train
u2418491443,train
u2419480904,train
u2419518875,train
u2419897308,test
u2420379249,train
u2421492818,train
u2422507625,train
u2423851014,train
u2424151074,train
u2424275808,val
u2424658080,train
u2425131916,train
u2426054353,train
u2426148990,train
u2426170136,train
u2427351685,test
u2427392464,train
u2427885031,train
u2430323502,test
u2430325777,test
u2431419187,val
u2431499616,train
u2432016882,train
u2432272980,val
u2433230149,train
u2433276240,test
u2433368432,train
u2433495000,train
u2433724964,train
u2434191967,train
u2436518028,train
u2437792460,test
u2439296859,train
u2439655200,test
u2440905902,train
u2441758778,train
u2441981779,test
u2442381762,train
u2442744907,train
u2443887643,train
u2444302555,train
u2445442050,val
u2445595466,train
u2445615709,val
u2445809510,train
u2445883045,val
u2446320283,val
u2446446708,test
u2446873177,train
u2446901304,val
u2448534947,train
u2449693290,test
u2450124820,val
u2450130725,train
u2452193122,test
u2452930902,train
u2454313106,train
u2455731967,test
u2455929786,train
u2457027740,train
u2458024800,train
u2458057668,train
u2458248091,train
u2458804166,train
u2458892874,train
u2459394362,train
u2461812403,train
u2461968937,train
u2462436602,train
u2463352884,train
u2463370231,test
u2464212098,train
u2464408747,train
u2465242367,train
u2465283662,test
u2466137560,test
u2466548929,val
u2466645955,train
u2467658802,val
u2468534670,train
u2471672446,train
u2471881166,train
u2472252584,train
u2472455480,train
u2473050084,train
u2475150925,train
u2475885734,val
u2476591289,val
u2476901377,train
u2477194700,train
u2478217117,train
u2479063608,train
u2479147740,test
u2480893932,train
u2482080210,train
u2482518368,train
u2482678027,train
u2482888200,val
u2482947482,train
u2483872248,val
u2483991945,test
u2484477901,train
u2484690625,train
u2485089643,train
u2485322670,train
u2485837333,val
u2486619919,train
u2487003684,train
u2487828968,train
u2488240818,train
u2489674494,train
u2490585282,train
u2491025474,train
u2491074546,train
u2492917412,val
u2495013543,train
u2496247742,train
u2496382999,test
u2496656412,train
u2496818223,train
u2496941382,train
u2497110548,train
u2497812405,train
u2500316982,train
u2500529919,val
u2502019975,train
u2502990367,val
u2506212118,train
u2507735414,train
u2508018034,train
u2509208611,train
u2509381254,train
u2511020628,train
u2511564204,train
u2511895177,train
u2512429476,train
u2512998728,train
u2513247464,train
u2513318162,train
u2515474724,val
u2515547137,val
u2515591853,train
u2517122019,val
u2518800718,train
u2518975862,test
u2520043286,val
u2521277440,train
u2522772534,val
u2525220860,train
u2525480741,test
u2525531850,val
u2526241154,val
u2527587103,train
u2527904018,train
u2528032772,train
u2528472921,test
u2530425661,train
u2531172931,train
u2531843000,test
u2533023970,train
u2533024722,train
u2533126758,val
u2533215549,train
u2533662164,train
u2534264643,train
u2534427687,test
u2535451561,train
u2537814394,train
u2538172466,train
u2539873266,train
u2540890902,train
u2541047887,train
u2541088938,train
u2543529938,train
u2543884214,train
u2543888244,train
u2544013644,test
u2544267781,train
u2544574922,train
u2545137949,val
u2545759886,train
u2546418373,train
u2546797708,val
u2547531722,train
u2547648448,test
u2549407680,test
u2549407680,test
u2553499747,test
u2554592869,train
u2554930256,train
u2559086222,train
u2562341041,train
u2562972898,train
u2563510940,train
u2564161513,test
u2564282797,train
u2565145598,train
u2565431626,test
u2566645904,train
u2566850276,train
u2567679079,train
u2567832510,test
u2568296040,train
u2568659968,test
u2569245224,train
u2570527903,train
u2570770229,train
u2570842149,val
u2571330897,train
u2572271892,train
u2572625156,val
u2572695564,train
u2572869006,train
u2573265174,train
u2573466488,train
u2573833471,train
u2574471401,train
u2576060983,train
u2576310153,test
u2577329951,train
u2577519084,train
u2577596593,train
u2577886615,train
u2578704038,test
u2579550450,train
u2580307046,train
u2582754894,train
u2583210447,train
u2583867391,val
u2584040791,val
u2584667378,val
u2585978719,test
u2587079072,train
u2587760640,val
u2587888074,train
u2588569494,train
u2588841246,train
u2589181681,train
u2589717313,train
u2590160212,val
u2590335739,train
u2591005166,train
u2591320394,train
u2591443279,train
u2591690364,train
u2592325153,train
u2594958374,train
u2595424747,train
u2595602695,train
u2595621066,train
u2596275908,test
u2596589880,train
u2598796579,train
u2599121383,test
u2599196378,train
u2600639246,test
u2600943020,train
u2601091388,train
u2601739863,train
u2602920558,train
u2602959463,train
u2603132052,train
u2605336322,train
u2605452684,train
u2607880942,train
u2608768125,train
u2609293685,train
u2609516467,val
u2609560783,val
u2611489057,train
u2611789262,train
u2615853902,train
u2616062641,train
u2616339180,test
u2616592373,train
u2623061992,val
u2623605892,train
u2624101468,test
u2627371719,train
u2628719181,train
u2631015170,train
u2637036385,train
u2645980089,train
u2646749889,train
u2647375500,train
u2651353567,train
u2651501008,train
u2651796846,test
u2652182246,test
u2652239532,train
u2652379146,train
u2652828556,train
u2654306088,train
u2654381281,train
u2654428483,train
u2654680267,train
u2656629811,train
u2656796449,train
u2660171779,train
u2664366250,train
u2664730894,train
u2665398600,train
u2666597706,train
u2667389023,test
u2667495414,train
u2671163846,train
u2671179319,train
u2671556916,train
u2672671078,train
u2674935517,val
u2675172241,train
u2678208594,train
u2678228832,test
u2678290878,train
u2682132084,train
u2683830085,test
u2686761109,train
u2687019612,train
u2688277244,train
u2689850420,val
u2692521840,test
u2692749067,train
u2693885376,train
u2694183541,train
u2694921946,test
u2696268463,train
u2696593014,train
u2698179823,train
u2699899597,train
u2701793432,train
u2704715387,train
u2705140969,test
u2706720373,train
u2708815424,train
u2710243311,train
u2712875067,train
u2712902371,train
u2712956107,test
u2713954545,train
u2714051581,train
u2715046843,train
u2715099702,train
u2719560641,train
u2719650549,train
u2719800475,train
u2720379501,val
u2720506339,train
u2720751739,train
u2720792168,train
u2722918513,train
u2723217086,train
u2723963928,test
u2724173566,train
u2727044719,train
u2727429836,test
u2729087494,test
u2729142601,train
u2730475156,train
u2730824608,train
u2732012381,train
u2732073988,train
u2732480119,test
u2733846959,train
u2733945109,train
u2734762370,train
u2734786073,train
u2736471646,train
u2737293019,train
u2737428961,test
u2739253169,train
u2739826012,train
u2740284670,train
u2740736109,val
u2741862091,train
u2742200146,test
u2742459406,train
u2745754561,train
u2745782956,test
u2746027128,train
u2749818053,train
u2750548111,train
u2750612826,train
u2751421558,train
u2752135868,train
u2752145503,train
u2752420039,train
u2753232592,val
u2755883513,train
u2757364007,train
u2757695845,train
u2757704356,train
u2760829173,train
u2761212045,train
u2762298337,train
u2765191131,train
u2765788833,train
u2765789702,train
u2766042745,train
u2766283745,train
u2767708441,test
u2768217298,train
u2768455599,val
u2769253193,train
u2769381272,train
u2769983813,test
u2771098702,test
u2772272466,train
u2772516270,test
u2773662817,train
u2773797223,train
u2774879952,train
u2777967071,train
u2778549348,train
u2778672157,test
u2778976188,train
u2779511456,test
u2780850314,train
u2780986994,train
u2782621042,train
u2782910023,train
u2783132534,test
u2783543455,train
u2784336455,test
u2785038300,val
u2785317370,train
u2785982550,test
u2786353855,train
u2786353923,train
u2786363033,train
u2786405285,val
u2788130120,train
u2788223257,train
u2788863042,train
u2789007754,test
u2789893968,test
u2790334882,train
u2790396710,test
u2790403603,test
u2791376033,train
u2792539218,train
u2793056266,val
u2793278536,test
u2794543926,train
u2796202809,test
u2796357878,val
u2797458689,train
u2797706535,test
u2797855248,train
u2799409064,train
u2799696983,train
u2800204849,train
u2800387204,train
u2800847830,train
u2801042705,train
u2801529949,train
u2802579095,train
u2802922490,train
u2804182260,train
u2805875567,train
u2806966400,train
u2807547679,train
u2807660289,train
u2809134973,train
u2809803589,test
u2812536754,train
u2813365387,train
u2813464232,test
u2813658629,train
u2813792360,train
u2815119892,val
u2815285896,train
u2817513636,train
u2817674196,train
u2818429238,train
u2819401691,train
u2819961553,train
u2820643036,test
u2821108647,test
u2821197425,val
u2821451759,train
u2822106266,train
u2823694357,val
u2824031178,val
u2826178343,train
u2828242172,train
u2828480906,train
u2829932277,train
u2832801048,train
u2832896673,train
u2833644435,test
u2834546835,train
u2834606956,test
u2835276183,train
u2835331538,test
u2835431208,train
u2835646938,val
u2835989799,train
u2836111214,train
u2836365556,train
u2838767611,train
u2839205149,train
u2839641540,test
u2840669666,train
u2841002971,train
u2841191843,train
u2842282942,val
u2842298930,train
u2842853434,train
u2845262875,train
u2845804535,train
u2846098326,train
u2847665497,train
u2848235693,test
u2848795260,test
u2849685891,val
u2850038662,test
u2850640496,train
u2852146471,train
u2856722782,train
u2856963192,train
u2857781636,val
u2858773839,test
u2859009708,test
u2859135501,train
u2859456143,train
u2860160796,train
u2861885948,train
u2862906299,train
u2863408140,train
u2863584259,train
u2863759950,val
u2864379694,test
u2865100348,val
u2865358737,train
u2867228188,test
u2867945827,train
u2868192455,train
u2869101210,train
u2869825197,train
u2871094552,train
u2871309116,test
u2871497139,train
u2872029575,train
u2872518186,train
u2873801632,train
u2873876122,train
u2874132451,train
u2874886847,val
u2875081251,train
u2875350654,train
u2875793935,test
u2875793935,train
u2875900952,train
u2875942321,train
u2876314569,test
u2877152247,train
u2878419366,train
u2878552400,train
u2878971696,train
u2879631270,train
u2879710385,test
u2879878261,train
u2880905121,val
u2881040745,train
u2882501298,train
u2882519132,test
u2883160116,train
u2883341258,train
u2883376708,test
u2883475954,train
u2883654208,train
u2883966090,train
u2885229365,train
u2885746899,train
u2886337191,train
u2886531131,train
u2886972634,val
u2887146386,train
u2887801551,train
u2888659436,train
u2888895350,train
u2889152297,train
u2889468091,val
u2890770580,train
u2891875220,test
u2892235070,train
u2893302211,train
u2893927442,val
u2895499182,train
u2895891376,train
u2896065555,train
u2897757312,test
u2898645766,train
u2899750038,val
u2899841136,train
u2900173157,test
u2900275092,train
u2901094842,train
u2901907736,val
u2901999621,test
u2902199347,train
u2902674561,train
u2903315853,test
u2903355145,val
u2904119230,val
u2904254896,test
u2904492015,train
u2904622814,train
u2905415489,train
u2905437920,train
u2905559096,test
u2907774137,train
u2907896822,train
u2909818276,train
u2909910787,train
u2909940069,train
u2910350817,val
u2910544322,train
u2911697875,train
u2912355383,train
u2913320932,val
u2913452195,train
u2913673125,test
u2914424047,train
u2915469342,train
u2920075966,test
u2920350723,train
u2920741927,train
u2920980588,train
u2922562563,train
u2922906617,train
u2922928743,train
u2923160481,test
u2923371311,val
u2923738928,train
u2924437942,test
u2924521080,train
u2925413505,train
u2925747669,train
u2926600152,train
u2927657345,test
u2929130079,train
u2929239658,train
u2929544170,val
u2930156653,train
u2932695386,train
u2934250753,test
u2934428344,val
u2935607927,train
u2936495493,train
u2936733264,val
u2937681905,train
u2938616182,test
u2938624672,test
u2938937750,train
u2939998182,train
u2941221501,val
u2942191204,train
u2943088202,train
u2943507101,test
u2944874032,train
u2945540118,test
u2947218268,train
u2949773806,train
u2951213198,train
u2952682803,train
u2952968411,test
u2953298457,test
u2953396630,test
u2953912113,val
u2955712581,val
u2956121356,train
u2956797953,test
u2957050783,val
u2958465670,test
u2959017240,train
u2960488058,train
u2961710198,test
u2962443429,test
u2963731179,train
u2964769877,train
u2966334616,train
u2967455656,train
u2967901949,train
u2968574217,test
u2968747193,train
u2970742728,test
u2970935287,val
u2971164941,train
u2971821172,train
u2973599231,train
u2974453288,train
u2974711810,test
u2974719906,test
u2975317001,test
u2975579890,test
u2977814397,train
u2978037598,train
u2978849194,val
u2979646870,train
u2979867929,train
u2981339895,val
u2981346897,train
u2981968107,val
u2982269822,train
u2983087740,train
u2983642501,train
u2984496274,train
u2984900423,train
u2984950415,train
u2985238359,val
u2985639924,train
u2985654401,train
u2985862971,train
u2987824674,val
u2988618831,train
u2989269790,train
u2990458168,train
u2990629754,train
u2990638741,test
u2990977834,train
u2991299497,test
u2992610139,test
u2993283127,train
u2994523533,val
u2994715837,train
u2994945033,val
u2995155201,train
u2997615499,test
u2999698870,train
u2999992556,train
u3000567936,train
u3000814276,test
u3002060437,train
u3002226652,train
u3003341273,test
u3003743254,train
u3003951169,test
u3003964979,train
u3004086383,train
u3004553628,train
u3006068794,train
u3006318438,train
u3006357507,train
u3010502138,train
u3010544743,train
u3010686120,train
u3011056362,val
u3011623795,train
u3012193654,train
u3012909315,train
u3013038220,train
u3014076511,train
u3014190327,train
u3014491107,train
u3015890978,train
u3016557534,train
u3016661977,val
u3017753586,train
u3017887065,train
u3018190461,train
u3018252251,train
u3019144513,train
u3019818430,train
u3020131004,val
u3022130590,test
u3023072408,train
u3024767848,train
u3024789041,train
u3024928412,train
u3025012742,val
u3025143731,train
u3025704317,train
u3025719637,train
u3025942030,train
u3026207993,train
u3026892720,train
u3027007946,val
u3031050899,test
u3031483110,train
u3031778319,test
u3032082945,train
u3033830972,train
u3033869396,train
u3034916907,train
u3036013565,test
u3037070976,test
u3037813365,train
u3037921451,train
u3038041326,train
u3038983743,test
u3039118167,train
u3039231854,train
u3039467861,test
u3040047224,train
u3041574341,train
u3042470970,train
u3043492144,test
u3044717775,train
u3044985568,train
u3046908806,train
u3048582929,val
u3048596779,train
u3049213968,train
u3050205531,train
u3050241350,train
u3052045660,train
u3052798810,train
u3053097528,val
u3053530565,val
u3053651441,test
u3054344553,train
u3054361064,val
u3056394376,train
u3056731564,test
u3059155432,train
u3060075937,train
u3060082442,train
u3060478797,test
u3060573952,train
u3061315280,train
u3063724193,train
u3063766428,test
u3063892619,train
u3063924069,train
u3064320599,train
u3065485428,train
u3065891650,test
u3068537321,train
u3068835433,train
u3071128474,test
u3071586742,train
u3071914261,train
u3074142448,train
u3074868986,train
u3075571728,test
u3075691109,train
u3078067566,test
u3078395160,val
u3079387254,train
u3079463050,train
u3079891912,train
u3081558205,test
u3081774910,train
u3082871337,val
u3083825464,train
u3086903788,train
u3086938095,test
u3087027947,test
u3087556127,train
u3087557736,train
u3087685677,val
u3089098794,train
u3090159397,val
u3090371191,val
u3091935836,train
u3092005252,test
u3092134465,train
u3092518100,train
u3092522633,train
u3092528122,train
u3092582488,val
u3092696991,val
u3093242123,test
u3093525213,train
u3094342519,train
u3094649957,train
u3095738459,test
u3095809183,train
u3095842728,val
u3096586910,test
u3096816535,val
u3097146719,train
u3098162165,train
u3098354966,train
u3099560412,train
u3101542833,train
u3101588527,train
u3104269506,test
u3104284616,train
u3105132380,test
u3107139062,train
u3107988794,val
u3108033410,train
u3108461956,train
u3108863586,test
u3110243971,train
u3110276196,train
u3110372472,train
u3110754472,train
u3111429321,train
u3112950839,train
u3115003452,val
u3115446404,train
u3116066883,train
u3116332259,train
u3117671981,train
u3118474635,train
u3119040953,test
u3120661606,train
u3121251977,test
u3123214253,train
u3123236815,train
u3123751658,train
u3124287693,train
u3127947520,train
u3128688292,train
u3128958933,train
u3130630774,test
u3131376376,train
u3131573463,test
u3132018487,train
u3134039644,test
u3135485645,train
u3138637447,train
u3139490298,val
u3141985139,val
u3142349846,train
u3142863603,train
u3144664041,train
u3144877333,train
u3146085608,train
u3146471452,train
u3149487047,train
u3150092611,train
u3152477810,train
u3153574948,train
u3154008365,val
u3158071445,train
u3159240969,train
u3160713703,test
u3160933567,train
u3162054026,val
u3162144476,train
u3162262183,train
u3163141466,train
u3164767448,test
u3165098208,train
u3166125738,train
u3166330969,val
u3166457783,train
u3167290661,train
u3167496323,test
u3167778757,train
u3167993605,test
u3168085350,train
u3168263076,train
u3168680250,train
u3168785813,train
u3169652667,train
u3169721291,val
u3169916217,train
u3169963433,val
u3171150979,test
u3173416207,train
u3176239377,train
u3178310229,val
u3180671605,train
u3183456849,test
u3185512585,test
u3187309338,val
u3187616987,train
u3187884921,train
u3188480306,val
u3188723094,train
u3189990679,train
u3191821027,train
u3191865330,train
u3192737971,test
u3196230327,test
u3197017998,train
u3201570519,train
u3207390748,train
u3208852132,train
u3212706501,train
u3213737156,val
u3214498797,train
u3215140937,test
u3218244202,train
u3219188982,train
u3221284878,train
u3221406620,train
u3223903062,val
u3224063257,train
u3224500311,train
u3224592455,train
u3224623859,test
u3224988343,test
u3225530490,train
u3225863298,train
u3226122551,train
u3226162437,train
u3226551999,test
u3227556940,train
u3227709156,train
u3228486315,test
u3230379291,train
u3230813689,train
u3231517596,test
u3232828608,train
u3232924232,train
u3233725030,train
u3233891354,train
u3234144047,test
u3234171607,test
u3234201314,train
u3234756518,train
u3235265588,train
u3235933119,train
u3236013371,test
u3236217765,val
u3237848623,test
u3239066580,train
u3239278163,train
u3239963093,val
u3240385912,train
u3240859366,train
u3241172629,train
u3242142868,test
u3242149807,train
u3242948498,train
u3243468971,train
u3244043994,train
u3245129953,train
u3245552196,test
u3246247247,test
u3246253868,train
u3246765082,val
u3248669685,train
u3248753545,test
u3248845414,train
u3249271969,train
u3251931329,train
u3252463739,train
u3253601921,train
u3254857712,val
u3256715028,train
u3256868952,test
u3257225780,train
u3258014478,train
u3258061375,train
u3258222633,train
u3259442426,test
u3261072266,train
u3262723722,train
u3262800187,train
u3271587427,train
u3271683685,train
u3272813330,test
u3272914284,train
u3274643478,val
u3275247408,train
u3276885486,test
u3278749520,train
u3280763528,train
u3282487556,train
u3283670366,train
u3285119581,train
u3285328814,test
u3285965604,train
u3286212547,val
u3287999704,val
u3289388736,train
u3289451782,train
u3289945347,test
u3289968268,test
u3290195085,train
u3290392330,train
u3290526443,train
u3290544489,train
u3291305583,train
u3291306041,train
u3291760994,train
u3292745711,val
u3293011687,test
u3294352751,train
u3294512643,train
u3295074641,train
u3297045461,train
u3297475706,test
u3297793690,train
u3297876381,train
u3299003362,train
u3299485205,train
u3299882803,val
u3300258209,train
u3301106409,train
u3301237148,train
u3301643341,train
u3301768225,test
u3301884766,test
u3302377120,train
u3302594456,train
u3302818361,train
u3302903935,train
u3302967441,train
u3303163697,test
u3303695877,train
u3303758744,train
u3303974052,train
u3304478315,train
u3304548477,train
u3304925983,train
u3304964327,train
u3305395701,test
u3305783419,train
u3306688947,train
u3307276270,train
u3307406161,train
u3307710034,test
u3308142276,train
u3308228529,val
u3308228529,val
u3308366893,train
u3308597723,train
u3309054455,test
u3309110927,test
u3309375033,train
u3309626503,train
u3309825223,val
u3310124382,train
u3311009115,train
u3312108981,test
u3313667909,train
u3313698122,test
u3313910506,test
u3314048909,test
u3314732624,train
u3315395267,train
u3315496315,test
u3316358742,train
u3316439506,train
u3317513744,train
u3317684734,train
u3317762095,train
u3318135438,train
u3318185437,train
u3318648305,train
u3319213977,train
u3319680269,train
u3319725731,train
u3320357362,train
u3321159693,train
u3321767260,test
u3322072414,train
u3322477663,train
u3322844033,train
u3322912486,train
u3323276593,train
u3323294862,train
u3324033249,train
u3327553149,train
u3327709735,train
u3330707206,train
u3331113269,train
u3331173117,train
u3331382073,train
u3331399473,train
u3332757976,test
u3332950005,test
u3333256966,test
u3335731978,test
u3336693958,train
u3336873793,train
u3338970794,train
u3339061714,train
u3341083798,train
u3341947834,train
u3342354323,val
u3342969351,train
u3343222966,train
u3343873882,train
u3343944244,train
u3344556981,train
u3344705062,test
u3344897053,train
u3345484378,train
u3346820638,test
u3347594416,train
u3347652921,train
u3348185856,train
u3350938264,train
u3351632566,train
u3351905752,train
u3352322069,train
u3352671022,train
u3356441181,test
u3359217867,train
u3360138916,train
u3361224957,train
u3361669804,train
u3362748339,train
u3363584909,train
u3363735159,test
u3364415807,train
u3365526887,test
u3367334171,train
u3367834983,train
u3369334785,train
u3369549951,test
u3370660264,train
u3372730900,train
u3374008517,train
u3376778776,train
u3377536221,train
u3377846824,train
u3378202870,train
u3379300332,test
u3379820897,train
u3380227330,val
u3380886305,train
u3384328197,val
u3385726509,train
u3386978961,test
u3387013282,test
u3388708780,test
u3390071746,train
u3390502168,test
u3390591063,train
u3390988517,test
u3392703478,test
u3393237673,test
u3393742396,train
u3394733789,train
u3395534152,val
u3397663229,test
u3400698239,train
u3401470906,train
u3403277572,test
u3405077008,train
u3408606059,train
u3409898008,train
u3410166105,train
u3411436169,train
u3412052653,test
u3412135167,test
u3416829412,train
u3418179562,train
u3422200198,train
u3422312704,train
u3423735975,train
u3424399408,train
u3424848581,val
u3425661267,train
u3425900182,train
u3425918409,train
u3427978475,test
u3428281505,train
u3429057748,train
u3429542111,train
u3430194303,train
u3430269892,train
u3431488572,train
u3431897752,train
u3432963977,val
u3432995254,test
u3433871607,train
u3434662733,val
u3437798182,train
u3441046759,train
u3447877814,train
u3448709243,train
u3449208083,test
u3452096893,train
u3452096893,train
u3457000157,train
u3460735528,val
u3462961514,val
u3467931076,test
u3473022974,train
u3481170672,train
u3491698636,train
u3500548875,train
u3511430425,test
u3515085202,train
u3525077237,test
u3526187903,test
u3526463908,train
u3534920933,train
u3544081159,test
u3545535928,train
u3561566772,train
u3565141937,train
u3568748296,train
u3571029740,train
u3573010994,train
u3573287841,train
u3575360353,train
u3585328340,test
u3589968563,train
u3593120232,val
u3605919437,train
u3606002352,train
u3610739003,train
u3618354350,train
u3620096115,train
u3624591555,val
u3631604417,train
u3634881197,train
u3636502754,train
u3647740459,train
u3650487322,test
u3653118738,train
u3654439995,train
u3657047482,val
u3658451472,train
u3659641456,train
u3660744859,test
u3664677855,train
u3667255697,train
u3670178534,test
u3678521655,train
u3678834378,train
u3682599017,test
u3686545036,train
u3687721995,train
u3689006533,test
u3691052780,val
u3697013177,train
u3710097683,train
u3710398278,val
u3715501394,train
u3719034443,train
u3725655197,train
u3725665577,val
u3728294178,test
u3728484432,train
u3728951472,train
u3730019716,train
u3730648282,train
u3733312943,train
u3736612100,train
u3741979273,val
u3742460654,train
u3743398212,test
u3747626133,train
u3748065977,train
u3748323194,train
u3750663497,train
u3752217136,train
u3762482423,train
u3773563634,train
u3775360879,test
u3783264673,train
u3802705181,test
u3804459856,test
u3805219155,train
u3806029277,train
u3806229853,train
u3812415620,train
u3813896679,train
u3819442460,train
u3826243702,train
u3826634662,train
u3828327323,train
u3832109234,train
u3833554875,val
u3835806853,test
u3836199688,train
u3838287732,train
u3840603915,train
u3840969983,test
u3842925988,test
u3843733696,train
u3852089894,test
u3855729382,val
u3860269577,train
u3861332363,train
u3862592758,val
u3866529553,train
u3872933415,train
u3873335000,val
u3883954582,train
u3890280383,val
u3890738241,train
u3892541605,train
u3892758880,train
u3898931595,train
u3902122445,train
u3902889327,train
u3904993392,val
u3911388029,train
u3915253634,val
u3918267753,train
u3919171420,test
u3926900913,train
u3929773355,val
u3935828893,test
u3948308435,val
u3949422257,test
u3953367365,train
u3953717129,train
u3957817872,train
u3958302737,train
u3958405758,train
u3959119450,train
u3969170837,test
u3989248213,train
u3994652050,train
u3995717735,train
u4005934334,train
u4009869622,train
u4015946477,test
u4018395023,val
u4021650673,test
u4022761579,train
u4024721255,test
u4025059012,train
u4030163112,train
u4038190455,train
u4041507679,train
u4041824789,train
u4042702817,train
u4049143985,train
u4049149515,val
u4051271535,train
u4061198532,train
u4068347835,train
u4068616573,train
u4069461267,train
u4071778817,train
u4075161765,val
u4076775635,train
u4084877788,train
u4089122013,val
u4097386216,train
u4109659955,train
u4111988417,train
u4117972163,train
u4120985057,train
u4125868813,train
u4126122674,train
u4126378300,val
u4128537492,test
u4142639176,train
u4148042355,train
u4148449455,train
u4148772493,val
u4149757972,val
u4151979620,val
u4157477135,train
u4159171732,train
u4163900453,train
u4172212900,train
u4175657833,test
u4175956265,train
u4180791095,train
u4182338231,train
u4190966068,train
u4199649639,train
u4205582915,train
u4205706912,val
u4210880775,test
u4217492261,train
u4218360677,train
u4220984952,test
u4221272169,train
u4238564410,train
u4244069833,train
u4244466831,train
u4249565567,train
u4250736093,train
u4268836967,test
u4274691915,test
u4289106281,test
u4289971703,train
u4297118415,train
u4303298356,train
u4306715188,train
u4307032575,train
u4311016395,train
u4315713973,test
u4319296344,test
u4337530942,test
u4359789076,train
u4360481296,train
u4363150512,val
u4375683675,test
u4392955575,train
u4398278787,test
u4399175235,train
u4413478512,train
u4415805073,train
u4417285579,test
u4417467569,train
u4420065495,train
u4424685134,train
u4426466854,train
u4430022094,train
u4433557275,train
u4438412549,train
u4443992007,train
u4447496302,train
u4455308832,train
u4484652100,train
u4490396355,train
u4497365419,train
u4516893455,train
u4523325693,train
u4525199560,test
u4534589428,train
u4534608320,train
u4537696110,test
u4542801089,test
u4543078576,train
u4544245579,train
u4549119314,test
u4551643789,train
u4553997675,test
u4558044792,train
u4558932373,train
u4559961313,train
u4561161202,val
u4566832581,train
u4576420035,train
u4580617828,train
u4587677361,train
u4596260174,val
u4599599442,train
u4604114597,train
u4615806555,train
u4619926278,test
u4626588101,train
u4644707247,train
u4646156380,test
u4646713769,train
u4655995696,train
u4658134513,train
u4667591756,train
u4674734580,train
u4675338319,train
u4682100312,train
u4687560121,val
u4687801640,train
u4688688218,train
u4690816302,test
u4690897274,train
u4692297438,val
u4693655024,train
u4698356774,train
u4702650451,val
u4707090568,train
u4707876014,train
u4708128828,val
u4716718512,train
u4719782571,train
u4723596331,train
u4723934657,train
u4725768919,train
u4730583802,val
u4731316813,train
u4735805294,test
u4737606515,val
u4738006500,train
u4738598791,train
u4739320889,test
u4740672132,train
u4741834707,test
u4746935776,train
u4751947999,train
u4763858353,train
u4763942892,train
u4765364386,train
u4767193469,train
u4767381941,train
u4767568855,train
u4767659191,train
u4776752134,train
u4777814309,train
u4778117175,test
u4783690002,train
u4794180146,train
u4795670259,train
u4800642015,train
u4800747961,train
u4802175765,train
u4805005719,train
u4809822682,train
u4811379346,val
u4814250417,train
u4815017752,train
u4818468094,test
u4820804277,train
u4821628500,val
u4823364634,train
u4823667507,train
u4824409834,train
u4824486599,train
u4824869535,train
u4825225218,test
u4825398551,train
u4825481213,train
u4826209539,train
u4827409395,train
u4829335510,train
u4831459699,train
u4832426679,train
u4833056519,train
u4833067575,train
u4833090921,train
u4835251577,train
u4838080055,train
u4840178752,train
u4842888313,test
u4843248123,train
u4843731243,train
u4843948528,train
u4844184915,train
u4844352312,train
u4846242670,train
u4846407964,val
u4850430791,train
u4853479961,train
u4853965371,train
u4854028280,train
u4855602651,val
u4857336980,train
u4857465641,train
u4857888203,train
u4858602611,test
u4859166478,val
u4859599821,test
u4859777525,train
u4860680813,train
u4861510534,train
u4861598420,train
u4863031389,test
u4863548391,test
u4864783477,train
u4865114985,train
u4866165495,train
u4870109967,train
u4870750696,train
u4871724407,val
u4871766076,train
u4873950705,train
u4874199171,train
u4874292742,train
u4875673248,val
u4876211031,train
u4876511674,train
u4880287039,test
u4882558840,train
u4883081493,val
u4884316995,train
u4885609873,train
u4885734357,test
u4889040303,train
u4890000754,train
u4890059224,val
u4892305824,test
u4892858675,train
u4895341505,test
u4896762159,train
u4897371105,train
u4897392827,train
u4897480708,test
u4897599847,test
u4902546982,train
u4904718862,train
u4906493621,train
u4906890086,test
u4912562445,val
u4914371062,train
u4915429864,train
u4917369992,train
u4918384113,train
u4919333219,train
u4920409179,test
u4921158470,val
u4921614133,test
u694870792585240576,train
u695360370253234178,train
u696770355726262273,train
u698112592250826753,train
u699204595650863104,train
u699226311726755840,train
u700423347818123264,train
u700424782840516608,train
u700452609388376064,train
u700654208651931648,train
u700806184182239233,train
u701187509498355713,test
u701352851893784578,test
u701783933436895232,train
u701817337570271232,train
u701819506553917440,val
u702264372115038208,val
u702273414229311489,test
u702463263708155904,train
u702856798445895680,train
u703240195961847809,train
u703280263447584769,val
u703349000737435648,val
u703349000737435648,val
u703449628792979456,train
u703468647788974080,train
u703640251378618369,val
u703669166188826624,val
u703967809974439938,val
u703981680718172161,train
u704245272075960322,val
u704275542648819712,train
u704306345646923776,val
u704317171955081216,val
u704416055620276225,train
u704657222727540738,train
u704691627357507584,test
u704723879156162560,train
u705359073798201344,train
u705366647985430528,train
u705392995298717697,train
u705408898652639236,train
u705539763349164032,train
u705564459809378304,test
u705850200473010178,train
u705981031107526658,train
u706289722004545536,train
u706515550088929284,train
u706618129749663744,train
u706657845576654853,train
u706800925394997249,train
u706863698976051200,train
u706910608663453698,train
u706913859966275585,test
u707120382394941440,train
u707140218416185344,test
u707186570525331457,val
u707291326644097024,test
u707484470392332288,train
u707486083961851904,val
u707530130726453248,train
u707584830503063552,train
u707685816265523201,test
u707712372048326656,train
u707795850932658177,train
u707831821707251713,test
u707879763315036162,train
u707881648428290048,test
u708015077010624513,train
u709039503235616770,train
u709119819883421696,train
u709124101311483905,val
u709151752294105089,test
u709205490341797888,val
u709213739145437184,test
u709228316230705152,test
u709705023605895169,train
u709747443819098112,train
u710007161280204802,train
u710212754821550080,train
u710425811925471232,train
u710463119886262272,train
u710496174000709632,train
u710509944072757248,train
u710588606771961856,test
u710606442143883265,train
u710708121363046400,train
u710928824461090816,test
u711052684191731712,val
u711181128355356672,train
u711923017375473664,train
u712012171031420928,train
u712218954240888832,train
u712235001480237057,train
u712484746467520512,train
u712580569713008640,test
u712582663916236800,train
u712653126633971712,val
u712696265071407104,train
u712755195705483265,train
u712911880642113537,train
u712926178877837312,train
u713057568466153472,train
u713090149609934848,train
u713091816757837826,train
u713189138107928577,train
u713389493076758528,test
u713536486075932673,train
u713855504393617408,train
u713870858125774848,train
u714135850934734849,train
u714156875919532032,train
u714196520388562944,train
u714203308282523649,test
u714270520909307904,test
u714286688676110336,train
u714447618777202688,val
u715215516072153088,train
u715420570700095488,train
u715426143457951744,train
u715841701005406208,train
u715884022577119232,train
u715909745811525632,test
u715939177083211776,train
u716361791471636480,test
u716520630380658688,test
u716576919328841728,train
u716932996452990976,train
u716945431427584001,test
u716980203902341121,train
u716984474001547265,val
u717021859787702274,train
u717339625413423104,train
u717394321864015872,train
u717456558922330113,test
u717635274214400000,test
u717728022011326464,train
u717925993793654784,train
u718220293546897409,train
u718432209712103428,train
u718495181914316801,train
u718554927438520320,train
u718724923930316800,test
u718779366134648834,val
u718855947947352064,train
u718915346774769664,train
u719382012407128064,train
u719479964945510400,train
u719894583178575872,val
u719964564167749633,val
u720003716544204800,test
u720211661014048768,train
u720264122819047425,train
u720387819223420928,test
u720416585458933760,train
u720488153216393217,train
u720596803754795008,train
u720730223541678080,test
u721050200207450112,test
u721148093123674113,val
u721309216603029504,val
u721342263746510848,train
u721451316489383936,train
u721604994726633472,train
u721610114403160064,train
u721686963770798080,test
u721723453041156097,test
u721780141219647488,train
u721826174733684736,val
u721912473092243456,train
u721940682307452928,train
u721992447585337344,train
u722067485613277186,train
u722123178445815808,train
u722349070031986689,train
u722528529716383744,train
u722711827650633729,train
u722750684827758592,train
u723120994588626945,test
u723270639025459201,test
u723273932325965824,train
u723305366277238785,train
u723379184458825728,train
u723381396295671808,train
u723643103341645824,val
u723651522257670144,train
u724155200097947648,test
u724184714056216577,train
u724489368434565120,test
u724500636365144064,train
u724604869659631616,val
u724626500121706497,val
u724841631179001856,train
u725219970905456640,train
u725325757589929984,test
u725379434451185665,train
u725395562405703681,train
u725442233189732352,val
u725654956296925184,val
u725828010490888196,val
u725979000057810944,train
u726128524944355328,train
u726267360240275456,train
u726419781574885377,train
u726562242011897856,train
u726727268391878656,test
u726909074672128001,test
u726942811786981376,train
u727155379772252160,train
u727172376392294401,train
u727320480236056576,train
u727585810178973697,train
u727689565901709312,train
u728233225190027264,train
u728239682975346688,train
u728484472568610816,test
u728517343152898048,test
u728746182307160065,test
u729345305632772100,train
u729349975860219904,train
u729365546861498368,train
u729467746006794241,train
u729517590305898496,train
u729614518771294210,train
u729666382384619521,test
u729842543228276736,train
u730351973384499200,val
u730408720056893440,train
u730520573701443584,train
u731249155574652928,train
u731443852507222016,train
u731478516181565440,train
u731783723796992000,train
u731939832646242304,test
u732030006226882560,train
u732032846848614400,train
u732089734923620352,test
u732110905987588096,val
u732174947548864512,train
u732624937295478784,test
u732642576566640640,test
u732854787658633216,train
u732888188088397824,train
u732937238162505728,train
u733147937677529088,test
u733491499984248832,train
u733534353108541440,train
u733680190925230080,train
u733729083599794176,train
u734076644449746945,train
u734653569576673280,train
u735141088047042560,train
u735497235702685697,test
u735525033448210432,test
u735834024157925376,test
u735872609691258880,train
u735984245806661632,val
u736100258774552577,train
u736277537395904512,train
u736292801902739460,val
u737089715392876544,train
u737126388403048448,test
u737584584234139648,test
u737619489827749888,train
u737855483583823874,train
u738082564351627265,train
u738088071149785088,test
u738118115595165697,train
u738157842423635970,train
u738306811808206848,train
u738363248886566913,train
u738722545638072321,test
u738780572231868417,train
u738803172991373312,train
u739069936019083265,train
u739133515170729984,train
u739375182259888128,train
u739394173804138496,train
u740256827997294592,val
u740452459206856704,train
u740524794823770112,train
u740555370591031296,test
u740565157927997441,train
u740669128193638400,train
u740920476202110976,train
u741213435224936449,train
u741389628083691525,train
u741502200996716544,train
u741587730199511041,test
u741647832415756292,test
u741936276077707264,train
u742011320581640192,test
u742091629289316352,train
u742150082871582720,test
u742399574426279937,val
u742684897307963393,train
u742693590921555968,train
u743037910476304385,train
u743151671077928961,train
u743183254665175040,train
u743249317885009925,train
u743292799286534144,train
u743581754120888320,train
u743696568939753475,train
u743755458976985088,test
u743763819491622912,train
u743814040670056449,train
u743819000275177476,test
u743917727820058626,train
u743917958527913985,test
u744076104818790400,val
u744260316284911616,train
u744301448721219585,train
u744465310489550848,test
u744542394058694658,train
u744854738441805824,val
u744918326246203393,train
u745004005621784576,train
u745005274784751616,val
u745052936951078918,test
u745240964852224000,train
u745294695220158464,val
u745309291326865408,train
u745329505745526785,train
u745618491429031936,train
u745754813577715712,test
u746072947601858560,test
u746468202784428032,test
u746480292983013376,train
u746726308651081728,train
u747212842470891520,train
u747469350714519552,test
u747487140611686401,train
u747497269302198272,train
u747512739946336256,train
u747658436133937152,train
u747703114824822784,train
u747844924243083265,train
u748018641652842500,train
u748166368713908224,train
u748185011191316480,val
u748528569064710145,val
u748558804783075328,test
u749640763059933184,train
u749849728662245376,train
u750020982581125120,test
u750032587809288193,val
u750375848419602432,test
u750573837977284608,test
u750931618001453056,train
u751068588686110720,train
u751090044430147584,train
u751245426578190336,train
u751316235195969536,train
u751514872928763905,test
u751514872928763905,train
u751693380854439936,train
u751776051987148800,train
u751844218985865216,train
u752487999800094720,train
u752610984276135940,train
u752622297622671361,train
u752745768025485312,train
u752866861826600961,train
u752956747292082176,train
u753057780383166464,val
u753165526566899713,train
u753337720030760960,train
u753638505281097733,train
u753646988151881728,train
u753677792039079937,train
u753822924876820480,train
u753927090471333888,train
u753990660823388164,train
u754479301718843392,train
u754492834242236416,train
u754496482531827712,test
u754679717194764288,train
u754735985703858178,train
u754891923127611393,test
u755122072095977473,test
u755135678422327296,train
u755299775298277376,train
u755362053984964609,test
u755365986757337088,train
u755418403050024960,test
u755487198154141696,train
u755565301744361473,test
u755815665118932998,train
u755854671953080320,train
u755877821671702528,train
u756326958946922496,train
u756587777534418946,train
u756685628746698752,train
u756779024832196608,train
u756836741823291392,train
u756867859616325632,train
u756974432648695809,train
u757057772546560000,train
u757265807747325953,test
u757327643826094080,train
u757361493423820804,train
u757590895709466624,train
u757992869076537345,train
u757994457409003520,val
u758514687696785408,train
u758517041124913152,train
u758665131110739972,test
u758698214509936640,train
u759129401032253440,train
u759474375292809216,train
u759719890278191104,train
u759963581001728000,train
u760215100670242820,test
u760219193195302912,train
u760239565047263232,train
u760420730307653632,train
u760547938850447360,train
u760595303544201217,train
u761045952912199685,train
u761149951829241856,train
u761182689277927424,test
u761315949458952192,test
u761328987758923777,train
u761646386223812608,val
u761737710386024448,train
u761996438247092224,train
u762014236893732864,train
u762020411601068033,train
u762035281730166785,train
u762354957605560320,train
u762495101243318272,test
u762873130406727683,train
u763052115392593920,train
u763153355669594113,test
u763259380137467904,train
u763432576375779328,train
u763784118576439297,train
u763974897286598657,test
u764088549230702592,train
u764185546239410176,test
u764546769015361536,test
u764746145918771200,train
u764814651032952832,train
u765069732579975168,train
u765194112765014017,train
u765241902325174272,val
u765248727560761344,train
u765471365856055296,train
u765553881380163584,train
u765691630879928327,train
u765777223857086464,train
u765842460895391744,train
u765918946734247936,train
u765979966412578816,train
u766009098097856512,train
u766197247990267904,test
u766368427749609472,train
u766586133455273984,train
u766631690596978688,train
u767140361089130497,train
u767327208654245888,val
u767531882670018560,train
u768130666659590145,train
u768550272624955392,train
u769103785083998208,train
u769156023357542400,train
u769225825300443137,train
u769276958542737408,train
u769279457387540480,train
u769287203361087488,train
u769485867790569472,train
u769504624160178176,train
u769545796597395456,train
u769766440912187392,train
u770023227942899712,train
u770276030267482112,train
u770306017498247170,train
u771030124422696960,train
u771102358243860480,train
u771131788106272768,train
u771359348782235648,train
u771550330144161793,train
u771758047412748288,train
u771893674712166400,val
u772016107096014848,train
u772751482999414784,train
u772876897613189121,test
u773015684758511616,train
u773578611416764416,train
u773624538051543040,train
u773764049217650688,train
u773937115897929729,train
u774498256055209984,train
u774510439824822273,train
u774816990347354112,train
u775064818256584706,train
u775380605152272384,test
u775393656693850112,test
u775449081682493445,train
u775449094739197953,test
u775622474725601280,test
u775631611878596608,train
u775656901254209537,train
u775699687647154177,train
u775705779802370048,val
u775727675344318464,train
u775776621525598209,train
u775857587887616000,val
u775884428858064906,train
u776085967992152064,test
u776288171675955200,train
u776450766710136832,train
u776585502606721024,train
u777038685200080896,val
u777080277948477441,val
u777268777520168961,test
u777333619530534912,train
u777531503186018304,train
u777630511409815552,test
u778275602650558464,train
u778330565829390336,train
u778764142412984320,train
u778925259806371840,test
u778944333256986624,test
u779093220357615616,train
u779141414193987584,train
u779191919159156736,val
u779198281448431616,train
u779266494270173187,train
u779318939851616256,train
u779332774809497600,train
u779416353019203584,train
u780152675602235392,train
u780399461436645376,train
u780406216342200320,train
u780573361000722432,train
u780575699035840512,val
u780594449655005184,test
u780633771829669888,train
u780738076544868352,train
u780740537326325760,train
u780896731601002496,train
u780979080887996417,val
u781109654285848576,train
u781283714550665216,train
u781369249008750592,train
u781417619484180481,train
u781584454884159488,train
u781651818719961092,val
u781673283829788672,train
u781808871161655296,train
u781946299717394433,test
u781982295863484456,train
u782359149267054592,train
u782552438855208960,train
u782716665150705664,train
u782867962403381248,test
u782973815496192000,train
u783061931334766596,train
u783252675710242816,val
u783575983408513024,train
u783808494470168577,train
u783999911465365504,val
u783999911465365504,val
u784129606655893508,train
u784321838205706240,train
u784890784273215488,train
u785057074795409408,val
u785099695895015424,test
u785284455770497024,train
u785650106783584256,train
u786051065003118592,test
u786057442601959424,train
u786270268779958272,test
u786332275755458560,train
u786444127101517824,train
u786617659592962050,test
u786686832008396800,test
u786694833989705733,train
u786804744069128193,train
u786857745098084352,train
u786873444935749632,train
u787038971499012096,train
u787068168028221440,test
u787384509444612096,val
u787645047542087680,train
u787645047542087680,train
u787907879802064897,train
u787955435340963840,val
u788009899322212353,test
u788065764255211520,train
u788221030783266816,train
u788387429069627393,test
u788533935886077952,val
u788707107990274049,train
u788707346759421952,train
u788719920787787776,test
u788796409226985472,train
u788842790838906880,test
u788851519064010754,train
u788860249033670656,train
u788884510846902272,test
u789211741850853376,train
u789923132425445376,train
u789937733074640896,train
u789974427098165248,train
u790537138764849152,train
u790538990436974593,test
u790736502049439744,train
u790959772468072453,test
u791084665247371264,train
u792005315088773121,test
u792067425659260928,train
u792138944187990016,val
u792257203667365892,train
u792696877850456064,val
u792762680322973697,test
u792818827079798784,test
u792829948113227776,train
u793288660040896512,train
u793523423775424512,train
u793549784682553346,test
u793558143653511169,val
u793931776045576192,train
u794194936740646912,test
u794270482015125511,train
u794587065329520640,val
u794632864256196608,train
u794921795073822720,test
u795022747357343744,test
u795044265210560513,train
u795196341337079808,val
u795216257339555840,train
u795581547512496129,train
u795890560884244480,val
u796074734953893888,val
u796092645193846784,train
u796336485767122944,train
u796337426524475392,train
u796402994422173697,val
u796409200767139840,test
u796777451917557760,train
u796798652102668289,test
u796974685288157184,train
u797474812004331520,train
u797872735070265344,train
u798181519109955585,train
u798341195328028672,train
u798375537139974144,val
u798485038648193024,train
u798509188326498305,train
u798578764129140737,train
u798883207508795392,train
u799178390829838340,train
u799312507986935808,test
u799377581590118401,train
u799482390825619456,train
u799739582032072704,train
u799776686153703424,train
u799990739891425280,train
u800591784858370048,train
u800765415836135424,train
u800781612325535744,train
u800811486843047936,test
u800826311145062400,train
u801322982828285952,train
u801364461361790976,test
u801718427870199808,train
u801758085995986948,train
u801879070766153728,train
u802228101782573056,test
u802516905814880256,train
u802615428711268352,train
u802703861668610048,train
u802771255342469120,train
u802962842177728512,train
u803248849150152704,train
u803462690568019968,val
u803652792187400192,train
u803805945314742272,train
u803882049484398592,train
u804184132951691264,test
u804256452227596288,train
u804264419022766080,test
u804279990636474368,train
u804282990146658304,test
u804370923272933376,test
u804588965625892864,train
u804673151183495168,val
u804729990201962497,train
u804734898930151424,train
u804787323640680448,train
u805265652848136192,train
u805340075802460160,train
u805690811413184512,test
u805704173631115264,test
u805803658151690240,train
u805942710314139648,train
u805951640129781760,test
u806058672619212800,train
u806110972515676160,train
u806344552718045184,train
u806460336471584768,train
u806530892978147328,test
u806554362919030784,train
u806609267985891328,test
u806650990648770560,train
u806718709326893056,train
u806906071348547585,train
u807175975423373312,val
u807233040825126912,train
u807519843834597377,train
u807549204914667520,train
u807689304206180352,test
u808012567549542404,train
u808051702591012864,train
u808105242080460801,train
u808412928374403076,train
u808483502417215488,train
u808623855497379840,train
u808815172794118145,train
u808844440731316224,train
u809392706170617856,val
u809427007587155968,test
u809471061947334657,train
u809479999296335872,train
u809539676503703553,train
u809689990896685056,train
u809828187588788224,train
u809999219213930498,train
u810568055554277376,train
u810580189818290176,train
u810612243448610817,test
u810752890012831744,train
u810862406398345217,test
u811035478514405376,train
u811111583384485888,train
u811197852563206145,train
u811229675758505984,train
u811255817039126529,train
u811408471652347904,train
u811538725192826884,train
u811840379733606401,train
u811874704772501504,train
u811948282427621376,test
u811972460560019456,train
u812247366900346885,train
u812544946859343872,train
u812926437032390656,train
u812938399250165760,test
u813054739936067585,train
u813176796854231040,train
u813623587001290755,train
u813772585208946689,train
u814022763908366336,train
u814156749196427264,val
u814160194515177472,val
u814246648826232832,train
u814425348641202177,train
u814518981579022336,train
u814572401153474560,train
u815037408827805696,val
u815129038427521024,val
u815138720051511296,train
u815162980396568576,train
u815163721471299586,train
u815219657993023488,val
u815581209862565888,val
u815656520193024000,train
u815731546074320900,train
u815826614252666880,train
u815916854195683328,train
u816061098231296000,train
u816094162768556033,val
u816175307132698624,train
u816263912630996996,train
u816336945110511617,train
u816548258344476672,train
u816646064493170688,train
u816722707194740736,train
u816780305579315201,test
u816920269537378304,val
u817461289081409536,train
u817687407491432448,val
u817901661192671232,train
u818030056182312960,val
u818077433362530304,test
u818115381156081664,val
u818154526423322624,train
u818282957618216960,train
u818349091750957056,test
u818401525882036224,train
u818480916360110080,train
u818577976619102208,train
u818753677888552961,val
u818902892652466176,train
u819107989638545408,test
u819224053919739904,train
u819265273530347521,train
u819534730701996032,train
u819620040819535872,train
u819756020197167104,train
u819854630926557189,train
u819881576330915840,test
u819991243073712133,train
u820337659218423808,train
u820354372827758592,train
u820367095120547841,train
u820394958372933633,train
u820720451890642944,train
u821012561877467137,test
u821073527906463744,train
u821122178888384517,train
u821217950401175552,val
u821319246986833921,train
u822034174638964736,train
u822156563641225221,train
u822177562516475904,train
u822215679726100480,train
u822426735136350208,test
u822565531828023297,train
u822603100171227136,test
u822774917867405313,train
u822792734041894913,train
u822825233203728384,train
u822845135293714433,train
u822902396582068225,train
u823017371262746624,val
u823152932329758721,train
u823518894182846464,test
u823839719335161856,train
u823905881448452096,train
u823989578264702976,train
u824007742532763648,test
u824422377442439168,train
u824493881031094272,train
u824523311044579328,test
u824556974813708288,train
u824647924428656640,train
u824881173310509057,train
u824883890657452032,train
u825020010192048129,train
u825116623698788352,train
u825605087103946753,val
u825760357654339588,train
u825775742323683331,train
u825915542225575936,train
u826096463402905600,train
u826108735827345410,train
u826288847562559488,train
u826324181436530689,train
u826592275375460355,test
u826913092227444742,test
u826924032444338177,train
u826929286380658688,val
u826974719819780096,train
u827163441597075456,train
u827297417473228801,train
u827525885246971904,test
u827792060837027840,train
u827931545721675776,train
u828079985751519233,train
u828301184368783360,test
u828388065664172035,test
u828551849707962368,train
u828728154193698816,train
u828871988873531392,train
u829055807643906049,train
u829142920985006080,train
u829281727013122052,test
u829405647124852736,train
u829645104180719616,train
u830047699022053377,val
u830114383770550272,train
u830186741017481216,train
u830402742224949248,train
u830514077055201280,train
u830693383303630848,train
u830858968272687109,train
u830871162917888002,train
u830925823322554368,test
u830935388759810048,test
u830960706753212416,train
u831096964066406402,test
u831129270252498944,train
u831389572319866880,train
u831431567671193600,val
u831528248710459396,train
u831779353142902784,train
u831838521694552065,train
u832129281127899136,test
u832154897768448001,val
u832234435709960193,train
u832271187019444224,train
u832503334749741056,train
u832869611934674945,train
u832885476306542594,test
u832898374085070851,train
u833431064521691137,val
u833447476375859201,train
u833453763075637248,train
u833494644197560321,train
u833587995928178692,train
u833627175974735877,train
u833802223117271040,train
u833807623409504262,test
u833912184807817216,train
u834092482799497217,train
u834126818236063744,train
u834391594098950145,train
u834407124088168448,train
u834425591310884865,test
u834609484781723648,train
u834699977829945344,train
u834860341553041408,train
u834872136477057025,train
u835039018001674240,train
u835762217358237696,val
u835956893747118080,train
u836265656991494146,train
u836359727265243136,train
u836664922498969600,train
u836678619166486529,test
u836912308127469570,train
u837361646783844354,train
u837658486121070592,train
u837843389341122560,test
u837867651078610944,val
u838004757406986240,train
u838024053986213888,test
u838256318356017154,train
u838435305564827649,train
u838492066070081539,train
u838748483158933507,train
u838791756980310016,train
u839082941036789760,train
u839115823142817792,train
u839121240677724160,train
u839158373526437892,val
u839341784798912513,train
u839454451245203457,train
u839492111603019776,train
u839556374518353921,train
u839564059485724672,val
u839603919454158848,train
u839678149839331328,train
u839779832238129152,train
u839859642184388609,train
u839936262639321090,train
u840599781957226497,train
u840746981190447105,train
u841338232906354689,train
u841370824544251904,train
u841404746330177540,train
u841740944542171139,train
u841787910051504128,test
u842041846553550849,val
u842245697491496960,train
u842352355618242560,train
u842422714677764096,train
u842688989865918466,test
u842790983179927554,val
u843076085596262400,train
u843097737541419008,train
u843169024594886658,train
u843171782102319105,train
u843290248792735744,train
u843655910820069376,train
u843715473967603716,val
u843874109553565698,train
u843955080135086081,train
u843992461601050624,train
u844002284136742912,train
u844094461474873348,train
u844203397310046209,test
u844647043134054400,train
u844666695499333634,train
u844872419479359489,val
u845342056780226560,train
u845347157553135616,train
u846086879221071874,train
u846196671419731969,train
u846417084192055296,train
u846427416473944064,train
u846526909995536384,train
u846652757671100416,train
u846708783636189184,test
u847023691724664832,train
u847090917718810625,train
u847429259836538880,val
u847556014912274432,test
u847801154473996288,train
u847831007021551617,val
u847899191426908160,train
u847942285098725376,train
u847946727311233024,test
u848263240673046528,train
u848504113260351489,train
u848606882587693061,train
u848761356962545665,train
u849460073021796353,train
u849998347720990720,test
u850067449491857408,train
u850070481344528385,test
u850283620447248384,train
u850454632560300032,train
u850540298149261312,train
u850639773374889984,train
u850645947545767936,train
u850705908036378626,test
u851193949494628352,val
u851603329436332036,train
u851631929019572224,val
u851718299977121793,train
u851811222076968960,train
u851985789072408576,train
u852058527988428800,test
u852116555945172992,val
u852209269604831232,val
u852245283861925888,train
u852268113697660932,train
u852337040431525890,train
u852439354526101504,train
u852533458668748804,train
u852563822313385984,val
u852577770085502976,train
u852789899145076737,val
u852845856319565828,train
u852856132632797184,test
u852932962240741376,train
u852956673438351360,train
u853028992596807680,train
u853082356978130944,train
u853087667214352384,train
u853139477572792320,test
u853411771184500737,train
u853517380848431105,train
u853585683939811329,train
u854880727124647936,val
u855069393864216576,val
u855183726552240129,train
u855236444322799616,test
u855456408762011649,train
u855482971868069890,train
u855487392068841472,train
u855580663004635136,train
u855649442715713537,train
u855714122880749568,train
u855742402950287361,test
u855749764251611136,train
u856019182600716288,train
u856155592578158592,train
u856175729867935746,val
u856198068156252160,train
u856242953358016513,train
u856355721192984576,val
u856416027227430912,test
u856432904108421120,train
u856522854917124097,train
u856584021358280704,train
u857047062860382208,train
u857065685402431489,train
u857247519834767360,train
u857475249486536704,val
u857552677470908416,val
u857600679019413504,train
u857618277325058048,test
u857628381793447937,test
u857722144809246722,train
u857801472897155072,train
u857957614034059264,train
u858114187893116929,train
u858190940678258688,val
u858342690517377025,train
u858422332733501443,train
u858685673058033664,train
u858690583220674561,train
u858865370807115776,test
u858866473334210560,train
u858995004802465792,train
u859018776049856514,train
u859021665912619008,val
u859058607094157313,train
u859326308483911681,test
u859611609685164033,train
u859714501331038208,train
u859957429668392960,train
u859969123102539777,train
u860187639932219397,train
u860196768922914818,test
u860214818334179328,train
u860243795421671424,test
u860298638882332672,test
u860322134928670720,train
u860781730315292672,train
u861585151867879425,train
u861597308881948674,val
u861702441569361920,train
u861881823412064256,test
u862096441178820608,train
u862223936704180224,train
u863090413640572930,val
u863103021886124036,train
u863103045378260992,train
u863829045619896329,train
u863942680061063168,train
u864068095807303680,train
u864305332075364352,train
u864560037821370369,train
u864588778886881280,train
u864775893838954496,train
u864785692257169409,train
u864856377339990016,train
u864879958379966464,train
u864987000197140480,train
u865086135214755840,train
u865185081836658688,train
u865293871089102848,train
u865461891820249089,train
u865475647677714432,train
u865549909381890048,train
u865631220524212227,train
u865644456476688384,train
u865849287644635136,test
u866040719278059521,train
u866306487156695041,test
u866361334530813954,train
u866987004306874370,train
u867074541092306944,test
u867253360910635008,train
u867406584476909568,train
u867519541026402305,train
u867558693939945472,test
u867721005564809216,test
u867750248990392321,train
u867874653695377409,train
u868521026866622464,val
u868521026866622464,val
u868576481693270017,test
u868832989190406149,train
u868850293563211778,test
u869121934621122561,train
u869292811857866752,train
u869356058690670594,test
u869896317262344193,train
u869914029518663680,train
u870272320673390592,train
u870438268030128128,val
u870576101109768192,train
u870628701947539460,train
u870676588622340100,test
u871016931213619200,train
u871025322568724481,train
u871108037720846336,test
u871748613260673024,train
u872038955352510464,train
u872057469069119490,train
u872424826291576832,train
u872436801125969921,train
u872518859152125952,train
u872833507042754560,train
u872886948364509184,train
u873264852516708352,train
u873534859259650048,train
u873645137028673536,train
u873887327113707520,train
u873896019758465024,train
u874028069023043589,train
u874217977184477185,train
u874244525098762244,train
u874245923236433920,train
u874305169890172928,train
u874310395875295232,train
u874578297031708679,test
u874592708093816833,test
u874638932453076992,train
u874711855763267584,train
u874819301416599552,train
u874910671133081601,train
u875023920906326016,train
u875038652266577922,train
u875408064337371136,train
u875430125130596353,train
u875447213878423552,test
u875748450532380672,test
u875776212341329920,train
u876398340862291968,test
u876411779160702976,train
u876697144811376641,train
u876725880806031361,train
u876759750662393856,train
u876766560433647617,train
u876895425835479041,train
u876991383093075972,test
u877062587199967232,train
u877228722927136768,train
u877252743282515968,train
u877714558063964166,train
u877763988389363715,train
u877856679303434244,test
u877910158655016960,train
u878030287174762498,train
u878058994601938944,train
u878135994037526529,train
u878247600096509952,train
u878315447048839168,test
u878426345440768005,train
u878635790523408384,train
u878974208998383616,test
u879049385182625792,test
u879124379451351041,train
u879374013688147970,train
u879378695663697920,test
u879428521537540097,train
u879456634413740032,test
u879663599815467008,test
u879678938238332928,train
u879749842586804229,val
u879865228678311936,train
u880165524600221697,train
u880407847690829824,test
u880412538625810432,train
u880418855465746434,train
u880444462572294144,test
u880479771645300736,train
u880663206154424320,train
u880778157892268033,val
u880808907282808833,train
u881103270197866497,train
u881141157073489920,train
u881191552546095108,train
u881371616000823296,val
u881615056437297152,train
u881650677797330944,train
u881761012008968192,train
u881833264419397633,train
u881852239656169472,test
u881904772076515329,train
u881918430508716033,train
u882171122657185792,test
u882271960771833857,train
u882595842103721985,test
u882737115808792576,train
u882764640589139968,train
u883159967162707969,train
u883239929131679744,train
u883371539923685376,train
u883515895968083968,test
u883535804273971200,val
u884143865908932608,test
u884423533899763712,train
u884490700942868481,train
u884725831054098432,test
u884952657311309824,train
u885043239832756224,test
u885163612947582976,test
u885500581212811264,train
u885642644629721088,train
u885643207283023874,train
u885835554776121344,train
u885836462918443009,test
u886299065763450883,train
u886749256807100416,train
u886937364777402369,test
u886947554696605696,test
u886974624898195457,train
u887068685176885248,train
u887313737090297856,test
u887365783105359876,train
u887464432430850048,test
u887474399292600320,train
u887491655619706881,train
u887546051539779584,train
u887606425479856128,train
u887664671028858880,train
u887709237861896194,test
u887715484484980737,train
u888008088577593344,train
u888088314019930112,val
u888098950833557504,train
u888236870345293824,train
u888275480033476610,train
u888442544161517568,train
u888779235627868161,train
u889058991418068993,train
u889096104859627520,train
u889102418868412416,train
u889108058336571392,train
u889647698936307712,train
u889806868100644864,train
u889871558088417281,test
u889876157935611904,train
u889945950013313026,train
u889968241556295680,train
u890160325449961472,test
u890161945197891584,train
u890431128980656128,val
u890531004661858305,train
u890590789813841920,train
u890641842047508481,val
u890641842047508481,val
u890765379076673541,train
u890929845240254464,train
u891007619787235328,test
u891077171673931776,val
u891116080646803456,train
u891292956916887553,val
u891320201983270914,train
u891617148275216384,train
u891735027142283264,train
u891933677940121600,train
u892159508016975876,test
u892221362558951425,test
u892225119422205953,test
u892273881179762688,val
u892485018228068352,test
u892587922251280385,train
u892647651732103168,train
u892679289832951809,train
u892753640917803008,train
u892916916666466304,train
u893046370189418496,train
u893052263077466112,train
u893059644129550336,train
u893204174179094528,train
u893292923873308672,train
u893368955003256832,train
u893412709311496192,train
u893434888120041473,test
u893580503495868416,train
u893882282175471616,test
u893897602575384576,test
u894334162710151168,train
u894803118038204416,train
u894982813853863938,train
u895047993996394496,train
u895246631850975236,val
u895261333247197184,train
u895659037198393344,val
u896217906656165888,train
u896389482223722501,train
u896419454443110401,train
u896504229799612417,train
u896656131136925697,train
u897041334304989188,train
u897060827316072448,val
u897141038334316544,train
u897168034095386626,val
u897172492963504128,train
u897217613255790593,train
u897414024949899264,val
u897463220977512449,test
u897480280885395456,train
u897782419226492929,train
u898354945862365184,train
u898394188831576065,train
u898559533487988736,test
u898561555394027520,train
u898812481056800770,train
u898992230744162309,train
u899156487703904256,train
u899565787182239744,train
u899856140850397184,test
u899869536282845185,train
u899893482940055552,train
u899992416672993282,train
u900040284616114176,train
u900089993393319936,test
u900263295143231488,val
u900346030490648577,train
u900460128738193408,val
u900654517439664129,train
u900716954830417920,train
u900824275338366976,train
u900955797856829443,test
u901008311574835200,val
u901231978766376961,val
u901303999529312256,train
u901398640199057408,train
u901628511776935937,train
u902029888852418562,train
u902061922735931394,test
u902399152910245888,train
u902688268197625856,train
u902839045356744704,train
u902852168453169154,val
u902909611770093568,train
u902926941413453824,train
u903386826894913537,val
u903433530964881408,train
u903511848082972672,train
u903528688326758400,test
u904249160387276800,test
u904371172678217728,test
u904397461028040712,val
u904523130919628801,val
u904760130981519360,test
u904824980571115520,train
u904988933100011520,train
u905090955040219137,train
u905103739043840001,train
u905264066255613952,train
u905396070850625536,train
u905420799221354498,train
u905639635744940032,val
u905755106200756225,test
u905836963026137088,train
u905840140052025344,train
u905858906513133569,test
u905997304682786816,train
u906018616776073218,train
u906039337862610944,val
u906039337862610944,val
u906112490995634176,train
u906153220938063872,train
u906249252741029889,train
u906457688749383680,train
u906818110216339456,train
u907327016336273409,train
u907577359498338304,train
u907579017007476736,train
u907692895809011712,train
u907694455913897991,train
u907697974746255362,train
u907913819514703872,test
u907955678769065984,test
u908046666980306947,test
u908301129850736640,train
u908368758560788480,val
u908416496396914688,train
u908449352913506304,train
u909041406488072193,test
u909160406639431680,train
u909451577999724544,test
u909785410145890305,train
u909902340651732992,train
u909963743714529280,train
u910150107009601538,test
u910196746852036608,train
u910394218744389632,train
u910423067310030848,test
u910460037465726977,train
u910601049588805632,train
u910606252329271297,test
u910716150820085761,train
u910736476274614272,val
u910805063194484736,train
u910868993581436928,test
u911011433147654144,train
u911096503921369088,train
u911143018941571072,test
u911297187664949248,train
u911413167145791488,train
u911468199954104320,train
u911514942335012864,train
u911989964698800128,train
u912022229373931521,test
u912089740853334016,train
u912328841510735873,train
u912567276905345025,test
u912663093599248384,train
u912674199663267841,train
u912792989755428864,val
u912812990134501376,train
u912974971370115072,train
u913026317574180865,test
u913113396391940096,train
u913129266145038337,test
u913161597815631872,train
u913203345053057024,train
u913237169606615040,train
u913284448686301184,train
u913299913395654658,train
u913302048564637696,train
u913442492346970112,train
u913568797348569090,train
u913801902919266306,train
u914236916488441856,test
u914829130314723329,train
u914841313605906433,val
u914863145906262017,test
u914915232966901760,test
u915023436178583553,test
u915140405628456960,train
u915183457604702215,val
u915299296198692864,train
u915500434827223040,train
u915538743385346048,train
u915693507502903296,train
u915709016705204225,test
u915889775277731840,train
u916249935275847680,train
u916344256704471040,test
u916349221455974402,train
u916457738963742720,train
u917087170720038912,train
u917143350481870848,train
u917415861278924806,test
u917452195754364928,train
u917718667898621953,train
u918259925402472450,test
u918292908570238982,val
u918408053074153472,train
u918414587099254789,train
u918489483166838784,train
u918521012614057984,train
u918571703898460161,train
u918619131942973440,test
u918671212967890944,val
u918968935239655425,train
u919636741308366849,val
u919678461312143365,train
u919867825799483392,train
u919922230905245697,test
u919950686502219776,train
u920160588650516480,train
u920241948262322177,test
u920407102203596800,train
u920417565448507392,train
u920670204874645504,test
u920786891187687425,test
u920921217267314688,train
u921016410251366401,train
u921335854047653888,val
u921344453838884864,train
u921484932551200769,train
u921853563747356673,test
u922047748484067329,val
u922109800300781568,train
u922188859605180418,test
u922230051168538624,val
u922446807346700291,train
u922461289015906304,train
u922617394379591680,train
u922842328171204608,train
u923169689408286721,train
u923357892673028097,train
u923497153275707392,val
u923590208435650560,train
u923645233341984768,train
u923756113585061888,train
u923891238050435072,train
u923938806423625728,train
u924281141359624193,test
u924951203649273856,train
u924974959834710018,train
u925042474325753856,train
u925147660331384833,val
u925156077456543745,train
u925328885792653312,train
u925341127049297920,train
u925489113578573825,train
u925597165304520704,train
u925670903832182786,train
u925836293031960576,test
u925873174306320391,train
u926094973623250946,train
u926288949798211590,train
u926332703284310016,val
u926385468287135744,train
u926718252927143937,train
u927125919508054016,test
u927170241548955650,test
u927184566070206464,train
u927214057282732032,train
u927317266554937345,train
u927580631172833280,train
u927864011433033728,train
u928288077541494785,train
u928301283034914817,train
u928435269233192960,train
u928453179104284673,train
u928591052541517824,train
u928647393939263488,test
u928647393939263488,train
u928655606118076417,train
u928732587807444992,test
u928808544064942080,test
u928833800091480064,train
u929107107978211328,train
u929178128848625665,train
u929732297414381568,train
u929791330519322624,test
u929791330519322624,train
u930026683838611456,train
u930099529625624576,train
u930227405997801472,train
u930312537958174720,train
u930322109351460864,train
u930380832782671872,train
u930451718680260610,train
u930471098344525825,train
u930502837053902849,train
u930748671767056385,train
u930833035091640320,train
u930881087957544961,train
u931035131636105216,train
u931154553592078338,train
u931174445263261697,train
u931209924385710080,train
u931249366634987521,test
u931266430875701248,val
u931267967559585793,train
u931598010173349888,train
u931681289614385158,train
u932338725803253760,test
u932581061112029185,train
u932649755242651648,train
u932847441316999169,test
u932865189686448128,train
u933084565895286786,train
u933227158398386182,train
u933428625277251584,train
u933460005893713920,train
u933646020436664320,train
u933938983637155840,train
u934149146742808577,train
u934223587799527424,train
u934622785577525248,test
u934897738172342272,test
u934960623028387841,train
u935001180673007616,train
u935152012576067585,train
u935245013797175296,test
u935253847311663104,val
u935278893187108864,train
u935329702654361600,train
u935339055151185921,train
u935549442106720256,train
u935606860547346433,train
u935656379104161792,train
u935750757751640066,train
u935988518433718277,train
u936134598295093248,train
u936156509309988864,train
u936169831786835968,val
u936188223273013248,test
u936224248586211329,train
u936310701047668736,val
u936318255702204416,test
u936331435614593024,test
u936363566827008000,test
u936570665309822976,train
u936632192658059264,train
u936634238916546562,test
u936651743764664321,train
u936699493050933248,train
u937399704157114372,train
u937672256066646016,train
u937706817156796416,train
u937710988190765056,val
u937721982463832069,train
u937725617088356352,train
u937733703911972864,train
u937747120702058496,test
u937934670712524800,train
u938047364698443776,train
u938086983011917825,train
u938206414652223489,train
u938321541829447680,train
u938338405645258753,train
u938429346292826112,train
u938616384572948480,train
u938710723672227840,train
u938759137969758208,train
u938807680487055360,test
u938912936025714688,test
u939003758398210049,train
u939318691212267521,test
u939355506036170753,train
u939654993954725888,train
u939816677465886720,train
u939835083745255425,val
u939975090434904069,test
u940015101553364996,train
u940102295685021696,train
u940135684194611200,train
u940332977258680320,train
u940543515548717056,val
u940578188979253248,val
u940718480202051585,train
u940881739915976705,train
u940950644629934080,test
u941062524761341952,train
u941102447686180869,test
u941131462744539137,test
u941165149393526784,train
u941201703667486720,train
u941451337035911169,train
u941721529166938112,train
u941757498972831747,train
u941903680084647936,test
u942137112119336960,train
u942456650014785536,test
u942687815279800320,train
u943071298753662977,train
u943101874575568896,train
u943465764203515904,test
u943539687842607104,test
u943553250124541953,train
u943679546452148224,train
u943786126262841344,train
u943817536352681985,test
u943968591258505222,train
u944141070836711429,train
u944969708306141184,train
u944989987329773568,train
u945040712080510977,train
u945593804689571840,train
u945650237695197185,train
u945708754825342976,test
u945894707321888768,train
u945957031323639808,val
u946076082192683008,train
u946202760025952256,train
u946449270701297664,train
u946468441753452544,test
u946477930636611587,test
u946569239984406528,train
u946926984332042240,train
u947258716025446400,test
u947386969788739584,train
u947861813349240832,train
u947924373029171200,train
u948019459838447616,val
u948212855354134528,train
u948260302499598337,train
u948274771837444096,val
u948397415132024838,train
u948639587143860224,train
u948661949629456384,train
u948967636024614912,train
u949318577160622085,train
u949418983119310849,train
u949754838732156928,train
u949778836048277504,train
u950061989551722496,test
u950439970845605888,train
u950451100682825728,train
u950512465439174656,train
u950561519196020736,train
u950586151810818048,train
u950661934105415680,test
u950761725430677504,train
u951091819089219584,test
u951142665977933824,train
u951329744804392960,train
u951342887685558272,train
u951429239450079232,train
u951442837295509505,train
u951461375058071552,train
u951772611876409344,train
u951914083615477761,train
u951940066187862016,train
u951984491203055616,train
u952087880918228992,train
u952267431069790209,val
u952360161007538176,train
u952424562448252929,test
u952426744253853696,val
u952859605071212544,train
u952913425713086464,train
u952943135314923523,test
u953186687261134848,train
u953198068660305920,train
u953369915544801283,train
u953389910827896839,test
u953423624651730944,train
u953680522106064896,train
u953686343825096705,train
u953715019333754881,train
u953755479477555201,train
u953821322668322817,val
u953998051672313856,train
u954009558464184321,train
u954018010246807552,train
u954030928531111936,test
u954264776833716225,test
u954335153723183104,train
u954345048765861888,val
u954406397193654273,train
u954463515800162304,train
u954619946851618816,train
u954620165592899584,val
u955057705047044097,train
u955443343336660995,train
u955604515893448704,test
u955609947244519424,train
u955671124280598528,train
u955768653047390208,train
u956250163848376320,train
u956256834549108736,train
u956651396207693824,train
u956674177033015296,train
u956840962713575424,train
u957134260074246145,train
u957157357967953921,train
u957514867115806720,train
u957703848340070400,train
u957852912390234112,val
u958405675998162944,train
u958567675436859394,train
u958924086306013184,train
u959028649528840192,train
u959338543213670401,train
u959478967861424133,train
u959583815197868035,train
u959706884826697728,train
u959899465984471042,test
u959918848492363777,test
u960015338095239168,train
u960214935904161792,train
u960399630730084352,train
u960459029058375682,val
u960885624260640768,test
u960948066030374912,val
u960970493707788288,train
u961168892109340672,train
u961263258018762753,val
u961273302164627456,val
u961286905882140672,train
u961331090429427713,train
u961490991306833920,test
u961544622806917121,val
u961564557247483906,train
u961696278114521088,train
u961702281505681408,val
u961791530259419136,train
u961802092003209216,train
u962157797172502528,train
u962431009680740352,train
u962529422271135744,test
u962876421268914177,train
u963059775603953665,train
u963065581439086593,train
u963086548966215681,train
u963142506450845696,train
u963220649811611648,test
u963399597728129024,train
u963424322516856832,test
u963468858798608384,train
u963625448344379392,train
u963706405000794113,train
u963806635272613888,train
u963884836162342913,train
u964428194479681537,val
u964549915920732161,train
u964826864962408448,train
u965023721282048001,train
u965093642456023040,test
u965130018895482882,train
u965279321752522753,test
u965349922508767233,train
u965556224283627520,test
u965577279366610945,test
u965674672988852225,test
u965971075191353344,train
u966249800919236608,test
u966266266586554368,train
u966279849676627968,test
u966537939760054273,val
u966540857431138304,train
u966697169532137472,train
u966942608600850432,train
u967056764062584834,train
u967115349576617984,test
u967142592499585024,test
u967289398835507200,train
u967382282402254848,train
u967510573746339840,train
u967540879564136453,train
u967541001202974720,train
u967871914600488960,train
u968091954624909312,train
u968105128220819457,train
u968123924491001856,train
u968190473625112577,train
u968269097971499008,test
u968536128268750848,train
u968713427924418562,train
u968922727175409664,train
u969157810289303554,train
u969336690392276993,train
u969584428971380736,train
u969628305740582912,train
u969629299933315073,val
u969911597580759040,train
u969935105115525120,train
u970095571267710976,train
u970376432827453440,test
u970404402828787712,train
u970426727158689792,test
u970431277533810689,train
u970575183978336256,train
u970716252179136514,train
u970780136562937856,val
u970964263106940928,train
u971323979133800448,train
u971324470563655680,test
u971361006348890113,train
u971370779005898752,train
u971459033277313024,train
u971521825363685377,train
u971535798351806467,train
u971573194288259072,train
u971749681289138177,train
u971781381419237376,train
u972092072898347010,test
u972113479447470080,test
u972210344067239936,test
u972644920371458049,train
u972816292691427333,train
u972891836476923904,train
u973038332811898880,val
u973197695388090368,train
u973242975219322882,train
u973492976847597568,train
u973638026382503941,train
u973892547650125824,train
u973892651522166785,val
u974144123480494080,train
u974697596085329921,train
u974734537476530181,train
u974751247793311745,train
u974768006759895043,train
u974837240621862914,train
u975056001375272960,test
u975211630584836096,train
u975338579789479937,train
u975338847365148672,train
u975356758632882176,train
u975735690498596864,train
u975782467452985344,val
u975848453271097344,train
u975850467937878017,train
u976304508719558661,train
u976532488381239297,train
u976539516436733952,train
u976620969384185856,val
u976821775370719234,test
u976935295798140928,train
u977057649387696128,train
u977108150166917120,train
u977141504467767298,test
u977170460751298564,train
u977212489300627458,train
u977284292727353344,val
u977499227336003585,train
u977541804684926978,train
u977957075065110529,train
u977983234297552896,train
u978262864078299137,val
u978295966330736640,test
u978566222282444800,train
u978639907710058496,train
u978749448246489089,val
u979041261570097153,train
u979331344256946176,train
u979347726151364608,val
u979571577581785088,train
u979648612257873920,train
u979810138067529729,test
u979848443853246464,val
u980005687517474816,test
u980088607103954945,train
u980448041734934529,train
u980749991491682304,train
u980996487382536192,test
u981028883641217025,train
u981192783028396033,val
u981250608190644224,train
u981275320446746624,train
u981451968534073344,test
u981473550254198784,test
u981548248979603457,val
u981707577657405440,train
u981865190416420865,train
u981939674045452289,test
u982024587583115264,val
u982210411918385152,train
u982337621748678656,train
u982516128667779078,train
u982527082591866880,train
u982703404794425349,train
u982719496220790785,train
u983064697992773634,val
u983487921238900737,test
u983509438563745792,train
u983580450902818817,train
u983710040753364993,val
u983780245768757250,train
u983914437655457792,train
u984043193934151682,train
u984059935645421568,train
u984159299411894273,train
u984232946596016128,train
u984369416241590272,train
u984428440379187201,val
u984486195999617024,test
u984521262411198465,train
u984578159210311681,train
u984703114447065088,train
u984864177738207232,train
u985681327306498048,val
u985686071244541952,train
u985916593065476096,train
u986125020404514816,train
u986283777335808000,train
u986296779514707970,test
u986508547210006528,train
u986525549488111616,test
u986623356605730816,train
u986652825563357184,train
u986655152659664901,test
u986658303878029312,test
u986734646443565059,val
u986768489007362048,train
u987036964229664770,train
u987064812239716352,train
u987088439463088128,test
u987244464832950277,train
u987648596303597568,train
u987729476149653504,val
u987800539688681472,train
u987990943038169088,train
u988170978277634048,train
u988223928513585152,train
u988395374497992705,val
u988495831358758912,test
u988614870588448770,test
u988639538850533377,train
u988731024828968961,train
u988735785192120320,train
u988795345046978561,train
u989136114433736705,test
u989160650327908353,train
u989229780640960512,train
u989316882422353921,train
u989359746179354625,train
u989396481282052096,train
u989521438825746433,train
u989552461936553984,train
u989591203300569088,test
u989771135813222401,train
u990006862048309248,val
u990049407633518592,train
u990399984318275585,train
u990433714948661250,test
u990731452022059008,train
u990862995180965888,train
u991210614180605952,train
u991337315921473536,train
u991365283498651648,train
u991514049564176384,train
u991571748683468800,val
u991582627231510529,train
u991750876262891520,test
u991965599780757504,test
u992132818439290880,test
u992259803681439745,train
u992410352548761600,test
u992490697105141760,train
u992785798704451586,val
u992881484947247105,val
u993137416738410496,train
u993223833040584705,train
u993435347936833537,test
u993555096150700032,train
u993868489252311041,train
u994081250146181120,train
u994155418145390592,train
u994300581291282432,train
u994304342130913281,val
u994744356908294147,train
u994954621000003585,val
u995329809822765058,train
u995587140707868672,train
u995623608591552512,test
u995650360843931649,test
u995703482467405824,train
u996188707538563075,test
u996320013022777344,train
u996493481114730498,train
u996735440970493952,test
u996790688506433539,test
u996829570274807808,train
u996838648070000640,train
u997082422435921920,train
u997125573519396864,train
u997138342905958401,train
u997606723832766465,train
u997657750455762944,val
u997994342949236736,train
u998025254806147072,test
u998120739197898753,test
u998242627123376128,train
u998260196735639552,train
u998327796672811008,train
u998458613046882305,train
u998513807851958272,val
u998521411437301760,train
u998591858195484673,train
u998964108924997634,train
u998980799218233350,train
u999068699322667008,test
u999494433409261573,test
u999505252435902464,test
u999527804042559489,train
u999678952766517248,train
u999908467832901632,train
u999947328621395968,train
u999991144384737280,val
u1000204725600403456,train
u1000524625892212742,train
u1000774543647141888,train
u1000958672648814592,test
u1000979520948600832,train
u1001406291581976576,train
u1001443833102655489,train
u1001513160212471810,val
u1001863463642189826,train
u1001875491043889152,train
u1001902518971092992,train
u1001941109780746241,train
u1002077200886071296,train
u1002211204897517568,train
u1002229604734599174,train
u1002287910064934917,train
u1002321190315331584,test
u1002790398765555712,train
u1002899059705810944,test
u1003004687573020672,train
u1003205498278170624,train
u1003379156984483842,train
u1003451792456216578,train
u1003671043729428480,train
u1003674890355052544,train
u1003836763578646528,train
u1003909323628646400,train
u1003913756223496192,train
u1003941295864401920,train
u1004046048980013057,test
u1004117711805407233,train
u1004126803995181057,train
u1004247600848035840,train
u1004440668763230210,test
u1004480856151343104,train
u1004486292401541121,val
u1004770429070970880,train
u1004801822522036226,train
u1004904662518992896,train
u1005087744027082752,test
u1005155787776364545,test
u1005370056413413376,train
u1005422441492082688,train
u1005540881389248512,val
u1005616619316482049,test
u1006025006982270976,train
u1006088295972048898,train
u1006181491246710784,train
u1006288914485833731,train
u1006304400330186752,train
u1006320912164163585,val
u1006332556831145984,train
u1006398890260729856,train
u1006419421244678144,train
u1006460973887213569,train
u1006469614010818563,test
u1006506407322144768,val
u1006601503988121600,test
u1006811794172674048,train
u1006911095062323201,train
u1006923068177113088,train
u1007050268062597121,train
u1007218217633361920,train
u1007289017422045187,train
u1007380246516174848,train
u1007505793761964032,train
u1007582855113969664,test
u1007740654259236865,train
u1007910924567633920,test
u1008210166230274049,train
u1008287581086408710,train
u1008375874096427013,train
u1008436503616225280,train
u1008695999701929986,train
u1008893891628580864,test
u1009140644382683138,val
u1009495181882773506,train
u1009804608540200960,train
u1009822765933723648,train
u1010033533279014913,train
u1010047555852435456,train
u1010158052513861632,test
u1010260904179617792,train
u1010481333234069505,train
u1010743719299956737,test
u1010788616530903041,train
u1010825908066967552,train
u1011190414550945794,train
u1011305593435574272,train
u1011392868055994368,train
u1011505410090532864,val
u1011559160540876800,test
u1011941361573089280,test
u1011980188081623040,train
u1012115521024774144,train
u1012124895088726016,train
u1012276847135125504,train
u1012314942953881601,train
u1012782544792834048,train
u1012942859681476608,train
u1013151066299478016,val
u1013329200491659265,test
u1013601199935942656,train
u1013616900411088897,test
u1013723691815927808,test
u1013941702820880384,train
u1013971684624424960,test
u1014219100380418054,train
u1014312247315886092,train
u1014513206478426112,train
u1014524458508439552,train
u1014614550463692800,train
u1014747422361149441,train
u1014957733320318976,train
u1015004699106447362,train
u1015114622146232320,test
u1015586522765111297,train
u1015681547415031808,train
u1015958510935293952,train
u1016233031877779456,test
u1016244928945541120,train
u1016288526009282560,train
u1016291220463726592,train
u1016359279895474176,train
u1016733864998424576,test
u1016786527748313088,train
u1016819170288328704,train
u1016862658845237248,train
u1017029007752290305,train
u1017063166784757761,test
u1017096025843134467,val
u1017385070083141632,train
u1017441116256382978,train
u1017953975142739968,train
u1017968345193373702,test
u1018043446165204993,train
u1018053278662316032,train
u1018488939181629445,val
u1018670963250978816,train
u1018755160733044738,train
u1019325782068482048,train
u1019334714338041857,val
u1019363882115239937,test
u1019481531633430529,test
u1019718525244575744,train
u1019944707311403008,train
u1020214551206289408,test
u1020366177326059521,train
u1020673882980855808,val
u1020895678728318977,test
u1021016613297033216,train
u1021054215526014976,train
u1021070439668305920,train
u1021356552010326017,train
u1021428436886343680,train
u1021834537314209792,train
u1022209734076710912,train
u1022505650960691206,test
u1022697760678658048,test
u1022923794191544322,val
u1023194384890777601,train
u1023201980083257344,train
u1023209418874212352,train
u1023224693795381251,train
u1023353170406334469,test
u1023672783455375361,test
u1023818495471964160,train
u1023884764590301185,train
u1023924787855413248,train
u1023927353293070336,train
u1024153344351318016,train
u1024295848811880448,train
u1024451075250839552,train
u1024584442776440832,train
u1024624852571844608,train
u1024699964071522305,train
u1024964798231072768,train
u1025183298564370432,train
u1025288631735541761,train
u1025288631735541761,train
u1025453958452527105,val
u1025516888002969605,val
u1025832234912296961,test
u1025920284241666049,train
u1026018296230039552,train
u1026027128578498560,train
u1026124369326690304,train
u1026567926462210048,train
u1026753764345008128,train
u1027027629956771841,train
u1027155433574879232,train
u1027170912758636544,train
u1027237118735597568,train
u1027495102988472320,train
u1027524968504995841,train
u1027585001708310528,val
u1027785463799537664,train
u1027903064420900865,val
u1028049654112370688,train
u1028278628503695360,train
u1028354536564383744,val
u1029025664350015488,test
u1029243567300984835,train
u1029338221459714048,train
u1029421182108528640,train
u1029421905894408193,val
u1029465843393024005,train
u1029561938676801536,train
u1029695930608611328,train
u1029755036803497985,train
u1029888464404324352,val
u1029993511771287552,test
u1030044999180853248,test
u1030055665274781696,train
u1030088962423971842,train
u1030145966572294144,val
u1030184259934466049,test
u1030464891830902784,test
u1030663815292178432,test
u1030921417485942784,test
u1030960674032119809,test
u1031077915188846594,test
u1031130431448670209,train
u1031273115685466112,val
u1031428931562426373,val
u1031447521275637761,train
u1031496907384807424,test
u1031846051710418945,test
u1031856893524885505,train
u1031877505970515969,test
u1031942980834418688,test
u1031969008881422336,train
u1032095729123176448,test
u1032095729123176448,test
u1032124901291905024,train
u1032323258845147136,train
u1032422884805767168,train
u1032594621417828352,train
u1032692678700482561,train
u1032705009794932736,train
u1032736453447639045,test
u1032773318623911936,test
u1033005140524113920,val
u1033034329499336712,train
u1033067494523715586,train
u1033103646475595776,test
u1033747015006609415,val
u1034117277061267458,train
u1034233575758094336,train
u1034272792676421632,train
u1034582939151958017,train
u1034815150111551488,train
u1034874637623025665,train
u1034902128815480834,val
u1034947411154595840,train
u1035203779501613056,test
u1035331834001989633,train
u1035372205977292800,test
u1035389878605885440,test
u1035460949895860224,train
u1035496968775249920,train
u1035626102109159424,train
u1035900602742657024,train
u1036266691058167808,val
u1036558351688249344,test
u1036715474262941698,test
u1036741169533747201,train
u1036809668625162240,train
u1036876613798035456,train
u1036924721030459392,train
u1036971492012171267,train
u1037045241084342272,train
u1037120922161954817,train
u1037154606525100032,test
u1037247391378886656,train
u1037340299264176131,train
u1037359032154173441,val
u1037520702667190272,val
u1037629948129959937,train
u1037677222105153537,train
u1037733879094935553,train
u1037844502554206208,test
u1037896533176344577,test
u1037906231950635009,train
u1038328237909266432,train
u1038350218302042115,test
u1038385820678410241,train
u1038400095861932033,train
u1038512253505622017,val
u1038573584480915456,train
u1038715747210543105,train
u1038806137234022400,train
u1038814091371012096,train
u1039229226996654080,train
u1039233251162943489,train
u1039362013816737793,train
u1039455463304318976,test
u1039659794221735936,train
u1039790371729858560,train
u1039847504483774465,train
u1039940984304328705,train
u1040184649056747520,train
u1040274535570792448,test
u1040421066743660549,val
u1040682005661405184,train
u1040762951794286592,test
u1041095931800637440,val
u1041227513328951296,test
u1041301716635856896,train
u1041367248139702273,train
u1041440667313078274,test
u1041569704211632128,val
u1041607281304064002,test
u1041620385022664705,test
u1041706463285018625,train
u1041857599266795523,train
u1041886898925588480,train
u1042162106890682368,train
u1042182809945698305,train
u1042504042369441792,train
u1042694725139087361,train
u1042810503238754304,train
u1042946338781110274,train
u1043289135174361088,train
u1043860125486743552,train
u1043910485320568834,train
u1044045837192634369,train
u1044170531946287104,val
u1044253186532560896,train
u1044256734808862720,train
u1044351228099145734,train
u1044587424649793536,train
u1044671854080872450,train
u1044674658501619712,val
u1044725817908109312,train
u1044743209128251396,train
u1044937544209760257,train
u1044975553919553536,train
u1044979644183838720,train
u1045068059457851392,train
u1045321064966950913,train
u1045340925831065603,train
u1045380884243927042,train
u1045682997184217089,test
u1046019723908075521,train
u1046078437730004994,test
u1046395157136830470,test
u1046472064553676805,train
u1047151191413673985,train
u1047260318890483712,train
u1047946518597197825,train
u1048006255556644865,train
u1048648559728496649,train
u1048698382703837185,train
u1048859603574829056,train
u1048958401911373824,train
u1049101948094439424,train
u1049203577640640513,val
u1049287639474610176,train
u1049559717104836608,test
u1049679735087804416,test
u1049949307351134208,train
u1049987860131020801,train
u1050323074632097797,train
u1050396554350264321,test
u1050477648546168832,val
u1050688512746541056,train
u1050709468214951937,val
u1050729665382506496,test
u1050744221714460672,train
u1050820784887918598,train
u1051239135095267330,train
u1051306762182176768,test
u1051324628734541824,train
u1051494821465137153,train
u1051749980543709184,train
u1051949715506499584,train
u1052060646139822080,train
u1052207969520238593,train
u1052241356574330880,val
u1052261717835751425,test
u1052476357031149568,train
u1052605605209239553,train
u1052862016509988864,train
u1053263903633891328,train
u1053356734356639744,test
u1053430685254459392,train
u1053572380541501441,val
u1053719447687626752,test
u1054127184040878082,train
u1054145374825431040,train
u1054284237686431744,train
u1054368890904567808,train
u1054371919707996162,train
u1054549370874617856,train
u1054598765825396736,train
u1054619763454791680,test
u1054715013942951936,train
u1055086002920939521,test
u1055100119270522880,train
u1055204660120821760,train
u1055224251383336960,val
u1055425812269281280,train
u1055494766807433223,train
u1055615899787386880,train
u1055701239856455680,test
u1055901037888819200,test
u1055904161856974848,train
u1055974194997948416,train
u1056078775132184577,val
u1056370633347608578,train
u1056533706746224640,train
u1056568256985776130,test
u1056612461594337280,val
u1056625711551840256,test
u1056638948418707458,train
u1056878880684957696,train
u1056955041381302272,train
u1056964659843121152,train
u1057497220080193537,test
u1057803894561005568,train
u1058044576999587840,val
u1058105899607252992,train
u1058129093219287040,val
u1058199174330630144,val
u1058350894683582464,train
u1058657906457948160,train
u1058753914789683200,train
u1059071980127821825,test
u1059095291079487488,test
u1059395748289232896,train
u1059416128651292672,train
u1059518073441607680,train
u1059539826586894337,train
u1059626719978704896,test
u1059664595021897729,train
u1059680847425527808,train
u1059948651647287296,train
u1059958676151242753,train
u1060188701941264384,train
u1060238770254045185,train
u1060486607302610944,test
u1060561360617160705,test
u1060664762999148550,train
u1060796083260047362,train
u1060810668365045765,test
u1060953957248290821,test
u1061089020401246208,train
u1061118346408742913,train
u1061165430868451329,test
u1061223661116493824,train
u1061295339624374272,test
u1061476403227643905,train
u1061625925610209281,train
u1061770166302859264,train
u1061828544202858497,train
u1061931583312027648,train
u1062061528931819523,train
u1062077371417849862,train
u1062104911113084928,train
u1062129026536521733,train
u1062138173462011905,train
u1062644563830104066,train
u1063595899153199104,val
u1063841551783272448,train
u1064572126068383745,train
u1064618784886046721,train
u1064710360144338945,test
u1064811789391548416,test
u1064868058836144130,train
u1064903810806702081,train
u1065225696212074499,val
u1065296417042747394,train
u1065802993721843714,train
u1065889836941201408,train
u1065977068339544065,train
u1066271170083737600,train
u1066634199396900865,test
u1066751672427454467,train
u1066855772741488640,train
u1067137440538914816,train
u1067256039995654144,train
u1067274428927508480,train
u1067713829843419136,test
u1067748582042886144,train
u1067795505881726977,train
u1067866914406440961,train
u1067925193249759233,train
u1068104573989109761,train
u1068118105199542272,train
u1068248662617264131,train
u1068482086988787712,train
u1068504447469477890,train
u1068565594793000961,train
u1068640836315885568,train
u1068699345493663744,test
u1068925417627795456,train
u1068930453246279680,train
u1068961900527067141,train
u1069106254927273984,test
u1069235367960895488,train
u1069297356510822401,train
u1069297731548651520,train
u1069361564480884736,test
u1069458788493783040,train
u1069621025493737473,train
u1069767230353661952,train
u1069932361658261509,train
u1070164564656951296,test
u1070298837384876033,test
u1070316458356424704,test
u1070333999074156544,train
u1070657779390705665,val
u1070763342309007361,test
u1070767062048399361,train
u1070932574497734657,train
u1070942382986801153,test
u1070973155949178880,train
u1071113100739387392,test
u1071411967846301697,train
u1072131380107190273,train
u1072209400528551941,train
u1072259276658229248,train
u1072308240891801601,train
u1072357974331539456,train
u1072404907230060544,train
u1072430245234532352,test
u1072588831428362240,test
u1072657677963137028,train
u1072735878282280960,train
u1072742542980988928,train
u1073082104429260800,train
u1073130523940184064,train
u1073280001099878400,train
u1073314694927138816,val
u1073366496833929217,train
u1073408346387034112,train
u1073463734469869570,train
u1073587758822842368,val
u1073606435580325889,train
u1073730367327215618,test
u1074021125431058432,test
u1074022028271849472,test
u1074322006445883392,train
u1074342471797260288,train
u1074368444705976322,train
u1074402411027009536,train
u1074722424107790336,train
u1074762797387538433,test
u1074926153012514817,train
u1074961498227781632,val
u1075043474750214150,train
u1075165507190431744,train
u1075194558512717825,train
u1075334839186931713,train
u1075471714140778496,train
u1076092249279217664,train
u1076116243265060864,train
u1076245252023955457,val
u1076265378118959104,train
u1076445969208696833,train
u1076526138736951298,train
u1076684805423525888,train
u1076791695407308801,train
u1076818835762802688,train
u1076939429875462146,train
u1076941198554791937,train
u1076944492807286784,test
u1076951372459851776,train
u1077375997933060096,train
u1077516438821314560,test
u1077591768726528002,train
u1077842087775657984,train
u1078278907684638721,val
u1078324065532764166,train
u1078633619864772610,train
u1078767507316662272,train
u1079003651929104385,train
u1079238750293639168,test
u1079534090607570944,val
u1079602020682674176,train
u1079670408696205312,train
u1079679912733138946,train
u1079937312627163137,train
u1080174530847539201,train
u1080248882053988355,train
u1080470270199062529,val
u1080601835461885952,test
u1080800000379113472,train
u1081045846198837248,test
u1081074186674683904,train
u1081202064754176001,val
u1081222837459996672,train
u1081225411147808769,val
u1081252025915068417,test
u1081272693931102208,train
u1081290097595686913,val
u1081290097595686913,val
u1081430769501761541,test
u1081565128733138944,test
u1081611341494927361,train
u1081632479763668993,train
u1081677246534828033,test
u1081984621821259776,test
u1082123408895365120,val
u1082142805495971840,test
u1082232363302731776,train
u1082274025043304450,val
u1082357347102740486,train
u1082383415670800384,train
u1082651282282827782,train
u1082672666719461377,test
u1082996088246657024,test
u1083328356911931392,test
u1083362600858017792,test
u1083465257077608451,train
u1083699084760895496,train
u1083750855696936960,train
u1083822529578520577,train
u1083828037014106112,train
u1083886278641401857,val
u1084133737842049024,train
u1084179154906611713,train
u1084212657761148928,val
u1084818372620156934,test
u1084827664219807744,train
u1084900031784660992,train
u1084946052376072192,test
u1084955158407188488,test
u1085039005240971264,train
u1085288591700492293,train
u1085290065490632704,train
u1085357749209321473,val
u1085641282175741952,val
u1085696359016075264,train
u1085881675169583104,val
u1085897907088220165,train
u1085916994078195712,train
u1085930877471940610,val
u1086005725116002304,train
u1086088869194412032,test
u1086252662050320385,train
u1086369578849062912,test
u1086612410478268416,val
u1086709184874377217,train
u1086729872305766401,train
u1086746892309008385,train
u1086828404333268993,train
u1086960645449359361,test
u1087009837186052097,train
u1087011347483766784,train
u1087054757586522112,val
u1087242450886905856,train
u1087588311424585728,test
u1087656770040786944,train
u1087910503924535297,train
u1087959850917740546,train
u1087986284386238466,train
u1088089771631669248,train
u1088458977170534405,train
u1088582419320590336,test
u1088583379531038721,train
u1088728130657927168,train
u1088829776083570689,test
u1088872945693339649,train
u1089142794147512320,test
u1089159225148882949,train
u1089422893270786048,test
u1089514638583173125,train
u1089685037207891968,train
u1089814631303008256,train
u1089822885403865088,train
u1089896112515964928,train
u1089982467698761729,val
u1090174515395653632,train
u1090235238855467008,train
u1090297084262129665,train
u1090316330639806465,train
u1090367333288206336,test
u1090369442976956416,val
u1090428913820418048,val
u1090570428425199617,val
u1090576258717679616,train
u1090733774583808000,val
u1091042849561473031,train
u1091052651096301568,train
u1091100629349646336,train
u1091340300151390209,train
u1091634949394845697,train
u1091674187322847232,train
u1091752710041268224,train
u1091754285069684737,test
u1092173124681023493,test
u1092265515530113024,test
u1092363299755311106,test
u1092738190631268352,train
u1092788358672207873,test
u1092799607116103680,test
u1092808813693014017,train
u1092810654761791489,train
u1092850839574769664,train
u1093057027557941249,train
u1093129956324982785,train
u1093149758737268736,train
u1093170849408925696,test
u1093170911405060096,test
u1093219904776556545,train
u1093257169015779328,train
u1093362966072840193,val
u1093482263080136704,train
u1093746969208442880,train
u1093782986951090176,train
u1093871985581572096,train
u1093913380807680008,train
u1093963768202256384,train
u1093979313949605893,test
u1093991160941633536,val
u1094043126279401472,train
u1094112393498570752,train
u1094225787207569409,test
u1094284053421780992,train
u1094571084152737794,test
u1094630672910684160,train
u1094645942735855618,train
u1094718306525810689,train
u1094744424612052992,train
u1094987996808527873,train
u1095011348436709376,test
u1095062685417422848,train
u1095103068373508101,train
u1095205636030091264,train
u1095240834725920768,train
u1095337477391478784,train
u1095341870350098433,train
u1095556021756428288,train
u1095700429835362304,train
u1095714370678673413,test
u1095800147840241666,train
u1096159979982241793,train
u1096434367117709312,train
u1096458315507421186,train
u1096485506278395906,train
u1096503765719543808,val
u1096541104432771073,test
u1096651258277126144,val
u1096724860364042240,train
u1096747619223777281,test
u1096777461189222401,train
u1097337516053544960,train
u1097756417828814850,train
u1097760569359286272,train
u1097804343829544960,test
u1097907755422085120,train
u1097923526466519040,train
u1098116896120033282,train
u1098154657388679168,train
u1098198893626617856,train
u1098256107649359879,val
u1098284254956523521,test
u1098483569859743744,train
u1098502288996470784,val
u1098557132813856768,train
u1098566268758577157,train
u1098708709415497728,train
u1098755762476777472,train
u1098836829640351744,train
u1099105777053253632,train
u1099440708790960129,train
u1099460652857520129,train
u1099502353777115139,train
u1099516374748139520,train
u1099604355232288769,train
u1099607376599101441,train
u1099772769099747331,train
u1100116930571264007,train
u1100322562477838336,train
u1100421190563307520,train
u1100432667332362240,train
u1100590124839120896,train
u1100662343292248064,train
u1100738363873742848,train
u1101287410741268480,val
u1101390159461974016,train
u1101456139961671687,test
u1101505803700314113,test
u1101524748733960194,train
u1101527406928646144,train
u1101655990368436224,train
u1101804227519750144,val
u1101981811679416321,train
u1102052803638255617,train
u1102057144965316611,train
u1102170332704722949,train
u1102206704979066881,val
u1102271552798773253,train
u1102387203638882304,val
u1102617583306633216,train
u1102651879874617344,train
u1102667551354638337,train
u1102704797403238400,test
u1102840819051040768,test
u1102890664822489088,train
u1102911774129557505,train
u1102928176697753603,train
u1102951938633682956,train
u1103037964815396871,train
u1103047728613998592,train
u1103116735111032833,val
u1103339652247764993,train
u1103394547265138694,train
u1103408878488875014,train
u1103430570250395648,test
u1103577756909023232,test
u1103581043330818048,train
u1103607442644983808,val
u1103640254718885888,train
u1103911045054193664,test
u1103959473058734080,train
u1104187510681362436,train
u1104261788328177665,train
u1104407359001026560,test
u1104480552323899399,train
u1104838751132532736,test
u1104875104360648704,train
u1104936748763803650,train
u1105027282974912513,train
u1105067324544040960,val
u1105072508787720192,test
u1105338724374728705,train
u1105353666133929984,train
u1105425376640200705,test
u1105471472636776449,train
u1105598668395163649,test
u1105893817041993737,train
u1106249034480517120,train
u1106252206112735232,train
u1106411463772725251,train
u1106520592931606528,train
u1106521096851988480,train
u1106635234798456832,train
u1106659592916873217,train
u1106906338704150528,train
u1106926116067930117,train
u1107195764667637760,train
u1107227011003699200,train
u1107383636968513539,train
u1107416014118178816,train
u1107522646307041281,train
u1107642826408501248,test
u1107734489818714113,train
u1107760822569316360,train
u1107870475902836736,train
u1107899540848295941,test
u1108050829393707008,train
u1108113300498329600,test
u1108184867488059393,test
u1108666466511917056,train
u1108952632104611843,train
u1109155619083177985,train
u1109354415771668480,train
u1109522196681113600,test
u1109570799072100352,train
u1109809482656149504,train
u1110234349465538560,test
u1110463651654197248,train
u1110499630532440066,train
u1110599126092300293,train
u1110659414267252736,train
u1110972906601959425,train
u1110999904808243206,test
u1111335742737920001,train
u1111600251939377152,train
u1111995020330950662,train
u1111996925539172352,test
u1112166239219171328,train
u1112240869250260992,train
u1112981352733765633,val
u1113245091102175232,train
u1113313723613999105,test
u1113457695317790720,train
u1114215568771624960,train
u1114253774946615296,test
u1114253774946615296,train
u1114282519476617216,train
u1114443457102262274,test
u1114708324321091584,train
u1114949532788318208,train
u1115178902392135681,train
u1115333244680060928,test
u1115448471694258176,val
u1115560737093693447,test
u1115688748627288064,train
u1115708261368356865,train
u1115940827593945088,test
u1115966227388743680,train
u1115986976023437314,train
u1116041653033283584,val
u1116043197908566016,train
u1116175320833355776,train
u1116334410805198850,train
u1116393937449697280,train
u1116462004624031745,train
u1116621547651751938,train
u1116666090225131520,train
u1116724387137212417,test
u1116791446387011584,train
u1117074302279532546,train
u1117312327815258114,val
u1117504427718582272,train
u1117612308526764032,train
u1117639092684988417,test
u1117748615089463297,test
u1117773892628688896,train
u1117821476994940928,test
u1118102668889575424,val
u1118178513628983296,val
u1118325457990983681,train
u1118863557364338688,train
u1119235394749464576,train
u1119269335233466369,train
u1119278695015829505,train
u1119300308818022401,train
u1119432452492148738,train
u1119522451887726592,train
u1119568273677406208,train
u1119675949132460036,train
u1120023998253928453,test
u1120071582284701697,train
u1120239425009537024,val
u1120302660983361538,train
u1120483939229978624,train
u1120745078773800960,train
u1120779913617903617,test
u1120847857886515200,train
u1120995635354902529,train
u1121019689356988416,train
u1121194867445551104,test
u1121511105287917569,train
u1121705838773710849,train
u1121877070475169792,test
u1122045634385629184,train
u1122766805590794240,train
u1122839089127014400,train
u1122967591151120384,train
u1122995663057424385,train
u1123233500369281024,train
u1123342530425303040,train
u1123508703204765696,train
u1123606100413014016,test
u1123665873200222208,train
u1123673299014127616,val
u1123685663814180864,test
u1123689095627022336,train
u1123710493288542210,test
u1123992425553432580,test
u1124045705977503745,train
u1124090383657361408,test
u1124171894402486272,train
u1124225104395866112,train
u1124359815508168706,train
u1124452262439292929,train
u1124500104071790593,train
u1124558115398082560,train
u1124644156406501377,train
u1124677233145028608,train
u1124784573303357441,train
u1124885813718855681,train
u1124975140536610817,train
u1125021368393723906,train
u1125201965322055680,train
u1125219645924040704,train
u1125321203466395653,train
u1125450423450705920,train
u1125455806177005568,train
u1125520077984419840,train
u1125607607274754049,train
u1125615487390339074,val
u1125698016420274176,train
u1125744174752587776,test
u1125763633756221440,train
u1125783381147639809,test
u1126006862636302339,test
u1126115609102696448,train
u1126175155670212609,train
u1126199898125238272,train
u1126210975101853697,test
u1126397440242749440,train
u1126405273877270528,train
u1126508332104192000,val
u1126687608774381571,train
u1126848131667247106,val
u1126874611243786240,train
u1126923385638924288,test
u1126930741906948096,test
u1127233448815616000,test
u1127249096941551616,train
u1127260444341571589,train
u1127312545243717632,train
u1127506397321674757,train
u1127674208136376321,train
u1127867032597356544,train
u1128047208220196865,train
u1128242541348802560,val
u1128316586576760832,val
u1128485250819137537,train
u1128638314318315520,test
u1128703380577296384,train
u1128854844847153153,test
u1129098630508568576,train
u1129346205295755264,test
u1129375845062066176,train
u1129482560407392256,train
u1129483685177249796,val
u1129525483497021441,val
u1129822272234106881,train
u1129880305442017280,train
u1130137970105827328,train
u1130603978012495872,train
u1130651874477182976,train
u1130741271478378496,train
u1130810826636398592,train
u1130948396687118336,train
u1131237892725051395,train
u1131330113847595008,val
u1131398876877819906,train
u1131408521294209025,train
u1131412105016545281,test
u1131449896207290368,val
u1131465819924377601,train
u1131668817858375680,test
u1131903636861313024,train
u1131966985846214656,train
u1132005801378193408,train
u1132025035936260096,train
u1132053335660326913,train
u1132295757078376448,train
u1132563136186183680,train
u1132608658087567360,train
u1133110339078414336,test
u1133159358664253442,test
u1133281659552509952,train
u1133550690398195712,train
u1133661790716534784,val
u1133921778588241920,val
u1134011850578903041,train
u1134663378755080193,test
u1134846370664386560,test
u1134960976695091212,test
u1135035413540855809,test
u1135098471793549317,train
u1135162760097087489,test
u1135214533658628097,train
u1135286288204959744,test
u1135297403798638592,test
u1135459639951147008,train
u1135518477282873345,train
u1135641725886697472,train
u1135646963364294656,train
u1135867899967488001,train
u1136142289397399553,val
u1136479469282009089,test
u1136484435271049217,test
u1136612548202061824,train
u1136668549718708225,train
u1136686744256954368,train
u1136690651968528384,test
u1136714464286400512,train
u1136718680107102208,train
u1136840119866945536,train
u1137002752511315973,train
u1137038394503114753,train
u1137284543583383553,train
u1137461992426336257,train
u1137521093776949248,val
u1137803378636087301,train
u1138158902757941249,train
u1138257165678993409,train
u1138287330580500480,test
u1138352461293318146,test
u1138704841767882753,train
u1138708550660714496,train
u1138721625417891840,train
u1138763854614163456,train
u1138810125269864449,train
u1138924491072036865,train
u1139153463831666688,train
u1139299696328007680,train
u1139345903481810945,val
u1139543435369680898,test
u1139607288602406913,train
u1139627338495397888,train
u1139876217564409856,test
u1139986069607202816,train
u1140142218004619265,train
u1140206472615333893,train
u1140283986822008833,train
u1140491870583156736,test
u1140546328260501504,val
u1140667771518423040,train
u1140709953654677509,test
u1140951979713318913,test
u1141071405662056451,train
u1141086170635370496,train
u1141131882010202113,train
u1141322718559666176,train
u1141349409856376833,test
u1141468930646650881,train
u1141600270587219968,train
u1141621412593119232,train
u1141692502241611778,test
u1141829821439213568,train
u1142010313782546437,train
u1142227712041476097,test
u1142302240180281345,test
u1142314679991033857,train
u1142519938046922754,train
u1142672129818800128,test
u1142749205506809856,train
u1142890104853106688,test
u1142961546403950592,test
u1143014915730563073,train
u1143024633114845185,train
u1143114915269554176,train
u1143269463648636929,test
u1143295212283785216,train
u1143940354657476608,train
u1143942767590010880,test
u1144017591402401792,train
u1144218299749654530,test
u1144396340585218048,train
u1144490832214446080,train
u1144592013255487493,val
u1144609112107491328,train
u1144616238808752129,test
u1144693789371576325,train
u1144764442598662144,train
u1144839812194586624,test
u1144941213268791296,train
u1145016098628259845,train
u1145069743411539968,test
u1145074099565268996,train
u1145398363078234115,train
u1145412069866364928,train
u1145414986568798208,train
u1145417389279973376,train
u1145694088676749312,test
u1145714246887596033,val
u1145748832350871552,train
u1145941232994013185,train
u1146122411365941248,train
u1146144360762871808,test
u1146338958881804289,train
u1146854806658703361,train
u1147101102392913920,train
u1147150539542716416,test
u1147257638096388097,test
u1147474697250058240,val
u1147496291481661441,train
u1147591415905574913,train
u1147695794075709440,train
u1147909892943962112,train
u1148067331693789184,train
u1148083113156702210,train
u1148327245800443904,val
u1148363604091133952,test
u1148434717449965568,test
u1148513959936266241,train
u1148695640219770880,test
u1148897996928618498,train
u1148968216380788738,test
u1148997425912262656,train
u1149060991642025984,test
u1149171240168349697,train
u1149747984206372865,train
u1149871342117765120,val
u1149939044987617280,test
u1149997450754711552,train
u1150118898068381696,val
u1150165754232430592,test
u1150165754232430592,train
u1150246678668238848,train
u1150485912343764992,train
u1150498377517412355,train
u1150504825265647616,train
u1150522791705415681,train
u1150685495183192064,train
u1150699489939865600,val
u1151025180992425984,test
u1151125240711450624,test
u1151429163527680000,test
u1151974121615609859,train
u1152400807586934784,val
u1152566796739727360,test
u1152570091084701697,test
u1152749683938222080,train
u1152823205389905922,train
u1153063439264301058,train
u1153078172675694593,val
u1153238987403878400,train
u1153327092098113540,train
u1153395698580242440,val
u1153407451972194305,train
u1153493492682887168,train
u1153531650170609664,train
u1153534902588997633,train
u1153653685009997824,train
u1153698027875557376,train
u1153741752731222016,train
u1153785090071285760,test
u1153834840795598853,test
u1153955019915321344,train
u1153966852638466048,train
u1154118107541180422,train
u1154129986699321344,train
u1154252430948872193,train
u1154308827891654656,test
u1154308827891654656,train
u1154351716889956352,train
u1154371679985889280,test
u1154379153241759744,train
u1154395412385738754,test
u1154871803568742400,train
u1154887552597295104,train
u1154888112985792513,test
u1154959888268705793,val
u1155066047021617152,test
u1155077425002233857,val
u1155410765115023360,test
u1155481437845385217,train
u1155481735225839616,test
u1155809474201956354,train
u1155886049727524864,train
u1155937878020517894,val
u1156180530213220352,train
u1156324614999597056,train
u1156495419024793600,train
u1156564906289881091,val
u1156564906289881091,val
u1156633139537686533,train
u1156659666035904513,train
u1156665460856893442,train
u1156783412226613249,val
u1156962159672406017,train
u1157060003649376256,train
u1157165409730093057,test
u1157255447566376960,train
u1157287277808312321,train
u1157329845417721857,val
u1157406010799251456,train
u1157642578801508352,train
u1157691804780761088,train
u1157946121387462656,train
u1157967174654468097,val
u1158096515753103360,train
u1158121111546187784,test
u1158663509346906112,test
u1158758667233222656,test
u1158778593561829378,train
u1158850193657233408,train
u1158907365829177344,test
u1158993892211068928,train
u1159161416533909505,train
u1159180883867209728,train
u1159466137152888838,train
u1159552879453020160,val
u1159575937379442699,test
u1159697200294899713,train
u1159850314918486017,test
u1159864646934904833,train
u1159893104930910208,train
u1160107254009532417,train
u1160179158351327233,train
u1160189714923700224,test
u1160316487485317125,train
u1160395075790098432,test
u1160542905183944706,train
u1160599900268191744,train
u1160779542493126656,train
u1160799801950162944,train
u1160845059446779904,train
u1161252108886298626,train
u1161278519453917191,train
u1161473009296859139,train
u1161963112620339200,test
u1161997414968041472,test
u1162011941105070081,train
u1162025098230095872,train
u1162140964615544832,train
u1162211777557356545,train
u1162412783771803649,train
u1162465420990930944,train
u1162888940572966913,train
u1163036968378408965,val
u1163064934122627072,test
u1163093586134671360,train
u1163359091747672064,test
u1163372443676884992,test
u1163480880700018689,train
u1163614168546779138,train
u1163654121397735426,train
u1163859903024381954,test
u1164036348770050049,train
u1164089582096441344,test
u1164293212518920192,train
u1164361713141108737,train
u1164410699969388544,test
u1164522555950190593,train
u1164589192913068033,train
u1164660849841016832,train
u1164818070436630531,train
u1165369936488927233,test
u1165535308148019202,train
u1165730340956180492,train
u1165746633054859265,train
u1165858236034994176,val
u1165896436418039808,train
u1165908251604422656,test
u1166065269359480837,train
u1166081540087939072,train
u1166374392827383808,test
u1166378004706201600,test
u1166438319812698112,train
u1166752450537295873,test
u1166764247218569222,train
u1166814917740990467,train
u1167049270899486720,test
u1167070201566957568,train
u1167095449465044992,train
u1167139340071264261,val
u1167159986037936129,train
u1167170143987912704,train
u1167184512683532289,test
u1167314304195911680,val
u1167419233627717632,train
u1167526768133189632,train
u1167750244588802055,train
u1167828378776457219,val
u1168022141402525696,train
u1168128020340776960,train
u1168192787990425600,train
u1168230086883127298,train
u1168302248167784448,train
u1168758640624504832,train
u1168803431471091712,train
u1168905070198439936,train
u1168913427181576194,train
u1168977564536397825,train
u1168999136923926531,train
u1169041375473500161,val
u1169159158458920960,test
u1169311344316882945,train
u1169501036568088577,train
u1169506909684039680,train
u1169593799192002561,train
u1169798753282400258,train
u1169821047350157313,test
u1169879005408817153,train
u1170001251985252352,test
u1170041502925541376,val
u1170070334084714498,train
u1170072411548585984,train
u1170111458023288832,train
u1170332161104326656,test
u1170352915837591553,test
u1170440067564916736,train
u1170507797160554497,train
u1170707289008984070,val
u1170724575715287040,train
u1170922116767612928,train
u1170927108844974080,train
u1170995112324870144,test
u1171063433921478657,test
u1171340855619272704,train
u1171357395928440832,test
u1171484900412706816,train
u1171501310195056641,train
u1171643857437712384,test
u1171690670786056192,train
u1171703604606054400,test
u1171767309406310401,train
u1171828029137596419,test
u1172114499383504901,train
u1172119286745313280,train
u1172231018717356033,train
u1172246821529370624,train
u1172249781332336641,train
u1172261563824246784,train
u1172589226808020992,train
u1172897532231462913,train
u1173133923641188352,train
u1173189922842431494,train
u1173207992671571969,train
u1173223779348205570,train
u1173269898673479685,train
u1173557224808968193,train
u1173593530142359557,train
u1173637917622726657,train
u1173797172330094592,val
u1173831778957762560,test
u1173938970310467586,test
u1174012462263394304,train
u1174050661350236161,train
u1174247613509636098,train
u1174280983702581248,test
u1174388288112582656,train
u1174410624878678016,train
u1174480644560314369,train
u1174654355435339777,val
u1174938412047945733,train
u1174977386531581952,train
u1174984986077929473,train
u1175079586620727306,train
u1175102225422737411,train
u1175118311115436033,test
u1175143589384544259,train
u1175187371891073024,train
u1175958294827098113,train
u1176111107611774976,train
u1176161790197153792,train
u1176178451117682689,val
u1176248791437119488,train
u1176324356999245824,train
u1176426744653459456,train
u1176517751302574081,train
u1176700795481403392,test
u1176886221999460352,train
u1177042545173569536,train
u1177083483279286272,train
u1177616254506622977,train
u1177647142938251264,train
u1177989161623719942,train
u1178305297997168641,test
u1178353829542150144,test
u1178740874068537344,train
u1178759938765656064,test
u1178760732114116609,train
u1178942236417052672,train
u1179022883982626816,train
u1179079861551452162,train
u1179221879548190720,train
u1179230394375233536,train
u1179283634886512640,train
u1179380449396826114,train
u1179406524705333252,test
u1179462193877835776,train
u1179513953866567680,train
u1179729394925019137,test
u1179778933945851905,val
u1179794429386862592,train
u1179807913004716033,train
u1179824160412880897,train
u1179835651807727616,test
u1180087510992424961,train
u1180515586465398784,train
u1180663072400166912,train
u1180921355384045569,train
u1181218312530870274,test
u1181305243340066818,train
u1181313011522256897,train
u1181492890356387840,train
u1181573298834038790,test
u1181886724609323008,train
u1182005927706279936,test
u1182012259960143873,test
u1182067937219350529,test
u1182263593397567490,train
u1182693152743931904,train
u1182700220083257344,train
u1182702701920112644,val
u1182925722836443138,train
u1183060277979439104,train
u1183177554091483136,test
u1183307094847414272,train
u1183323465039908865,val
u1183366433297883137,test
u1183463084624617472,test
u1183484979562635265,train
u1183757506306367491,train
u1183818891526578177,test
u1183952939141873664,val
u1184076585344884738,test
u1184166238035042304,val
u1184173249506078725,test
u1184481324997824513,test
u1184503986751266817,train
u1184537212303630336,train
u1184578525455622150,test
u1184584682471612416,train
u1184856647711318022,train
u1184881129150656512,train
u1184906538902867968,train
u1185087605815365632,train
u1185134197477986304,train
u1185383760528723968,train
u1185477512270405633,train
u1185613800839503873,train
u1185801254007689216,train
u1186550290704666629,test
u1186573082389037058,train
u1186631822526091264,train
u1186724747507167232,train
u1186797955036143617,test
u1187010961221324801,train
u1187019554393739269,train
u1187070850014568454,train
u1187089232902246400,val
u1187138306812760064,train
u1187149620897615872,train
u1187216182996275206,train
u1187410066883760128,test
u1187523610510069761,train
u1187536441745821696,train
u1187815538661187585,test
u1187893324193193988,test
u1188106338116820992,val
u1188106497017831426,test
u1188135187542085632,train
u1188148615572807680,train
u1188169850528698368,train
u1188191849997127680,train
u1188333248302051329,train
u1188467594950565888,train
u1188775041791430656,train
u1189017050703749121,train
u1189059803483475968,train
u1189125779717836800,val
u1189250547355811840,train
u1189274203389906944,val
u1189327950161891329,train
u1189389433713201157,train
u1189482935537168384,train
u1189528545770405890,train
u1189529561467424768,train
u1189972333772955650,train
u1190052442307739648,train
u1190109631818780672,val
u1190237715603828738,train
u1190251111485235200,train
u1190270346601148416,test
u1190280209787867136,test
u1190368467410726915,val
u1190425687779368960,train
u1190756802629193728,train
u1190770257843097601,train
u1191319777211506688,test
u1191348866118897664,train
u1191354656837910529,train
u1191474997753200640,train
u1191537552164933633,train
u1191672909430833152,val
u1191876198902771712,train
u1192051504645099520,train
u1192145896710066177,train
u1192163147446194177,train
u1192163793079558145,train
u1192276326436220928,test
u1192500851492831237,train
u1192529268217204739,val
u1192624441101967360,train
u1192662766194180101,train
u1192679092098928641,train
u1192699909297725440,train
u1192820005638987777,test
u1192859636648628224,train
u1192861100804575234,train
u1192879898878193664,train
u1193222240202035200,val
u1193239251967721472,val
u1193539622128824320,test
u1193983696627544065,train
u1194010706968031234,train
u1194195877771935745,test
u1194202635114557440,train
u1194357503125082113,test
u1194451762037579776,val
u1194615222029471744,train
u1194652252495060994,train
u1194668204012048386,train
u1195022320991178753,train
u1195184969758527490,train
u1195211660174053377,test
u1195340020023992321,test
u1195352795311984641,train
u1195427099043155970,test
u1195743034966589440,train
u1195976005464154113,train
u1196077160324190208,train
u1196086779926867968,train
u1196118763415846912,test
u1196393433952161793,test
u1196421244096172033,train
u1196483705747001350,train
u1196720738658594816,test
u1196800503662776322,train
u1196870074541453315,test
u1196993875635843073,test
u1197202641664823297,test
u1197363666485682177,train
u1197478591686217731,train
u1197649048255303682,train
u1197657928792264705,train
u1197661781218484224,val
u1197776407641935872,train
u1197810451247173632,train
u1197905871164051456,train
u1197950184568676353,train
u1197993322901622790,train
u1198370847582490625,train
u1198415551158202368,test
u1198456179263000577,train
u1198756406272376833,train
u1199039332926902272,train
u1199052844017565697,train
u1199294353480527872,train
u1199370671429570561,train
u1199378081326059520,train
u1199535018420424705,train
u1199686509328289793,train
u1199739033951318016,val
u1199788927101612037,train
u1200056866069524480,train
u1200090463551868928,train
u1200096324554829824,train
u1200328847008423936,train
u1200383462420762624,test
u1200545367869345793,test
u1200732153790767109,train
u1200875285413060609,val
u1201085589640089600,train
u1201320229479075842,test
u1201367728415748097,test
u1201414077454704640,train
u1201486794555940864,train
u1201566148258680833,train
u1201570994437206018,test
u1201746602991341568,train
u1201803977911721984,val
u1201864000964829185,test
u1201948661300764675,val
u1202169823708372992,train
u1202176695962349568,train
u1202295147263868928,val
u1202350328760418304,train
u1202370641644736513,train
u1202683638308950017,train
u1202929028858028033,train
u1203353022698590209,train
u1203394286617800704,train
u1203556010591313920,val
u1203562465000337408,train
u1203657873848512512,train
u1203730539850670081,train
u1203900527068749824,test
u1203939782142898176,train
u1203967995279659008,train
u1204064283027496962,train
u1204167055647412229,train
u1204350458611023873,train
u1204362599883771909,train
u1204445607978569729,train
u1204653048477442048,train
u1204870955891167232,test
u1204893355219533825,train
u1204908963902435329,train
u1205162720137482244,train
u1205400744385400832,train
u1205514167538593792,train
u1205627969475137541,train
u1205638807317569548,train
u1205849469314576384,train
u1205855194401120256,val
u1206487314920177665,train
u1206572876415066114,train
u1206958103033450496,train
u1206984961200398337,train
u1207009563737767936,train
u1207131986919403522,test
u1207271682810863616,train
u1207273478639898625,train
u1207365964989378560,train
u1207535572497158144,train
u1207711018673037312,test
u1207786144487759872,val
u1207930896654970881,train
u1207933007715110912,train
u1207939456684187648,train
u1207974588413550593,train
u1208011613057540097,train
u1208039940199780353,train
u1208064014955294720,train
u1208180906009092096,train
u1208252599872286720,train
u1208765275878895617,train
u1208799084091334656,train
u1209001208846917632,val
u1209299584092033024,train
u1209442838267736064,train
u1209547116357533697,test
u1209710826162139137,train
u1209993750291701761,train
u1210097457025040384,train
u1210142252585979905,train
u1210246595599572993,train
u1210596212140892160,train
u1210769156418625541,train
u1210867082838999040,train
u1210878543535591424,train
u1210902550515343362,train
u1210956408818061312,train
u1210956763618394113,train
u1211517614804983814,val
u1211847409065590784,test
u1211920325690003456,train
u1212052243316236288,val
u1212077161068167168,train
u1212160799390588928,train
u1212161720031965184,train
u1212193227840733184,train
u1212257215504977921,train
u1212478725922492416,test
u1212524335174311936,train
u1212620179605082113,test
u1212656535605665792,train
u1212773382845943808,train
u1212937454149259266,val
u1212971855067271168,val
u1212982706822242304,train
u1213014861619187712,train
u1213080009864171525,train
u1213172638790512642,train
u1213479856047972354,train
u1213533633492865025,train
u1213568062529536000,test
u1213632913943621632,train
u1213632934931886081,train
u1213724081645740033,test
u1213756290679238656,train
u1213875992759951364,train
u1213881801547997184,train
u1213985931318808576,val
u1214131614914973696,train
u1214133130291888130,test
u1214224891416678401,val
u1214251782961975296,train
u1214475126315634689,train
u1214581440521940995,test
u1214592551816171523,val
u1214655272330944518,train
u1214671979225202688,val
u1214719502098862081,train
u1214796326623490048,val
u1214816452915662848,val
u1214927245992697857,val
u1214942607735955458,train
u1214968542350626819,val
u1214989462977024000,train
u1215090970150064128,train
u1215167819102294016,val
u1215227053706006531,train
u1215377413460439041,train
u1215563387243024384,train
u1215641097768075264,train
u1215943248314802176,train
u1215993480591310850,train
u1216139265152880645,train
u1216389572332048384,train
u1216393462062424066,train
u1216490271757807617,train
u1216566168913186816,train
u1216817889321209856,test
u1216899768661815300,train
u1216900763651203072,train
u1216937466675875841,train
u1216947228700483585,train
u1217132706905174017,train
u1217230579692908546,val
u1217383749341663233,train
u1217495842594140162,test
u1217500788882333697,train
u1217628182611927040,test
u1217638295817146369,test
u1217742172922843137,val
u1218051038831349760,train
u1218218842821804033,test
u1218237661359607809,train
u1218390714737782784,train
u1218822638199623680,train
u1218852910186094592,train
u1218890455716220928,val
u1219259484515684352,train
u1219273226158821376,val
u1219646070688489472,train
u1219843781119201280,train
u1219876033924562944,val
u1219903067182768129,train
u1219910702200049665,train
u1220010339779141633,train
u1220279101228900352,train
u1220671426262253568,train
u1220691490906591233,train
u1220719656698146816,test
u1220808459320528898,train
u1220853301970898944,train
u1221018692844249089,test
u1221087701820149761,train
u1221090048025612290,test
u1221124994920525824,test
u1221222549188751360,train
u1221270577849102337,test
u1221402746399662082,test
u1221415028848517120,val
u1221483263576936448,val
u1221792040310034435,val
u1221797561872326656,train
u1221823570600439810,train
u1221842417843933184,train
u1221847825912410114,test
u1221850622007398400,test
u1221991830742372354,val
u1222077101991452672,train
u1222089413532037121,test
u1222124274745577473,train
u1222203203044794370,train
u1222274077735510019,train
u1222481207050436609,train
u1222620985041571840,train
u1222673601578463232,train
u1222896389023133696,train
u1222995432407805959,train
u1223016700280496130,test
u1223212280868999169,train
u1223247464796499969,test
u1223428026932891651,test
u1223452304931725313,train
u1223474313396809728,train
u1223754018499039233,train
u1223948990661701632,train
u1223965471772422144,train
u1224001752808247298,test
u1224107674234773509,train
u1224340015821533185,val
u1224454866048778240,test
u1224468013107306496,test
u1224678501091086337,train
u1224725426158870528,train
u1224763922735124480,train
u1224768421885358081,train
u1224923364944297985,train
u1225073117963288576,train
u1225091273406799882,train
u1225108147120918528,train
u1225178114122121221,train
u1225183906590269440,train
u1225286035690704899,train
u1225476057282666496,test
u1225549329718501376,train
u1225576247008219136,train
u1225667056785227776,test
u1225809085460692992,train
u1225874727840952320,val
u1226062973367717890,val
u1226185906652155906,test
u1226221805637165056,test
u1226574984354705413,train
u1226935161398398976,train
u1226950587104755714,train
u1226952233310396417,train
u1227012307764555783,val
u1227224744878989312,train
u1227253389978931200,train
u1227402521485795328,train
u1227635429500948483,train
u1227742171211554816,train
u1227967807838662661,train
u1228059053722656770,test
u1228197808068415489,train
u1228237230243627008,train
u1228240604544372736,train
u1228343544508633088,val
u1228385712271175681,train
u1228436982126333953,train
u1228527312368332800,train
u1228549206920646661,test
u1228560881472045056,train
u1228600636499013635,test
u1228785206976483328,test
u1228852658892689408,train
u1228920750452756480,train
u1229052022885900290,train
u1229323261416267776,train
u1229367346764144640,val
u1229413054456254465,test
u1229623943151017984,test
u1229629842536058880,test
u1229987897467719680,train
u1230086653659709442,train
u1230176707115659267,val
u1230356809078181889,test
u1230431996163178497,train
u1230462958020460544,train
u1230517463143649280,test
u1230590411149914112,train
u1230600438212366338,test
u1230634852577230848,train
u1230783518923464704,train
u1230874700089352197,val
u1230949129930436608,train
u1231098599846694912,train
u1231229637205819392,train
u1231267236360458243,test
u1231288602912489472,val
u1231449046323097601,train
u1231506717684490240,test
u1231601392139329536,test
u1231649127450083331,train
u1231773058899140610,train
u1232074557017796609,train
u1232244554176266240,train
u1232290896508485634,train
u1232445287328886784,train
u1232457329037078528,train
u1232461057840553986,test
u1232499645701672961,train
u1232592111540654082,val
u1232606515179204608,train
u1232682548209344512,train
u1232773000627396608,train
u1233006636110880769,train
u1233053424746364928,train
u1233100151474049024,train
u1233116922155155457,train
u1233177694893940737,test
u1233194297928933377,train
u1233334337472327681,train
u1233587380914982913,test
u1233655908057653248,train
u1233813128556765186,test
u1233898389584084993,train
u1234057557368590343,train
u1234109901892354051,val
u1234111103078191104,train
u1234297665157922816,train
u1234339943054553089,train
u1234502792980652033,train
u1234576703558688773,train
u1234635549136297989,test
u1234763994046574593,train
u1234784276194873346,train
u1234825434874961920,train
u1234895738888491011,test
u1234909822249766912,test
u1235017795621904384,train
u1235113940993970176,train
u1235272629826682880,train
u1235320800980410372,train
u1235321942640603138,test
u1235464842707755008,train
u1235520318145548289,val
u1235527700573556736,train
u1235541845482057730,train
u1235673902963191808,train
u1235899396698456065,train
u1235949293590032384,train
u1235956746151235586,train
u1236229527438864384,train
u1236334913491697669,train
u1236342694537879552,train
u1236351582779969544,test
u1236366897030893568,train
u1236683694993297414,train
u1236744154736140289,test
u1236930984874053632,val
u1237032592412721154,train
u1237120155689369600,train
u1237326642164502530,train
u1237338240279105538,train
u1237355117516554241,train
u1237406350864416768,train
u1237544865216507906,val
u1237572569898930177,train
u1237636934169694208,train
u1237674206118260736,train
u1237710964587483139,train
u1237812271444889601,train
u1237894863422709760,train
u1238027030257479683,test
u1238057601369333761,train
u1238136258607509504,val
u1238161121275719683,train
u1238438247698763781,train
u1238454418040860672,train
u1238521558441828353,test
u1238966736768155652,train
u1239014596050124801,val
u1239064023024484352,train
u1239120404406366208,train
u1239277614352732160,train
u1239332527636189185,test
u1239428188272394240,train
u1239440141359300609,test
u1239678957592752131,train
u1239743040564191235,test
u1239752984856162304,train
u1239886723510931457,val
u1239934339699400705,train
u1239937756886962177,train
u1239942556361908227,train
u1239975136121344003,train
u1240000177982889985,test
u1240004303026339840,train
u1240012352038113282,train
u1240078467691089920,val
u1240115395828342786,train
u1240265921819803649,test
u1240285160962048003,train
u1240338965674233857,train
u1240351778417278976,train
u1240515905869811713,val
u1240560716253462528,train
u1240719735286874116,val
u1240778619925835776,train
u1240806372977115136,train
u1240923006857121792,train
u1240937975485288448,train
u1240980549407322112,train
u1241075123928682499,test
u1241098622969634817,train
u1241259045073367040,train
u1241277139661533189,train
u1241359194793664515,train
u1241366004799639553,train
u1241388592485842949,val
u1241462053136629766,train
u1241545894442332160,test
u1241630600399851521,train
u1241684471553896448,train
u1241742781376352257,train
u1241795449809293312,train
u1241859777304702976,train
u1241913610244407298,train
u1242073333153378305,train
u1242097556034850818,train
u1242121260722786305,test
u1242165175790080001,train
u1242207752694509573,val
u1242351521477656577,train
u1242380631717212166,train
u1242437798038138881,train
u1242455329964806147,train
u1242507093581746178,train
u1242516384975912963,train
u1242550139270713346,train
u1242598815212998665,train
u1242679561512529921,train
u1242710892313292801,val
u1242763805152722945,val
u1243092492443996160,train
u1243128346923409408,train
u1243175295768621056,test
u1243188213335740416,train
u1243200756389490690,train
u1243251979079553025,train
u1243256699739344897,train
u1243276112668446720,train
u1243354663933493249,train
u1243486439901286402,train
u1243524877329387520,val
u1243558764298620928,train
u1243560408025198593,train
u1243587853063467008,train
u1243608174399275008,train
u1243932920680722434,val
u1243974646875090944,test
u1244020301840646145,train
u1244047657888288769,test
u1244102194506469377,train
u1244188718983835649,train
u1244188863033233408,train
u1244379852381327362,val
u1244419966704574464,train
u1244566213633679361,test
u1244653685097009161,train
u1244714853954191360,test
u1244762173890424833,train
u1244799837310029825,val
u1244879302803390465,train
u1244910305811054592,train
u1245086869299355651,test
u1245136726626119687,train
u1245158542618898432,train
u1245197315926904832,train
u1245230114356391938,val
u1245327782168715269,train
u1245408681057017856,train
u1245487960226697217,train
u1245493275701714944,train
u1245572970665263104,test
u1245772151740915712,test
u1246030346468167680,train
u1246091659978215426,test
u1246111106806013952,test
u1246309685722054656,train
u1246341028623331330,train
u1246365785108480000,train
u1246417537711120385,val
u1246598927630995456,test
u1246623062797230080,train
u1246796856081838080,train
u1246893292840792064,val
u1247035073335046145,train
u1247287333478699008,train
u1247357118224773120,train
u1247368097809530882,train
u1247561365377687553,test
u1247882871009726466,test
u1247898986737889280,train
u1247964307553505280,test
u1247964637590458375,train
u1248001356373217280,train
u1248101584443146240,train
u1248146805440667649,train
u1248509330501951488,train
u1248520477175427072,train
u1248633730119471109,train
u1248672438860369926,train
u1248731744246927360,train
u1248870419089649664,train
u1248919792603598849,train
u1248963324034891777,val
u1248973562532098049,train
u1249094493145452544,test
u1249622976661729280,train
u1249661599415074816,train
u1249749275858231296,train
u1249761892299468803,train
u1249805775482097668,train
u1249891229086756865,val
u1249977675814494208,train
u1250011013648470016,train
u1250536858783756288,train
u1250767985108811776,test
u1250822873444421634,train
u1250855688038989825,train
u1250862676353286144,test
u1250898887428190213,train
u1250900188752994306,train
u1250958848942202880,train
u1251007559193882626,train
u1251091733632430080,test
u1251100820185194497,val
u1251155277040111616,train
u1251231109817397249,test
u1251265317067567104,train
u1251281499229388806,train
u1251334334591557633,test
u1251338271725989888,train
u1251419694235435009,train
u1251471785134096384,train
u1251565877142700032,train
u1251830063252885504,test
u1251882319616413697,train
u1251907112990457856,train
u1251928695612243968,train
u1251964945899683841,test
u1252125527835643905,test
u1252201715891425280,train
u1252214545734656001,train
u1252250641717592064,val
u1252599926569218048,test
u1252624243273142272,train
u1252633019480866817,train
u1252956801223491584,test
u1252998246462558212,val
u1253005974807478272,train
u1253030735738527744,train
u1253221725661102081,train
u1253256223043891200,train
u1253286721426464768,test
u1253344017967915010,test
u1253385369355268097,train
u1253406715145588736,val
u1253462934476533763,train
u1253473036247982081,train
u1253475919382999041,train
u1253478780322017281,train
u1253489839820791808,train
u1253578557533511681,val
u1253591142978818050,test
u1253620885161836545,train
u1253621639318650880,train
u1253621864938770433,train
u1253726294233059328,train
u1253754530677866499,train
u1253760278082269184,train
u1253802470427561988,val
u1253834003871936513,train
u1253984890707759105,test
u1254025982224326656,train
u1254029140216315905,test
u1254131192728883200,train
u1254161299845656583,test
u1254168589499760648,test
u1254260005953363968,train
u1254301101744173056,val
u1254442014818668545,test
u1254449643804676096,train
u1254469376809582592,train
u1254475488610975746,test
u1254528920852017165,train
u1254770772578451456,train
u1254797853420974081,train
u1255160104250458112,train
u1255185242740027392,val
u1255234627242995715,val
u1255240241054650368,train
u1255403444241862656,val
u1255408952562589699,train
u1255481159825403905,val
u1255556200982351874,train
u1255679955565977606,train
u1255889219509198849,val
u1255925654488592387,train
u1255956641159081985,train
u1256144427673739265,train
u1256296984748621825,test
u1256303347386257411,train
u1256335044077064195,train
u1256417658670665729,train
u1256478782698819586,train
u1256624907305103360,test
u1256782093121708033,train
u1256795019962462210,test
u1256925276530974721,train
u1256944562637099008,test
u1256955642960465920,test
u1257093321056452610,train
u1257204859855462400,train
u1257279992389677058,val
u1257352278719303681,train
u1257369675714920451,train
u1257516320003784704,train
u1257661189619941377,train
u1257669679558115328,train
u1257698009208565760,train
u1257718079112359941,train
u1257847806418657280,train
u1257864184907194368,train
u1258113351843971074,train
u1258145121754738688,val
u1258168996572135430,train
u1258194641742172160,test
u1258239371766976515,train
u1258269329713324034,train
u1258404840335695873,val
u1258409097159991300,train
u1258612821446688769,val
u1258676884327424000,test
u1258743389563961346,test
u1258953460436873216,train
u1259109623254200320,train
u1259174675374096385,train
u1259182377357635589,train
u1259184412031365122,test
u1259252430967115777,test
u1259354264020774912,train
u1259466268505243649,val
u1259498799485071363,train
u1259559092835815427,train
u1259574694296129540,test
u1259685074271961091,train
u1259722768888799232,test
u1259750445813100544,train
u1259841110815526912,train
u1259852189297713152,train
u1259877420590563330,test
u1259882965812883459,test
u1259939091237527558,train
u1260006638037147650,test
u1260159920449581061,train
u1260212055468105730,train
u1260362239082708997,test
u1260538770140487681,test
u1260578233336111106,val
u1260616594209869826,test
u1260816656252592129,train
u1260859541635371009,test
u1261030032991850496,train
u1261110445584322560,test
u1261182436886695939,train
u1261663108105302016,test
u1261700871731048453,val
u1261714680357273600,test
u1261777926942412802,train
u1261802172053774336,test
u1262011615861334018,train
u1262201636581257222,train
u1262317445710258177,train
u1262371033480400899,test
u1262380101876043782,train
u1262401324660011009,val
u1262440948333793280,test
u1262623002937655296,train
u1262627999893028865,train
u1262718679478792192,train
u1262733347446566913,train
u1262805252882886663,train
u1262864964072755201,val
u1262911757003128833,train
u1263024354134286336,train
u1263179139332190208,train
u1263434346322673664,train
u1263512772559675393,train
u1263711764480434176,train
u1263825941223976962,train
u1263877101330894848,train
u1263892809284755463,train
u1264031710716493824,train
u1264042703635046402,train
u1264116738792148993,train
u1264161966962151424,train
u1264199549947654144,train
u1264237176465666051,test
u1264244514551521280,test
u1264252764345044993,val
u1264259518621519884,test
u1264317404919877634,train
u1264486875294728193,train
u1264497510057295873,train
u1264524476160581636,train
u1264606206955606021,test
u1264610254924496896,train
u1264808622288183298,train
u1264853072905416704,train
u1264900247593144320,train
u1264911495399460866,val
u1264939552445210625,train
u1264952031317561345,train
u1264968130687905794,train
u1264972964493094912,test
u1264991604349304832,train
u1265025397353091073,train
u1265039418294800386,train
u1265119474585235456,train
u1265187369545678848,train
u1265313548974133248,train
u1265419560385163264,train
u1265511208922292226,train
u1265528062147518464,train
u1265566738676101122,train
u1265610280626724869,val
u1265632656034676736,test
u1265974494629330949,test
u1266322552433106944,val
u1266374034842718212,test
u1266438804082229249,train
u1266439580502290432,train
u1266449717501628417,train
u1266469388930232322,train
u1266474562558058496,train
u1266482570868535298,train
u1266633564269031425,train
u1266703520205549568,test
u1266736877245272064,test
u1266737087992287232,train
u1266765240525631489,train
u1266784515331985409,train
u1266920725320994816,val
u1266925767516012544,train
u1266974886184058880,test
u1267051110721781761,train
u1267062534529523712,test
u1267079451210285056,train
u1267083330299875328,train
u1267117381278666754,train
u1267144834378326019,train
u1267165809127895040,test
u1267275417477615616,train
u1267410033748443138,test
u1267431151251197952,train
u1267466440690601986,train
u1267497270175584258,train
u1267501967703588864,train
u1267524311277015042,train
u1267632148741263367,train
u1267746949559713792,train
u1267826296467251201,train
u1267880843516633088,train
u1267960763467075585,test
u1268008348420636673,train
u1268034187594006528,test
u1268106638042583041,test
u1268125226300129281,train
u1268178926658031616,train
u1268261929233104897,train
u1268282338640670721,train
u1268323110366871553,train
u1268362931336613891,train
u1268397858492801024,train
u1268586425320198145,train
u1268620811268534278,train
u1268676705629229056,val
u1268741211285643264,train
u1268754446248316930,train
u1268760736131661825,val
u1268970866085441543,train
u1269068431862763525,test
u1269109234895069185,train
u1269329781365055488,test
u1269469120086585350,train
u1269528761688604672,train
u1269662256398295040,train
u1269739075818475526,train
u1269742671259750401,train
u1269764161967468544,train
u1269783229394939904,train
u1269956621909798913,train
u1269977265955393536,test
u1270025945592799234,train
u1270165938558640129,train
u1270246155985629184,test
u1270259763176067072,train
u1270407009188397058,train
u1270467906263035905,train
u1270542038669369344,train
u1270588463113318402,test
u1270665220223119362,train
u1271007323541176321,train
u1271013863111233536,test
u1271013863111233536,test
u1271029300595232769,train
u1271252108969275392,test
u1271282093713170434,train
u1271337451299106817,train
u1271378139457810433,test
u1271482878958940160,train
u1271494016924659712,val
u1271692434150432768,test
u1271787834396073985,train
u1272057842913116160,train
u1272057887922110464,test
u1272059844753645568,train
u1272076056032423936,train
u1272188789386096641,val
u1272211725362753537,test
u1272223273359511557,train
u1272233905022734340,val
u1272251688330711041,train
u1272447528311459842,val
u1272607690863214592,test
u1272714834916847616,train
u1272821035742748672,test
u1272845197278240768,train
u1272880566279401473,train
u1272885964533387264,test
u1272930101559283713,train
u1272939649791451137,train
u1273062360232714240,train
u1273093699526889473,train
u1273227832555167745,train
u1273299183777091585,train
u1273524665227587586,val
u1273580736927465474,test
u1273670627954548739,val
u1273759306039558145,test
u1273782285490413569,val
u1273833400906985475,train
u1273871489947836416,val
u1274269247892418561,train
u1274318205817937924,val
u1274344486873767937,train
u1274397586141491201,train
u1274572433924726785,train
u1274806837079158785,train
u1275014106722926592,train
u1275057614053756929,test
u1275095083524583424,train
u1275159886263980032,train
u1275184138664976384,train
u1275256897373908993,train
u1275289679252934657,train
u1275367228297236480,train
u1275374980784521217,test
u1275408279863275521,train
u1275530238953308160,test
u1275560189559619585,train
u1275577849412571139,train
u1275661601195151361,val
u1275661601195151361,val
u1275663458420363265,test
u1275698814217830402,train
u1275774273613959171,train
u1275793366140280832,train
u1275806872575057921,train
u1275848535288602635,train
u1275919661058719746,train
u1275924339494395904,train
u1275956302590676993,test
u1276097179577470976,val
u1276115324820127752,train
u1276116241690906627,train
u1276128316034936834,test
u1276188758002597888,test
u1276431108347965440,train
u1276438425457967110,val
u1276516622694379520,test
u1276557211708391429,train
u1276757595353563136,train
u1276885238069768196,train
u1277056048919126021,train
u1277323928550150144,train
u1277330706960613376,train
u1277332349081079808,train
u1277370736148086784,train
u1277527326616674304,val
u1277669296433487875,train
u1277686375647719424,train
u1277700128565010434,train
u1277749975531864070,train
u1277796741132300290,test
u1277820751018487809,val
u1277877033423560704,test
u1277922403843178496,train
u1277987057349079041,val
u1278017262721662984,train
u1278072689857449984,train
u1278096139485667328,train
u1278154595466788864,train
u1278390703320715264,train
u1278394521831854080,train
u1278465007496212480,train
u1278516001773162496,test
u1278522948291182592,train
u1278575788900712448,val
u1278623756500398081,train
u1278628323753631744,train
u1278671646581125120,test
u1278710228213612544,test
u1278717646436012033,train
u1278762827117850625,train
u1278785979768360961,val
u1278878079826292736,test
u1278894431605645312,train
u1278937550615244800,train
u1279039225636302848,test
u1279333728032976896,train
u1279474944460468224,train
u1279480638530338821,train
u1279556407348658176,train
u1279577136488210432,train
u1279752370587566083,train
u1279774026953621508,train
u1280068188198313984,train
u1280118663610339328,train
u1280142008070307843,train
u1280142074726232064,train
u1280173489354244098,train
u1280280549765140480,train
u1280332075065843713,train
u1280351275628900355,train
u1280445897835515905,test
u1280464969209962496,train
u1280598815280676866,test
u1280813065936744453,val
u1280875781003059206,train
u1280901258874884098,train
u1280916490380812288,test
u1280938227537494016,train
u1280993587296194567,train
u1281103225878450178,train
u1281351054861512704,train
u1281436389574410241,train
u1281497584427819008,train
u1281554962649165829,train
u1281598348294840324,train
u1281854253003231233,val
u1281937738879696896,train
u1282060859188142082,test
u1282282566037303296,train
u1282307890041303040,train
u1282313776033865730,train
u1282349240971333632,val
u1282358146988728331,train
u1282367592066363393,train
u1282371752472064001,test
u1282444726021619713,test
u1282482058179358725,train
u1282585288360046595,test
u1282652331742564352,train
u1282661568916881408,train
u1282834464255565825,val
u1282969912562999297,test
u1282977468966526976,train
u1283046175696916481,train
u1283050890732216324,test
u1283071766110318593,train
u1283086671412592641,test
u1283149384872599553,train
u1283161568881115136,train
u1283307367174569989,train
u1283343998946549760,train
u1283378990384910339,train
u1283383449206882304,train
u1283463794837135360,test
u1283608162382131200,test
u1283640401023270918,val
u1283754606858772481,test
u1283777793151479813,train
u1283881756916146178,train
u1284311733574569985,train
u1284441120773152768,train
u1284463004843638786,train
u1284513088146821121,train
u1284684118979117056,train
u1284706255441760256,train
u1284743609078562816,train
u1284770518118199297,train
u1284820579439095820,train
u1285018900753678337,train
u1285027406961610757,test
u1285385973187190786,train
u1285489951270993920,train
u1285508401892483073,test
u1285513012338663424,train
u1285518023701540865,test
u1285560898384519170,train
u1285628066346274817,train
u1285637128416829440,train
u1285858902400053248,train
u1285870150198202370,train
u1285871002988056577,train
u1285939888064475137,train
u1286339187793432578,test
u1286341463597604864,train
u1286743741949067264,train
u1286810331906543625,train
u1286820111488176128,train
u1286921198388031488,train
u1287064698014310405,train
u1287239187427553281,test
u1287259425556766721,train
u1287460904985141249,test
u1287468183201492992,train
u1287486014131404801,val
u1287502143000391681,test
u1287513081413681152,train
u1287582781174734848,train
u1287677582155091968,test
u1287699374890528768,train
u1287738458711166977,train
u1287769440894038016,train
u1287809247137472513,train
u1287831397508341761,val
u1287850532628041733,train
u1287854793642450950,test
u1287960329285066752,train
u1288067191825469441,train
u1288189476074815489,train
u1288247849239617538,test
u1288252277187371012,train
u1288356210224201728,test
u1288438422512840704,train
u1288506345864470534,val
u1288571455677095939,train
u1288799372377878528,train
u1288913312609005569,train
u1289167587721359362,train
u1289205735776227328,train
u1289655948483665920,val
u1289683235677642754,train
u1289889050388828161,val
u1289912961742512132,val
u1290045946655465472,val
u1290045946655465472,val
u1290233331683008512,train
u1290290872819515393,train
u1290337087867125761,val
u1290349226270965760,train
u1290351535335960576,val
u1290439725157961731,train
u1290511354248351745,train
u1290553693855559681,val
u1290740675818991618,train
u1290741753578950658,val
u1290763956529664000,train
u1290789185058566144,test
u1290994327502503936,train
u1291030579836850183,train
u1291165350650712064,train
u1291192349582716929,test
u1291257095858266112,train
u1291280040320172034,test
u1291351926160777217,test
u1291379092365824006,train
u1291464427297017857,train
u1291487042921168898,test
u1291540282685698054,train
u1291721439221964800,train
u1291784927705354240,train
u1292062397390368768,val
u1292166792056582145,train
u1292427925996875776,test
u1292548661587607555,test
u1292560437699985408,val
u1292575370320007172,val
u1292655145537482752,train
u1292750983336824832,train
u1292760397007802368,train
u1292782551208275968,test
u1292928886339039232,val
u1292984991635431425,train
u1293071349317898240,train
u1293233330830417921,test
u1293265737201549312,train
u1293342122825801728,train
u1293469199554285568,test
u1293476420354822144,train
u1293487618491990016,train
u1293517024379904001,val
u1293528122827010048,train
u1293530681662824449,train
u1293568640776908806,train
u1293569959532982275,train
u1293770077766946816,train
u1293878938540933122,val
u1293902268979445761,train
u1293923061142630400,test
u1294033712552779778,train
u1294049554216755201,train
u1294237479197958144,train
u1294246904847622145,test
u1294256281872748545,test
u1294362193878822912,train
u1294469500784349184,train
u1294590865655046144,train
u1294687175792119808,train
u1294978697129275394,train
u1295010755528425472,train
u1295045003576844288,train
u1295363625927016448,train
u1295429066049421314,train
u1295431516198141957,train
u1295472116163178496,train
u1295521539706613760,test
u1295531192696164353,val
u1295573064088944641,train
u1295583939969548288,test
u1295627935118893056,train
u1295715136141963267,train
u1295740738592899074,train
u1295768269400559616,train
u1295839946025115648,test
u1295860650284064769,train
u1295881084631224320,train
u1296041494302859264,val
u1296052915317153792,train
u1296095452845297664,train
u1296149891530526727,train
u1296255120141889536,train
u1296441023250550785,train
u1296482784979161089,val
u1296561258469240832,test
u1296732065606569984,test
u1296847131941253120,test
u1296862654330355712,train
u1296873029994258434,train
u1296873055629774850,train
u1296882440108220416,train
u1297129138239627264,train
u1297251981816340480,train
u1297265957874827265,train
u1297400704164798464,val
u1297400704164798464,val
u1297450796980686850,train
u1297505626604675073,train
u1297561561964388353,train
u1297627095330242561,train
u1297734924196339712,train
u1297810466354286592,val
u1298019858144088064,val
u1298046179700162560,train
u1298119287178055681,train
u1298178034705600512,val
u1298222102437273600,train
u1298262667732193281,train
u1298377575442657281,val
u1298396909887922176,train
u1298461252008771588,train
u1298617054950387712,train
u1298666653530685440,train
u1298785677291577344,train
u1298878057785122822,train
u1298934101123055618,train
u1299048052158857218,train
u1299284627639631873,train
u1299311527816617985,train
u1299605596224786434,train
u1299643837254635521,train
u1299686030875004928,test
u1299699986767249409,train
u1299724900563709953,train
u1299759176588034048,train
u1299773222800576513,test
u1300047383091445764,test
u1300211803373236224,train
u1300410512509825024,test
u1300622524393435136,train
u1300692743795216386,train
u1300712274055790593,train
u1300730536344707072,test
u1300909563881967618,train
u1300926167650713600,test
u1301217737893609473,train
u1301275764424241152,train
u1301324575125286912,train
u1301407963333230592,train
u1301409891039485952,train
u1301556273993793536,val
u1301564443910975489,train
u1301582210655334400,train
u1301595184929673217,train
u1301611039642058752,val
u1301625199843061762,train
u1301635162967429120,val
u1301705623084707841,train
u1301730453326454784,val
u1301744193996374017,train
u1301801722512388096,train
u1301908170420305920,test
u1301942561960009732,train
u1301971143746879488,train
u1301974202988273664,train
u1301979520514363393,train
u1301979918134202369,train
u1302010612352839681,train
u1302225341319196677,test
u1302236344534675456,test
u1302243530388246535,train
u1302368100927504384,test
u1302387576800645120,train
u1302463878916272128,test
u1302498309634961409,test
u1302544509348306944,train
u1302660200026042371,train
u1302763516978434048,train
u1302786301620609031,train
u1302833127614754817,train
u1302846730644328450,train
u1302884267387744256,train
u1302897316169355264,train
u1302901994806374400,train
u1302914330380447745,test
u1302966575310483456,test
u1302980959726440449,train
u1303132210766254080,train
u1303227074845573121,train
u1303346772073312256,train
u1303377516288258049,test
u1303461934075969536,test
u1303524530783227904,val
u1303615032274620416,train
u1303621701016662017,train
u1303714451305234433,test
u1303777844133150720,test
u1303822276832432128,test
u1303876173085249537,train
u1303939760797474816,train
u1303984941798105088,train
u1304039005558902784,train
u1304094405142474756,train
u1304201020130709506,train
u1304221784582115334,train
u1304250335209246720,train
u1304373173127962629,train
u1304428269882744835,train
u1304578188614545409,train
u1304728654707122176,train
u1304794047811325956,train
u1304819254034935808,val
u1304823183783202824,train
u1304863214459662345,val
u1304878604703199232,train
u1305138792240742400,train
u1305222770507288576,train
u1305303001033252864,train
u1305349277422477313,train
u1305352752214798339,test
u1305359557762269184,train
u1305560602706939906,train
u1305690833979502597,test
u1305840719697977344,train
u1305919187030700033,train
u1305929795788779521,val
u1305961946139815936,train
u1305996833286696963,train
u1306171154487537664,train
u1306263380689379335,test
u1306279054060920839,train
u1306283894623227904,test
u1306384641150992384,train
u1306509826713948160,train
u1306516976391593985,train
u1306590573067866114,test
u1306948588392439808,val
u1307070289952608258,train
u1307070348987445248,train
u1307101737136709632,test
u1307218926699450368,val
u1307287388088086528,train
u1307323917867024387,train
u1307336102911660033,test
u1307373506137673728,train
u1307409026645463045,train
u1307574170046410752,train
u1307745468261314562,train
u1308015556570873856,test
u1308030386031730688,train
u1308031437975826437,train
u1308049161573617665,train
u1308186552435191808,train
u1308187181941288960,train
u1308299450763239424,test
u1308300663663874048,test
u1308443434269708288,test
u1308531532286570501,test
u1308540064285118465,test
u1308816287213260800,val
u1308970974927294466,train
u1308989638036598785,test
u1309034737756000256,train
u1309113361955786755,val
u1309171004414005248,train
u1309393332460826624,train
u1309478370132897793,test
u1309836338447806464,train
u1309931012961570816,test
u1310004281047646208,train
u1310295811847315458,train
u1310591400400941057,train
u1310710407837949953,val
u1310916812184444928,train
u1310969638113677313,train
u1311056140537659393,train
u1311097682904182784,train
u1311098913877897216,test
u1311426771548598273,train
u1311465984683896832,train
u1311546611424788480,train
u1311639856964141056,train
u1311650703052476416,val
u1311662718856781825,train
u1311736387981336576,train
u1311786712557850624,train
u1311808795509583872,test
u1311846239928016896,train
u1312030395463094273,test
u1312214283481223169,train
u1312326659089985536,train
u1312461653561217024,train
u1312566961327362048,train
u1312749954914541570,test
u1312756864057180162,train
u1312765923598708737,test
u1312783029862096896,val
u1313005440754622464,train
u1313223619841937408,val
u1313256576283824129,train
u1313384376453922816,train
u1313391357487050752,val
u1313542057596772353,val
u1313590800014602241,train
u1314285874075459584,train
u1314286656787275779,train
u1314355327681228801,test
u1314507330432700417,val
u1314513527286226944,test
u1314949099284770818,train
u1315008703175651328,test
u1315031418775494658,train
u1315062025932828672,train
u1315332212133441536,train
u1315572876666314752,test
u1315577551268569088,test
u1315603742511763456,train
u1315614322995929089,train
u1315705297693011974,test
u1315732582118625282,val
u1315889413730250752,train
u1315936062368296960,train
u1315951304628408320,train
u1315952583392067585,train
u1316061213009346560,val
u1316095306736435200,train
u1316108567972372480,train
u1316131065916989443,val
u1316185501838258177,test
u1316289306873470976,test
u1316378387301113856,train
u1316418867061764097,train
u1316436556639600643,val
u1316502634577059840,test
u1316765678817353728,train
u1316772470762942466,train
u1316778077595209733,train
u1316800982316183556,train
u1316847489627181058,val
u1316939403986497536,train
u1317114133427388417,test
u1317138095347826689,train
u1317201061103415297,train
u1317244770830385158,val
u1317329780597944322,train
u1317370357850853376,train
u1317512952325472260,test
u1317588686037426176,train
u1317644890147151872,train
u1317809361117302784,val
u1317872748769775619,train
u1317882787114962944,train
u1317969730381164547,train
u1318131207423414274,train
u1318132861195735042,test
u1318180618392526848,train
u1318210611965251585,train
u1318211557545967616,train
u1318449417331105795,test
u1318470313227714560,train
u1318473869192130561,val
u1318555511437037569,train
u1318582659090681857,test
u1318621292317335561,train
u1318625361387835394,test
u1318688319174299648,test
u1318714008761937920,train
u1318804035458138113,train
u1318816143415521280,train
u1318847094778589185,train
u1318876350833307648,train
u1318966257857794050,train
u1318974536763625472,train
u1318983051557425152,val
u1319012364671475712,train
u1319229958816960512,train
u1319235016266833921,train
u1319244949750251522,test
u1319265929210056704,train
u1319280455489744898,train
u1319300255901417472,train
u1319567148612800512,test
u1319727844847722499,train
u1319735265527824385,test
u1320093938632527873,train
u1320096500492500992,train
u1320369485921005570,train
u1320412692671324164,train
u1320461800723210240,val
u1320503149816328192,train
u1320615035526287360,train
u1320635345885483009,train
u1320715383050031104,train
u1320762073819865090,train
u1320828312067973123,train
u1320832772848627714,val
u1320892434780430336,test
u1321056220111761408,train
u1321066524271091713,test
u1321067249533210624,test
u1321131526809997313,train
u1321201232577503233,train
u1321275477185732609,train
u1321405472608575492,train
u1321522313699844096,test
u1321564110694371333,train
u1321574298088361991,test
u1321595551989850115,train
u1321625864547819522,train
u1321629807818493952,val
u1321920548083912705,test
u1321945671969218572,val
u1322046969393549312,train
u1322134839823376385,train
u1322286870152187904,test
u1322289804441169920,train
u1322307770364895237,test
u1322355749264093185,train
u1322387371392839683,val
u1322420418699997184,val
u1322496598379810817,train
u1322647962925834246,val
u1322670584778514432,train
u1322856547618328581,val
u1322906536029626368,train
u1322937329443610624,train
u1323023000053014529,train
u1323186800131629057,test
u1323212344718184449,train
u1323305010445357058,test
u1323318888587763719,train
u1323462274372276230,train
u1323470543404769288,test
u1323549874080591874,test
u1323594390259015683,train
u1323600747381084162,train
u1323600748459020289,train
u1323691335669436417,test
u1323697466252951553,test
u1323730225067339784,train
u1323961926234361856,test
u1324208764627550208,val
u1324264984424185857,train
u1324278660111753218,val
u1324280445543030785,test
u1324338377303322624,train
u1324411320821813251,train
u1324552699707330562,train
u1324565856840413184,test
u1324669854289338369,train
u1324713252224442369,train
u1324756591342735360,val
u1324757425270988800,train
u1324960067943325696,train
u1324975320760373248,train
u1324992208999604224,train
u1325124927867908099,train
u1325142666896531457,test
u1325183378568617984,train
u1325185207855509505,train
u1325188919961464832,train
u1325233229612376068,train
u1325357716710150144,train
u1325366115304833025,train
u1325387012862595077,test
u1325469941781438464,val
u1325593062060462081,train
u1325664070695940097,train
u1325728524527755264,val
u1325870973099315200,train
u1326010117997776896,train
u1326114116210053120,train
u1326266123894083588,train
u1326312931269742592,test
u1326401295482302471,val
u1326472299030212608,test
u1326578158888505346,test
u1326594184241840128,val
u1326703069854363648,train
u1326810310674583554,train
u1326817712895627265,train
u1326845758981763072,val
u1326925703963664384,train
u1326974477566177280,val
u1326991467919896589,train
u1327248537592205314,train
u1327281932183416832,test
u1327504613667434497,train
u1327738096977317892,train
u1327855967120322560,train
u1327964759921135616,train
u1327992943676968961,train
u1328004824617553921,test
u1328061321028493317,train
u1328305087727353857,train
u1328357185844170757,train
u1328360943588233220,train
u1328370760000434182,val
u1328404705249255426,val
u1328416826703933446,val
u1328589541540843521,train
u1328742661902233601,train
u1328805531792924672,train
u1328813197667647488,val
u1328886572469678080,train
u1328915880776876032,train
u1328986563267743745,train
u1329080873044459520,train
u1329081855774113797,train
u1329148590539718656,train
u1329202613577871360,train
u1329374297178050561,val
u1329530021439021058,train
u1329601897758650369,train
u1329603585705959425,train
u1329718618465083392,train
u1329732586768195584,test
u1329741678882615297,test
u1329764298378317824,train
u1329860301823512577,train
u1329886708851224576,val
u1330059555225673731,train
u1330085947418038275,train
u1330103829967360000,test
u1330108328689668101,train
u1330151986487046150,train
u1330462951090900994,train
u1330561815496056832,train
u1330782115995201536,train
u1330968429742977025,train
u1331074968290009088,train
u1331086769358516225,train
u1331117169413910528,test
u1331204531586207744,train
u1331273060582887425,train
u1331296992220352520,train
u1331299885950373890,train
u1331350349890936833,train
u1331701204234199042,train
u1331796549274193922,train
u1331839626428829696,test
u1331922535043239936,train
u1332109271425695747,train
u1332570110389866496,train
u1332604448045150209,train
u1332606639141109760,train
u1332618847442984960,train
u1332734063292149760,train
u1332810064290254848,train
u1332866522801344512,test
u1332939142292852737,train
u1332951693651292162,train
u1333039160441987075,train
u1333231678672801792,train
u1333280435346935809,train
u1333362375261642754,train
u1333377230630772736,train
u1333452285905657856,train
u1333479914511757312,train
u1333619861520605187,val
u1333776714900488193,train
u1333782624523829265,val
u1333840185759502336,train
u1334176244041179136,val
u1334385408969420801,train
u1334434326545575939,test
u1334596221214875650,train
u1334599365453758469,train
u1334610401816965123,test
u1334707277564145666,test
u1334719346258665472,train
u1334752319410475009,train
u1334775761170026496,train
u1334794299372953602,train
u1334807331687772162,train
u1334810649646432259,test
u1334830028115374080,train
u1334901012281262080,train
u1334996060989575169,train
u1335127381896531968,train
u1335138465600610307,test
u1335140382754045952,train
u1335190913824534528,test
u1335249034810773505,train
u1335405151163719680,test
u1335664409599938562,train
u1335771798806343680,train
u1335887234139041796,train
u1335927899988369410,train
u1335966407322898437,train
u1336058378431438854,train
u1336075033530261508,train
u1336109653533609986,train
u1336257586786603010,train
u1336339632011657224,test
u1336376289834496002,train
u1336403421587525639,val
u1336452831562313729,train
u1336471822540402689,train
u1336482265539506177,test
u1336496329791598592,val
u1336502343161016321,train
u1336520129740304386,train
u1336538538247028737,train
u1336558802490056705,train
u1336589693966839809,val
u1336608708613332992,test
u1336610836450746370,train
u1336623960922972161,test
u1336671139611938817,train
u1336694352983314433,test
u1336727570658832392,train
u1337159211793387530,train
u1337173505381634049,train
u1337199287080546304,train
u1337273323894423554,val
u1337347197923258375,train
u1337475719492894720,train
u1337826628001538050,train
u1338132013090484224,train
u1338143483903815685,train
u1338170351658864640,train
u1338200985827733505,train
u1338345923848491009,test
u1338371046139981824,test
u1338393738511589377,train
u1338464241993588737,train
u1338556556942725120,test
u1338734759485210624,test
u1338761072405307393,test
u1338765238276124672,train
u1338939176356556800,train
u1338960633811902464,val
u1338995063280558086,train
u1339018480541196288,test
u1339071419682975744,train
u1339311407716765696,train
u1339352968160657409,val
u1339474523410862080,test
u1339546230955847685,train
u1340026552432668673,train
u1340138971792351232,train
u1340141397802938371,train
u1340155670079954944,train
u1340196201589862400,test
u1340219330353635329,train
u1340222386961051651,val
u1340254146646188032,train
u1340330459071471617,train
u1340351689711345666,train
u1340377380385214465,val
u1340406938706849792,val
u1340535875466375168,train
u1340571389653364736,train
u1340673267762380809,train
u1340683845935509504,test
u1340919165390106626,train
u1340944271315185664,train
u1341004432125792257,test
u1341262911394725888,train
u1341401252551376899,train
u1341428677603598336,train
u1341609821154336769,train
u1341625198383001600,val
u1341711996287242240,test
u1341712682492325888,train
u1341742829257764864,train
u1341746869060292609,train
u1341789703633178624,train
u1341841118040895488,train
u1341857836016562184,val
u1341867050214539275,train
u1341905852660293633,train
u1342119904305164288,train
u1342196229531308032,train
u1342241438223003651,train
u1342378460254068737,test
u1342423770091253761,test
u1342439976332619776,train
u1342560401024823297,val
u1342583756046159873,train
u1342628022399225862,train
u1342658504583163904,train
u1342716294001410050,train
u1342755349305171968,train
u1342782477434142725,train
u1342806356051587072,train
u1342810544256925698,train
u1342872537026347008,test
u1342901729604624384,train
u1342905753133342723,train
u1342928193410490372,train
u1342931421887934465,test
u1342952735738646529,test
u1343015155316129794,train
u1343126898046623744,test
u1343169995199549441,train
u1343200494710362112,val
u1343206887173615618,train
u1343460298783657984,train
u1343538804737658882,test
u1343603158854086662,train
u1343791113048485888,train
u1343826525095829504,train
u1343866683899916294,test
u1343939172344737794,train
u1344000957747748865,test
u1344024978753261568,train
u1344083645993254918,train
u1344305420282847234,test
u1344474288502444032,train
u1344559810935664642,train
u1344562598776250369,train
u1344678875868110849,train
u1344724746164961281,test
u1344725899615358978,train
u1344823268058910720,train
u1344915276848984064,test
u1345095024770478080,train
u1345101989366145030,train
u1345111068419485698,train
u1345216403658436608,train
u1345235383110434816,train
u1345544197852553220,train
u1345622759116664834,train
u1345656815254695938,val
u1345924303854784512,train
u1345976990545940480,train
u1346194631982247943,train
u1346364499553624065,train
u1346657411868704774,test
u1346762094612414464,train
u1346786481386496001,val
u1346814614160306179,train
u1346863334180741120,train
u1346904853549887488,train
u1346914747782893568,train
u1347028434732650497,train
u1347080451924508673,train
u1347160693934460929,train
u1347276941775269888,train
u1347293616419573767,train
u1347370399932182529,train
u1347492779035938819,train
u1347509745683476481,test
u1347529563702747137,train
u1347545299242332165,train
u1347562901205381126,train
u1347590723017854976,train
u1347608814518984705,train
u1347704502724538370,train
u1347827749411409920,train
u1347887338689617926,test
u1347899189750095873,train
u1347947512762609671,train
u1347958360017149954,test
u1347971790136635399,train
u1348023247447728128,train
u1348117555223830528,val
u1348131313467813888,train
u1348157511845642241,train
u1348223698965323778,train
u1348248021549531140,train
u1348281176923004935,train
u1348295191182987266,train
u1348316173730013186,val
u1348317210771644416,train
u1348322120762331138,train
u1348472480214745090,train
u1348586238219993090,val
u1348721222125809669,test
u1348735937887559684,train
u1348738689187291137,train
u1348769969484541953,train
u1348775140738396160,train
u1348974884051972101,test
u1348995267845115904,train
u1349010639050698753,train
u1349146829162733568,train
u1349168009471004672,val
u1349170292564905988,train
u1349245250070568962,train
u1349246778378383360,train
u1349268288329576449,val
u1349347684075806721,test
u1349355271240306695,train
u1349370279437463552,train
u1349500369706119168,train
u1349558185833635842,train
u1349596903357493249,train
u1349656584981409795,train
u1349659772413489157,train
u1349781918020218880,test
u1349811159491293188,train
u1349928660136910851,test
u1350121495092101122,train
u1350143731362459651,train
u1350147047807213568,test
u1350184901144932363,train
u1350220454674329600,train
u1350226654896005120,train
u1350419150867484673,train
u1350463648464920577,train
u1350463898315489280,train
u1350507884405207041,test
u1350523361814831104,test
u1350584984604561411,test
u1350594982646845441,train
u1350705206061744128,train
u1350811455482982402,train
u1350872575975383040,train
u1350999982615244801,test
u1351003829580550149,val
u1351112774345248770,train
u1351233221762179074,train
u1351389276886339584,train
u1351445389904400384,train
u1351475454130098176,train
u1351512454556053506,train
u1351544959724302343,test
u1351623778783039488,train
u1351625174190350336,train
u1351748618307383297,val
u1351776921361723393,train
u1351841467216646144,train
u1351893352376131587,val
u1351900264647725058,val
u1352000924424826882,train
u1352125985706160129,train
u1352144865895862273,train
u1352229583727296513,train
u1352248319096057857,train
u1352284192911073280,train
u1352295355593994241,val
u1352323204749144065,train
u1352368037496713218,train
u1352377128277467139,train
u1352467347919892482,train
u1352546682370748418,train
u1352564641541611520,train
u1352579056135450624,train
u1352727395011358727,train
u1352766095002914816,test
u1352937720063131650,train
u1353063402160099335,train
u1353351707015733248,train
u1353383832586756097,train
u1353392155708977153,train
u1353405971343630338,train
u1353450676886462465,train
u1353658443807268872,train
u1353701833454346241,test
u1353713862583828480,train
u1353722645917749248,test
u1353836358901501952,val
u1354015457314013190,test
u1354079547709403144,train
u1354104268110888964,train
u1354145949812219904,train
u1354288438145519623,train
u1354332137051344898,train
u1354426406105714693,train
u1354455872613855232,train
u1354485172356395011,train
u1354499111052062723,train
u1354527372985262084,train
u1354588090124398592,train
u1354591002955309057,val
u1354619404210724869,train
u1354666700872904708,train
u1354745064203771904,train
u1354788605038895109,test
u1354825173950636034,train
u1354849964505976832,test
u1354879850734092289,val
u1354899970537754625,train
u1354962570990350345,val
u1355095095654100994,test
u1355161264389910533,train
u1355171530917834754,test
u1355408123318693888,train
u1355453419767484416,train
u1355486575853973505,train
u1355624660638048256,val
u1355648530652737538,train
u1355671458278748166,train
u1355729067325198337,test
u1355813213950988288,val
u1355945949160501254,train
u1355970063556206597,train
u1356310729704546304,train
u1356311470540263424,train
u1356318084240449541,train
u1356321027014287361,train
u1356432177681100801,val
u1356450277960814594,train
u1356653842926952449,test
u1356675835630075906,train
u1356705529528283136,train
u1356719563560243200,train
u1356800296920502275,test
u1356840893928534017,train
u1356862326905921536,train
u1356865977405886467,test
u1356911830346567681,train
u1356940361885773829,train
u1356945687972179969,train
u1357008960423751680,train
u1357151330498826240,train
u1357222034569392128,test
u1357301137792188418,test
u1357351456387592195,val
u1357355775178526722,train
u1357366466543296513,test
u1357403193429352451,train
u1357473970321166339,train
u1357486524972085249,train
u1357562018950119424,train
u1357640778894348289,train
u1357691999567155200,test
u1357739878117765123,train
u1357757834121916416,val
u1357880028483174402,train
u1357936416282472450,train
u1358056278770212869,test
u1358129816915042304,val
u1358137434886799360,train
u1358153910989553667,train
u1358161492407943169,train
u1358279749202710528,train
u1358330764660670465,train
u1358360785517428738,test
u1358413329148964866,test
u1358473127328628739,train
u1358515190132842497,val
u1358516935982481410,train
u1358585183029649409,test
u1358808262179758080,test
u1359091503780552713,train
u1359443041304641536,train
u1359506741411651584,train
u1359533155791863815,train
u1359673077769011200,train
u1359714394633027585,test
u1359926205873410050,train
u1359931815071387650,train
u1359944445681168384,train
u1360038191693201408,train
u1360188522632724482,train
u1360298877379899396,train
u1360303708777635844,test
u1360460911119642624,train
u1360513966389174273,train
u1360558430751186946,train
u1360745575348584453,train
u1360847591454351360,train
u1360968793330233350,train
u1360980781389271042,train
u1361045314631847936,train
u1361198467553529858,train
u1361371137343696899,train
u1361391454237597696,train
u1361538033137315852,train
u1361539509712678917,train
u1361586992371367940,test
u1361612638220910592,val
u1361660044727697413,test
u1361668287772434434,train
u1361674762829910017,train
u1361683899076780033,train
u1361723006553358344,train
u1361766897696530437,test
u1361978522542088194,test
u1361987678804262915,test
u1362035426890973190,train
u1362037617102102528,train
u1362047552242274306,train
u1362052800600014849,val
u1362084622037884929,train
u1362159861790826499,test
u1362187387766403074,test
u1362252195668746240,val
u1362352800907280385,train
u1362464886077358081,train
u1362515520096976897,train
u1362537523218583552,train
u1362598468070555650,train
u1362659783745110026,val
u1362668144335151109,train
u1362669313912619010,train
u1362670218359660548,test
u1362675608501710848,val
u1362675846146793473,train
u1362680168976969728,train
u1362775993577046016,test
u1362788554980614145,train
u1362807788439658498,train
u1362833799189590016,train
u1362852865828552706,val
u1362869923110932483,train
u1363143088600981507,train
u1363501217972903938,train
u1363540012944535553,test
u1363875682384826368,train
u1363913583369871363,train
u1363921972162256898,train
u1363932602747486210,train
u1363946354653896705,train
u1363996921551933443,train
u1364004504752975873,train
u1364084498057494530,val
u1364162464531775491,test
u1364183378107527168,train
u1364287813706002433,test
u1364297842777608193,test
u1364508119393398784,train
u1364515541243867140,train
u1364604865461288962,train
u1364654778920431627,val
u1364766717839372289,train
u1364963738428801029,train
u1364977188458663941,train
u1365132763603550208,val
u1365302000984891397,test
u1365355514083827714,train
u1365444153937698817,train
u1365632651235909635,train
u1365713727157321728,train
u1365762951186178049,train
u1365775981856833537,test
u1365794199958880259,train
u1366016796176781316,test
u1366099568962596867,test
u1366205983303888897,train
u1366242142880997378,train
u1366256262921523205,train
u1366338662854766595,train
u1366390358855344128,val
u1366501642292584449,train
u1366537530519154689,val
u1366577199218716675,test
u1366593943534596098,train
u1366712604811546624,train
u1366754842727882756,train
u1366874313299787780,train
u1366993183784144896,train
u1367040013871943683,test
u1367054592068968450,val
u1367112960565522432,val
u1367168905010053121,test
u1367224447585771521,train
u1367338721159372800,train
u1367482353308811266,train
u1367511511380463616,train
u1367605988136787976,train
u1367675048518180864,train
u1367699448944455680,test
u1367727363832782849,train
u1367728809357713410,train
u1367790358659272704,train
u1367843370563997703,train
u1367848358094794758,train
u1367902751678554114,train
u1367975862759530496,train
u1368076911516258304,test
u1368196981345095680,train
u1368225949141987328,train
u1368257344593817600,train
u1368546052538855427,train
u1368568357008650241,train
u1368628958003085314,train
u1368642094995214338,train
u1368690036129095682,test
u1368768948297076739,test
u1368886661510176769,train
u1368901725470396419,train
u1368924395591380995,train
u1368958409018642440,train
u1369068606680670208,train
u1369074723896786948,test
u1369087786863656961,val
u1369187786608291842,train
u1369240511828144129,test
u1369331193867497473,train
u1369458045286293505,train
u1369552345223196672,train
u1369571925408837632,train
u1369637725356310533,test
u1369666304819535884,train
u1369684354486571009,train
u1369731589622599698,train
u1369753683123073024,test
u1369776221878386694,train
u1369817948655869953,train
u1369830392581259265,test
u1369892305004617729,val
u1369926465433829378,test
u1369940380507062273,train
u1370102194364690442,test
u1370358538959216645,train
u1370441567656370180,test
u1370461600629583878,train
u1370592558204739592,train
u1370809310599643142,train
u1370931957849235459,test
u1371131429363585028,train
u1371238692766019584,train
u1371247240992464896,test
u1371381757568823298,train
u1371392645709238274,train
u1371417521933348869,train
u1371438099838951425,train
u1371454465715310599,train
u1371483467003785222,train
u1371496635491045379,test
u1371508961229279244,train
u1371537949037363201,train
u1371576399501348870,train
u1371591802197774339,train
u1371737908860833793,train
u1371806071854149635,train
u1371838131981447169,test
u1372066501252022273,train
u1372078770807570437,train
u1372082784269971456,train
u1372107488309350403,train
u1372247095508303876,train
u1372393287911411719,test
u1372660786301177858,train
u1372802088397250560,train
u1372821887739367424,test
u1372846777796333569,train
u1372879289050308610,train
u1372897464601047041,train
u1372927196432527366,test
u1373012854673129473,train
u1373098578361614344,train
u1373278606047207429,train
u1373365280508809219,train
u1373486358841462785,val
u1373811011162009603,train
u1373836610123354120,test
u1373963489207668737,train
u1374029706815811588,train
u1374061213588537348,test
u1374235559195930629,val
u1374314090223472642,train
u1374316089849561088,train
u1374376888664162307,train
u1374394044084723715,val
u1374402131281678344,train
u1374430956795297795,train
u1374435454343254017,train
u1374442198637285385,train
u1374462460111949826,train
u1374472786001862658,val
u1374488759790530566,train
u1374513092667707393,train
u1374634593257725958,train
u1374679095695532034,train
u1374731054951534593,train
u1374731462029815808,train
u1374754585861033986,train
u1374781936045060097,test
u1374816981547892739,train
u1374928554517884937,train
u1374991586057101318,train
u1374991586057101318,train
u1375012759537020931,train
u1375112149157216258,test
u1375224823652233220,val
u1375411600375508997,train
u1375417117173035008,test
u1375648397768630272,train
u1375790973314289667,train
u1375845299588100104,train
u1375955424696885251,train
u1376012891774545921,train
u1376128550537953280,train
u1376146908692017155,test
u1376395845835358209,train
u1376483306108256258,val
u1376508111490482178,train
u1376601087398932483,train
u1376611108249870338,train
u1376613411673550849,test
u1376684020017287170,val
u1376827638757621765,test
u1376841165937520641,test
u1376873474271162373,val
u1377188267892834304,test
u1377367649240371206,test
u1377461208496832513,train
u1377620560339943427,train
u1377699389611761665,train
u1377787775945170945,train
u1377896792105353216,train
u1377947344759570432,train
u1378093026564771843,train
u1378113720048582667,train
u1378223731902967809,test
u1378495502547881987,train
u1378962221426937859,test
u1379049707616542724,train
u1379058761818460161,val
u1379096837886341120,val
u1379107994315673605,train
u1379174332945981440,train
u1379221918008672258,train
u1379445786396794885,train
u1379542065026117633,train
u1379666989338095616,train
u1380071719457673217,train
u1380190106208890884,train
u1380225404464664576,train
u1380352526818684932,train
u1380411482983129089,train
u1380425850588434433,test
u1380584522228506625,train
u1380717830216298497,train
u1380720283099729922,train
u1380729041464946688,train
u1380758120180412416,test
u1380781409518772225,train
u1380819143285424130,test
u1380839217291476992,test
u1380920032671203331,train
u1380935514052775940,train
u1381100743466217473,train
u1381107239772110848,train
u1381172181913235457,test
u1381219196701339648,train
u1381286723859017728,train
u1381346458843160577,train
u1381347156834066443,train
u1381349185576898563,test
u1381380154480500737,train
u1381558238450229251,val
u1381598602200498184,test
u1381633706989744133,test
u1381657730717388807,val
u1381684114068135937,train
u1381836553467613186,val
u1381844120939937792,train
u1381860620287541251,test
u1381941103541297154,train
u1381948293782048772,train
u1382001002426073089,test
u1382058933846646784,train
u1382215915106938884,train
u1382260252268183554,train
u1382326165558427654,train
u1382350146961281027,train
u1382399285602480136,val
u1382695351510048783,train
u1382776886544248833,train
u1383017187108016130,train
u1383331516218892297,val
u1383471256759013377,train
u1383561575458476035,test
u1383575399611834372,train
u1383617758508720130,train
u1383682266442829831,train
u1383719180361375744,train
u1383761330352447491,train
u1383885649241993221,train
u1384099952301805571,train
u1384155172377554959,val
u1384159762053406722,test
u1384366692097171457,test
u1384386830393434114,val
u1384391316927361025,val
u1384393829365829632,train
u1384394869653733379,train
u1384408263127572482,train
u1384508324352249857,train
u1384527964000374788,train
u1384581772558708738,train
u1384682551776878592,test
u1384786755333750790,train
u1384789546664083456,test
u1384831981729497088,train
u1384861508119654401,train
u1384930471688105985,test
u1384952931246563337,train
u1384954342449557507,train
u1384957726648901633,train
u1384997806612615169,test
u1385090205242253312,train
u1385194458883440640,train
u1385281209249542145,test
u1385507536430936068,train
u1385578190333218816,train
u1385823922084528129,test
u1385825202072821764,train
u1385969159549317123,train
u1385982822796595200,train
u1386167658316386306,train
u1386173820294283264,test
u1386272076630220800,train
u1386354905347018754,test
u1386517643046264834,train
u1386591949491159043,train
u1386640635134832646,train
u1386717345058484227,train
u1386777735083696128,train
u1386826043860955136,test
u1386892569007857665,train
u1386912410217238530,train
u1387111900438319105,train
u1387146103796142080,train
u1387194939835092992,train
u1387337142766997504,train
u1387379410639147010,train
u1387381957076688897,train
u1387421530766860290,train
u1387508273176322049,train
u1387527932365713410,train
u1387574340145885184,test
u1387738858255749125,train
u1387744160757686272,train
u1387751833393786880,test
u1387782816725835776,test
u1387811966094356484,test
u1387822222551703553,train
u1387861099769434116,test
u1387871978644725760,train
u1387956721931497476,train
u1388044161119514627,train
u1388081041433251844,train
u1388116614885826564,train
u1388152776002347008,train
u1388270448652193796,val
u1388334410403966976,train
u1388363616542470148,train
u1388560820628606976,val
u1388712171840884743,train
u1388734323348545536,train
u1388744205992927238,train
u1388758549686222852,val
u1388808938519502848,train
u1388822398355574785,test
u1388823603966267394,train
u1388844089924149261,train
u1389004215461240834,train
u1389203537607856132,train
u1389232927154884610,train
u1389253064050176003,train
u1389258043540611083,train
u1389337563366772737,val
u1389365682169647105,train
u1389580933657989120,train
u1389615437328039937,train
u1389708585534476294,val
u1389876718047875073,test
u1389949344351232004,train
u1389961515705454597,train
u1390041564383105026,test
u1390167969444110336,train
u1390175170560671744,train
u1390220254710845443,train
u1390236139169193985,train
u1390236635179012099,train
u1390383572750540802,train
u1390512223446044676,train
u1390567709872635907,train
u1390656951571435522,train
u1390678089521369088,train
u1390717546525904896,train
u1390749350914052097,train
u1390869958628823041,train
u1390942026066169858,train
u1391010328356532227,train
u1391087697670856704,train
u1391130525688078337,train
u1391143385348648960,train
u1391381999659536387,train
u1391517723813978113,train
u1391675779289731073,test
u1391755300797964290,train
u1391760201850658817,train
u1391777604894543876,train
u1391790171973033997,test
u1391800146648866825,train
u1391810433124913152,train
u1391810692953657349,train
u1391944196290981888,train
u1392051247012712450,test
u1392276975864193027,train
u1392402189541429249,test
u1392402749845823490,test
u1392506420956856320,train
u1392550951823675393,train
u1392556084783685633,test
u1392718926619029508,train
u1392753881004879872,train
u1392759036064387076,train
u1392770087967408132,train
u1392782767151255554,val
u1392852658189344768,test
u1392867710652981248,test
u1392867710652981248,train
u1392895852893589506,val
u1393011190675161089,train
u1393057327113146368,train
u1393100011479523330,train
u1393104583065432064,train
u1393214611348807682,test
u1393239357436268546,train
u1393241838241390604,test
u1393282930600939522,train
u1393334804079423490,test
u1393360802699255809,train
u1393510052993044481,test
u1393631384498057226,train
u1393812142827220994,train
u1393841434197778435,test
u1393894986551152640,train
u1393957887882399746,train
u1393960442599378950,train
u1393965190559932418,train
u1393975783379587077,train
u1394004933582770177,train
u1394030989853315073,train
u1394079692085415941,train
u1394103818980237316,train
u1394183831108808707,train
u1394328808032022530,train
u1394355548334612480,train
u1394448484091236354,train
u1394635504122011648,test
u1394660039944597505,train
u1394716432664043522,train
u1394725327495122945,train
u1394828817559031811,train
u1394876080029274116,train
u1395027221446742020,train
u1395114004331237377,train
u1395164192706007043,train
u1395178701814382592,train
u1395328135483244546,train
u1395329075313532928,train
u1395420962753896450,val
u1395493034637279242,train
u1395516698657050625,train
u1395541619768627202,train
u1395574746910056455,train
u1395774440097697799,train
u1395852247280623619,val
u1396075859153412096,train
u1396161529352003589,train
u1396316109582872576,train
u1396437970547261441,train
u1396711565651419141,train
u1396743681361776640,train
u1396778892250189826,test
u1396823248327823364,test
u1396919662357749762,train
u1397114203601657857,train
u1397243346733518848,train
u1397256985486131206,train
u1397311540399800328,train
u1397381918748971009,train
u1397476237300441090,train
u1397508742514683904,val
u1397511107472990210,train
u1397603099645259778,train
u1397784270542807042,train
u1397790743465496578,test
u1397844518330904579,train
u1397958034652082176,test
u1398008647251333120,train
u1398028062940336128,train
u1398064384073678848,train
u1398183481616732161,train
u1398203485447888896,train
u1398246584404611076,train
u1398292550960795654,train
u1398307193024352261,test
u1398334734841925632,train
u1398395221549875201,test
u1398445079291826187,train
u1398643551853072393,test
u1398665218515951619,test
u1398686317270106112,train
u1398773813618253827,val
u1398879659790454787,train
u1398927936061939719,train
u1399049991340109826,train
u1399120551331909639,train
u1399174756600008711,test
u1399343660416835592,train
u1399423547856982021,test
u1399752013844385793,train
u1399753189683990528,test
u1399856042708766722,train
u1399942575457390596,train
u1400017359008583685,train
u1400135129130057734,train
u1400185373209280514,train
u1400380843747680258,test
u1400453141372362759,train
u1400514057069895683,train
u1400553368695840769,train
u1400569902495322112,train
u1400600818278076418,train
u1400604942486982657,train
u1400643135357739009,val
u1400649081320583168,train
u1400651892242345984,train
u1400701936018460680,train
u1400724735005233152,val
u1400725425035177987,train
u1400738321588920326,train
u1400779189595164679,train
u1400785004020473857,val
u1400792542438957057,train
u1400945465634529288,train
u1401055499513065473,train
u1401060252720590854,val
u1401083779280621568,val
u1401091033048530945,train
u1401106231159365634,train
u1401399925926240256,train
u1401509636331737090,train
u1401538019853668355,test
u1401601458915659779,train
u1401638103991812096,train
u1401655014670716928,train
u1401693569484656640,train
u1401757331088711681,train
u1401912956133285890,train
u1401925089164099586,test
u1401953005356863490,train
u1401980912024182784,train
u1402027397189406722,train
u1402070244080820225,train
u1402108372258807811,train
u1402153903756517385,test
u1402171037123366915,train
u1402179803290116097,test
u1402214029511192582,test
u1402281524586819592,train
u1402313665529802753,train
u1402374065940320256,train
u1402419628240945152,test
u1402505800237604864,train
u1402625174189580291,train
u1402693384461066240,train
u1402830811024351237,test
u1402996233896030218,test
u1403029960902729730,val
u1403074416779665416,test
u1403190799471235078,train
u1403213826674237444,train
u1403349174893096965,test
u1403425559363862536,test
u1403472628640329731,val
u1403693782604730371,train
u1403694682228490248,test
u1403739641728012288,val
u1403744751258529792,train
u1403760298767663109,val
u1403943272179933184,train
u1403998405567959042,train
u1404036422445719552,train
u1404069821768257537,train
u1404156642292289536,train
u1404259335748800512,train
u1404278564086681603,test
u1404384504391798790,train
u1404478470940397576,train
u1404699796875603969,train
u1404712788467978243,test
u1404827043053944833,train
u1405182426012258313,train
u1405201962962935817,train
u1405210663983587330,train
u1405308352423415808,train
u1405437604154257412,val
u1405500043046670342,test
u1405608676413616129,test
u1405609349251309574,train
u1405699332591046657,train
u1405730549323292672,test
u1405900684273270788,train
u1405970932254928899,test
u1406009710197739640,val
u1406229505165856773,train
u1406314416224706561,test
u1406601206009585668,val
u1406601280731058182,train
u1406609526321729540,train
u1406645167101259783,train
u1406803702950866945,test
u1406830538330017793,train
u1406878915159748615,test
u1406883081072513031,test
u1406893204230742016,train
u1407069434381012996,train
u1407135481054257164,train
u1407262783876571147,test
u1407296426799947778,val
u1407307286503120905,train
u1407350024984465408,test
u1407803443893395458,test
u1407890212919840774,train
u1407890936374333442,test
u1407915038384394247,train
u1407974974694989830,train
u1408081778280128518,train
u1408294661089681410,train
u1408309359927431168,train
u1408494231690358792,train
u1408520430533681159,train
u1408520444857270273,train
u1408554274947207185,train
u1408590178759806978,train
u1408595849005916163,train
u1408686870452576258,train
u1408774198307213312,test
u1408789136236978179,train
u1408794058093252621,train
u1409079091278528513,train
u1409221789947944965,train
u1409310865598210051,train
u1409424701403897856,test
u1409555675139686406,train
u1409594158973550596,test
u1409617324680876038,test
u1409793930430844931,train
u1409805288488652801,train
u1409839077122134019,test
u1410049384054767618,test
u1410103065605132292,test
u1410262099473825802,test
u1410382822196617217,train
u1410429469098090496,test
u1410432151518998534,train
u1410477008056766468,test
u1410505673520128003,train
u1410522863048609794,test
u1410542150362841091,train
u1410590075230908423,train
u1410614523698896906,train
u1410877071874691079,train
u1410996623358976004,train
u1411001220626534400,train
u1411045396315611139,train
u1411110245770817539,test
u1411120757141344263,test
u1411149146162147334,train
u1411215286162890752,train
u1411253914519752705,train
u1411270185277923329,train
u1411301759016919040,train
u1411376606619136004,train
u1411417835155296256,train
u1411481606443896832,train
u1411541131347873794,train
u1411611364284526598,train
u1411619227031818241,train
u1411699238828978176,test
u1411757660542808065,train
u1411857543052279813,train
u1411871561296928768,test
u1411941436702957569,test
u1411958822483202050,train
u1412144817510006790,train
u1412254419974909952,test
u1412389042201661444,train
u1412574382543708162,train
u1412588271872344066,train
u1412821857343086592,val
u1412825562452836352,train
u1412982727595470849,train
u1413204055736963077,train
u1413232412830617601,test
u1413287087604961286,train
u1413336283460431876,train
u1413416448249237507,train
u1413481052694192139,train
u1413481646175653892,train
u1413487304128319491,val
u1413499316778323976,train
u1413511685583917056,train
u1413511685583917056,train
u1413545724978122753,train
u1413580013794996228,train
u1413603225958293506,train
u1413628449558835206,test
u1413834624388632576,test
u1413872131675500545,train
u1413905283210878984,val
u1413913936123027465,train
u1413949714895187973,train
u1414190060761718786,train
u1414296172152360962,train
u1414615306828406798,train
u1414635410500853762,test
u1414738729684529157,train
u1414885285654147072,val
u1414897616572207122,train
u1414973659467423744,train
u1415010141032775682,train
u1415133443965521928,test
u1415139336320864263,train
u1415146236135444482,val
u1415186710313402374,train
u1415200970729050115,train
u1415264429239939076,test
u1415277358261542915,test
u1415335810598113283,train
u1415340487741935620,train
u1415446538558476291,train
u1415468307294179328,test
u1415540443735937027,train
u1415686260908171269,train
u1415738652152537090,train
u1415744903515189257,train
u1415777175282749441,test
u1415842221308448768,test
u1415866797014720518,train
u1415910033234309124,val
u1415991009138335750,train
u1416005642570059783,train
u1416060984003764226,train
u1416114412566548486,train
u1416178612751851523,train
u1416253651421704192,train
u1416404069359423488,train
u1416426422692990978,test
u1416457909903536132,train
u1416479962715115523,train
u1416501411622187008,train
u1416649237341736960,train
u1416741637934432259,train
u1416824870210572294,train
u1416848692762619914,test
u1417137379438125061,train
u1417200424986169353,train
u1417279807562338312,train
u1417329311506264066,test
u1417413859363672066,train
u1417595378489298951,train
u1417662773253791749,train
u1417808568582029312,train
u1417914573303304195,val
u1418073922143068160,train
u1418223715637026818,train
u1418237857303564291,train
u1418314376684113922,train
u1418322176386682882,train
u1418575769215782912,test
u1418736405895729153,train
u1418825150921904130,train
u1418840537340256259,train
u1418859881189228544,train
u1418889427326312452,train
u1418951819477372937,train
u1418973172918063114,train
u1419204039435333632,train
u1419259609970266114,train
u1419265454481215489,train
u1419321609303756801,train
u1419555694106316801,train
u1419572149925285892,train
u1419669251242221568,train
u1419703898563035142,train
u1419814308779810819,train
u1420094261488406529,train
u1420100022029455360,train
u1420101489780006914,train
u1420357877529731074,train
u1420576099331936261,val
u1420578071300608007,train
u1420615722313650178,val
u1420632786516467714,train
u1420665290757705730,train
u1420683747435892739,train
u1420688128986128384,val
u1420782212270678018,train
u1420789457305939974,train
u1420789659018448905,train
u1420792552857473026,val
u1420792704863199238,train
u1420894544799875073,train
u1420909965829672965,train
u1421032013667217408,train
u1421178401805807620,test
u1421181629075238914,train
u1421184249659596813,val
u1421186246164897792,train
u1421187406611484679,train
u1421197392532189193,train
u1421221815662284802,train
u1421230156316921858,train
u1421433303597559813,train
u1421472079468240896,train
u1421483282995179526,train
u1421508153871675395,train
u1421554515224842240,test
u1421554515224842240,train
u1421559300712017923,test
u1421583553981140993,train
u1421614276645691392,train
u1421641358419312641,val
u1421898918019878918,train
u1422246598424281093,train
u1422250815956262924,train
u1422257215537176579,train
u1422339461279535110,val
u1422379662123048964,test
u1422396430308634636,test
u1422467087969234948,train
u1422591250960633856,train
u1422637256070762503,test
u1422701631431352325,train
u1422791231780839425,train
u1422796799824248834,test
u1422845239790870528,train
u1422857111092989955,test
u1422891345300045826,train
u1422911143262183425,train
u1423247761521131522,train
u1423300496610168834,test
u1423373267180695552,train
u1423383151171313664,train
u1423482510848131072,train
u1423492854136066053,train
u1423534410209447936,train
u1423564792938131459,test
u1423570840604471305,train
u1423624338226352129,val
u1423640031726551043,test
u1423652902133014528,test
u1423699286223642625,train
u1423884235127939098,train
u1423939729846804485,train
u1423965908616192003,test
u1424025752048226307,train
u1424132100236746752,train
u1424590552415227911,test
u1424592294208933888,train
u1424690994654547968,train
u1424728617238605832,test
u1424761704437764104,train
u1424816345250676740,val
u1424822953775026176,train
u1424912281406631944,train
u1425000040573980673,train
u1425141260256301059,test
u1425263364012269570,train
u1425289274048454662,train
u1425391368155934720,val
u1425401462117519362,train
u1425497921454215171,train
u1425511872908992512,train
u1425659473838764034,test
u1425682147684151298,test
u1425723321509842954,val
u1425779187197956109,train
u1425806584911908867,test
u1425820271789830145,train
u1425839653513572353,train
u1425960643945979904,train
u1426006662393909251,val
u1426106171899920399,train
u1426142483822518274,train
u1426168946324037643,train
u1426178989555687424,train
u1426189798469816322,train
u1426204605638221831,val
u1426226998850985989,train
u1426249480748339210,train
u1426262751438061573,train
u1426307548349706242,val
u1426403313218560001,train
u1426425613943021570,val
u1426523993377488897,train
u1426555985749975049,train
u1426577507961040903,train
u1426755828774707208,test
u1426881246030929922,train
u1426891324863754243,train
u1427023590424186880,val
u1427106214840786945,train
u1427142093273583619,train
u1427210552867176455,train
u1427326967548841985,train
u1427337801335459846,test
u1427341340510236681,train
u1427368577502482434,train
u1427370127360733184,train
u1427516209268858880,test
u1427537335873269760,train
u1427564121554264064,train
u1427568027919273987,train
u1427572616617881602,train
u1427578779615039488,train
u1427589197733326856,train
u1427596738236387331,train
u1427615979207540741,train
u1427673854336438281,test
u1427749858505547787,train
u1427838620170285058,val
u1427912649174568960,train
u1427999427285954560,train
u1428037848347774980,train
u1428051193201319941,train
u1428074374649815046,train
u1428235821115609094,train
u1428359328994500617,train
u1428391029305221125,test
u1428439248340914182,train
u1428487291698237440,val
u1428496685525872647,train
u1428549647258198019,train
u1428552577738846210,train
u1428694567260459013,train
u1428732578672963587,train
u1428836718740967425,train
u1428841784323543049,val
u1428844810102657026,train
u1428999638460387332,test
u1429003925940809730,train
u1429115774292070406,test
u1429124412524175367,train
u1429194480708636672,test
u1429243314025418754,train
u1429256500967448578,train
u1429425650142744579,test
u1429500312327319557,train
u1429750362060304395,test
u1429752878877532166,val
u1429798306369228801,val
u1429854574924341251,test
u1429866134052872197,train
u1429950510900121605,train
u1429955607696715781,train
u1430015637108133915,train
u1430025098455519234,train
u1430060699254886401,train
u1430119184055246854,train
u1430128930875445249,val
u1430141683342118916,train
u1430184380916510721,test
u1430247798507671555,val
u1430286028879843333,train
u1430393813588226052,test
u1430486651151605761,train
u1430534325792034818,train
u1430550754360586240,train
u1430555660618436614,train
u1430556481242468353,test
u1430580754740830216,train
u1430594266288599040,train
u1431292050004226056,train
u1431374467796774912,train
u1431526771468300290,test
u1431564906596388864,train
u1431716380936527875,train
u1431730509231497220,train
u1431852684945002497,train
u1431962078273626117,train
u1431987139751841794,train
u1432047981721800713,train
u1432105614449197057,train
u1432162449327788041,train
u1432179129210732548,val
u1432252558794317824,train
u1432275440585089028,train
u1432421810570678273,val
u1432546001886359565,train
u1432558340094103555,test
u1432610274226446341,train
u1432630530885894147,val
u1432721933775384588,train
u1432724583719841792,test
u1432852022097764352,train
u1432977326694821892,val
u1433072004093988869,train
u1433082957888098310,train
u1433098743751061505,train
u1433116375342620678,test
u1433134860122607617,train
u1433271525138841603,val
u1433295222071386114,test
u1433402797760806912,train
u1433414328498237445,test
u1433414328498237445,train
u1433479534939021322,val
u1433516808661831683,train
u1433567712412778502,test
u1433574437882933254,train
u1433613060686565377,train
u1433617119992762369,train
u1433632777648414736,test
u1433648604103720960,train
u1433726611711537179,train
u1433818532215730176,test
u1433819742469607426,test
u1433861113385418757,train
u1433869323538505753,train
u1433870603958771713,train
u1433970064064057344,train
u1434052386134310913,train
u1434101657412022272,val
u1434346188866609152,train
u1434380504703266820,test
u1434526823094886401,train
u1434564145903452161,train
u1434566403567374342,train
u1434677772002136064,train
u1434903011139076101,test
u1434936823881605122,train
u1434991305399185414,train
u1435199819975376899,val
u1435275193002471429,train
u1435284491715624961,train
u1435411515230785540,train
u1435462153780170754,train
u1435613462579851264,train
u1435670694822662148,test
u1435678097790095374,val
u1435819929618432002,test
u1435831704850161666,test
u1435892032040484865,train
u1435952740274819075,train
u1435981686609625089,train
u1435988030649630725,train
u1435994349645406213,test
u1436003015907962891,train
u1436034283710435332,train
u1436038244202864646,train
u1436053582827171841,train
u1436151981614120988,train
u1436218774785462275,train
u1436241726562242562,train
u1436345701601009673,train
u1436348401902366720,train
u1436348401902366720,train
u1436360289155489797,test
u1436425508124827660,train
u1436569085974757377,test
u1436706128566620173,train
u1436759373880041477,train
u1436848919938486272,test
u1437033802463858688,train
u1437058624661213184,train
u1437088000605786114,train
u1437093952520220673,train
u1437117567680892928,train
u1437318297939320834,train
u1437492512394973190,train
u1437670954046349314,train
u1437754530880311302,train
u1437807538095939594,test
u1437824718028029954,train
u1437830738280435714,train
u1437849551055040519,train
u1437916930317471751,train
u1437999701639372801,train
u1438044544235446272,test
u1438077059239186438,val
u1438138041307176963,train
u1438192244348047375,train
u1438208391588032523,train
u1438236230089535488,train
u1438317255901601792,test
u1438342198408347652,test
u1438424922179653636,train
u1438430298618966018,train
u1438446864127324165,train
u1438463634032709633,train
u1438487720230146052,train
u1438488763076808704,train
u1438763385756078082,train
u1438843078933057539,train
u1438889170756243458,test
u1438920461761400833,val
u1438963025868902403,train
u1438966682509316101,train
u1439067061280329731,train
u1439178834151043076,train
u1439213706445950984,train
u1439271170839248898,test
u1439292575161139204,test
u1439314065264988164,train
u1439394194754359298,train
u1439399866506035201,test
u1439541527114665987,train
u1439549132222382083,train
u1439631881788481538,train
u1439643774615961606,train
u1439657514652483587,train
u1439749333470130176,train
u1439766077911801862,train
u1439834924270247937,train
u1439912477383348224,val
u1439937859285356545,train
u1439942960624197634,train
u1439973855594954753,val
u1439981045818925062,train
u1440047590691655680,train
u1440073440656957441,train
u1440223483204542467,test
u1440237720454926337,train
u1440381097502601218,val
u1440392178082091012,train
u1440397368101199879,train
u1440451016814514184,train
u1440607827702149122,train
u1440655888558133255,val
u1440688393478803469,val
u1440753277654630407,train
u1440770992784117761,test
u1440863493062725635,train
u1440876069544873992,train
u1440890810489192450,train
u1440898479857934338,train
u1440967979517325315,val
u1440994107619528707,train
u1441012594991681538,test
u1441028305545695234,train
u1441037972002918403,train
u1441053787519586304,train
u1441186938757603335,train
u1441205066464071682,test
u1441225849823326210,val
u1441389952789467139,test
u1441492679251017728,train
u1441588830096662537,train
u1441674264088756228,train
u1441730711828905985,train
u1441759216255987712,train
u1441781750158397444,train
u1442172945363726338,train
u1442173860967632910,train
u1442184017822945283,test
u1442184017822945283,train
u1442354677807341572,val
u1442379663452504064,test
u1442420026556911625,train
u1442474820361351174,train
u1442487021239296006,train
u1442491281075146757,train
u1442516781105512450,train
u1442518335611027461,val
u1442538563036270593,train
u1442541327460143115,test
u1442559607939817472,test
u1442604046590767113,test
u1442716063259676674,train
u1442718455971540994,train
u1442742193844752387,train
u1442801502561742856,test
u1442861452084191235,train
u1442919370955526145,test
u1442995453872668680,train
u1443037504903417864,train
u1443045195323518982,train
u1443087862799470598,train
u1443090668587520002,val
u1443161925697822720,test
u1443185053345931267,train
u1443205726973964298,val
u1443217241655361537,train
u1443219975410434052,train
u1443336595239747585,train
u1443352824696426497,train
u1443525637428240394,val
u1443531212446863365,train
u1443553323252998144,test
u1443626457968873472,train
u1443640998056247296,val
u1443948711378239492,train
u1443949493716590597,train
u1443988418459930626,train
u1444089089809162248,train
u1444116204042526726,test
u1444119754990518275,test
u1444236140610039809,test
u1444236140610039809,train
u1444261128276611079,train
u1444329187192582148,val
u1444344487875022849,train
u1444417160286064641,train
u1444497814357037058,train
u1444656440115933190,train
u1444662613648891904,test
u1444679582020472833,test
u1444701980060966914,test
u1444704367181905925,train
u1444763169163984902,test
u1444764442282151942,test
u1444895194034237442,train
u1444944890765344768,test
u1444995202280689667,train
u1445058783432953862,train
u1445064939245297674,train
u1445081519215816710,train
u1445104846269526046,test
u1445112015559831574,train
u1445116300376772608,train
u1445130167769239556,train
u1445292989773803526,train
u1445295959626420225,test
u1445327223356071936,test
u1445329206452400128,test
u1445377565217095681,train
u1445387513208639497,train
u1445432327367237638,val
u1445558325613977602,train
u1445563484872200194,train
u1445667188157808641,train
u1445727879086555147,train
u1445728388778496005,train
u1445764168208973828,train
u1445786772554715141,train
u1445797916677795848,train
u1445810605345095681,train
u1445818162562289664,train
u1445901718437314565,train
u1445992868145872896,val
u1445993212498354181,train
u1446014623761637379,train
u1446100686169690115,train
u1446127903679283204,test
u1446130463156813831,train
u1446132329114587143,train
u1446248805209419781,train
u1446388603643334658,train
u1446388603643334658,train
u1446410742169673736,train
u1446434604072587265,test
u1446465592651919360,test
u1446478887299522579,val
u1446492950133940240,val
u1446500115288629284,train
u1446520682154692611,train
u1446530271780773894,val
u1446565922098098176,test
u1446571355147800580,train
u1446602470826774529,train
u1446741345675132928,test
u1446758523451310089,train
u1446766820686540806,train
u1446774136253005826,test
u1446779601124999168,train
u1446808836711403527,train
u1446814504608800768,train
u1446900685807579136,train
u1446995579943284737,test
u1447128841319813121,test
u1447241086376689674,test
u1447251888148074497,test
u1447270655892672513,test
u1447353595741958148,test
u1447374049416343553,train
u1447529303378329604,test
u1447584210743664644,test
u1447595686250360838,train
u1447699768512290819,test
u1447789965069340679,test
u1447901448155500546,test
u1447918826029527055,train
u1447930097026097158,train
u1447956297534648325,test
u1447960575523307527,train
u1447975941813063682,test
u1448004722191970304,train
u1448037218174443523,train
u1448045425387319296,train
u1448066738151563266,train
u1448083249289261056,test
u1448106010346991624,test
u1448278603783806983,train
u1448310193603895296,train
u1448372420776169475,train
u1448544009463504898,train
u1448642423408586772,train
u1448668825054945282,train
u1448669922347954186,train
u1448812921711071233,train
u1448898612646141954,train
u1448904797097275394,test
u1448954509263310848,val
u1448966033600024576,test
u1449029428349177865,test
u1449096088145698816,train
u1449242261154189313,train
u1449313550128791552,train
u1449450582771699714,test
u1449461677435637763,train
u1449653519129079814,train
u1449710154874826756,train
u1449727471218216963,train
u1449730839441457155,train
u1449833336109633539,train
u1449888673000943616,train
u1449888723483561984,train
u1449927309801185280,train
u1450026965654597636,test
u1450030044131299331,train
u1450030590447783939,test
u1450053462364803081,train
u1450147830748696580,train
u1450159213884366860,test
u1450265628556759040,train
u1450402976749604876,train
u1450440020544802817,test
u1450477876462055426,train
u1450488973764218892,train
u1450498736380170246,test
u1450605058668830724,train
u1450720571952533510,test
u1450740286829776898,test
u1450805354749730817,train
u1450881274474815492,train
u1450984270466621440,test
u1451014849689960452,train
u1451128706357923840,test
u1451189795447730177,train
u1451241325236559880,train
u1451468547989905409,val
u1451559208214741012,train
u1451606952610566152,train
u1451627663362252806,train
u1451665787656314889,test
u1451730236735832064,train
u1451806052794519559,test
u1451862903792013314,train
u1451903384139681794,test
u1451945268430180354,test
u1451985655765078020,train
u1452020758209867782,train
u1452081370751111171,train
u1452157112084312067,train
u1452317012328255488,test
u1452333983564501005,train
u1452355300573556743,test
u1452355821065625603,train
u1452477342790602752,test
u1452512747187367936,train
u1452585656820060167,train
u1452596162637225987,test
u1452651000716800011,train
u1452675726579159045,test
u1452709113780187143,test
u1452713710993170438,test
u1452759911587360776,train
u1452846411347759104,train
u1452876872480555010,train
u1452959419797495810,test
u1452989724730302477,test
u1453055480432140290,train
u1453072527417245698,train
u1453130124845535247,train
u1453171463943442438,train
u1453181291797622788,test
u1453207136360484864,train
u1453320862824808452,test
u1453384104070860803,test
u1453406273614094342,train
u1453434915735818245,train
u1453437063118868484,train
u1453465643450310667,train
u1453509919135633410,train
u1453519479451701252,train
u1453524998287605764,train
u1453634275274752006,test
u1453686971352723461,train
u1453774378919944196,train
u1453935509525258252,test
u1453939926517510146,train
u1453954172571701249,train
u1453959698982395917,test
u1453977932892758016,train
u1453984872914202626,test
u1454019057603186689,train
u1454059541029691393,train
u1454177589225005062,train
u1454208101838569473,test
u1454259435979751431,train
u1454281438413656065,test
u1454298429593554949,test
u1454333375330795522,test
u1454404814331334657,train
u1454428393676623873,train
u1454595307598008325,test
u1454726733056315396,train
u1454751758727610369,train
u1454767169737211904,train
u1454769052203716608,train
u1454800312493961226,train
u1454847029843202049,train
u1455050706985963523,train
u1455401923306086405,train
u1455409617903685645,train
u1455460961616384005,test
u1455537756868861966,train
u1455565766640680960,train
u1455603019257688076,train
u1455607069952774145,train
u1455696242915303428,train
u1455722600705921026,test
u1455759161602580481,test
u1455849627870130182,train
u1455854658514141186,val
u1455869250694909953,train
u1455894986021478403,train
u1455900885008191494,train
u1455934231629213708,train
u1456005656901734408,train
u1456048129975984133,train
u1456069657903894539,train
u1456082856866840585,test
u1456134378728275970,test
u1456162236901335040,test
u1456190019970813956,train
u1456211018410086405,test
u1456213822604120067,train
u1456214541746855947,train
u1456221056625102852,test
u1456319992761405441,train
u1456331928643457024,test
u1456348507015626760,train
u1456373813663387649,train
u1456474484102373376,train
u1456485134312615939,val
u1456592227963064322,train
u1456609828252512261,train
u1456672666123898885,train
u1456718895423819776,train
u1456755544031649795,train
u1456814406529019905,train
u1456858339443449857,train
u1456991889383694337,train
u1457053478061236226,train
u1457192659353681923,train
u1457304435298873344,train
u1457520539061215235,train
u1457563901604683778,test
u1457621219164004352,train
u1457638948080074758,train
u1457688357983907841,train
u1457711587184287745,test
u1457730836334186497,train
u1457740919340519427,train
u1457750797525995520,test
u1457758795048919049,train
u1457935158284275714,train
u1457937167502626816,test
u1457945244700315650,train
u1458001297748025350,val
u1458011660854218756,test
u1458090653733330959,train
u1458151876113813506,val
u1458158923593224196,train
u1458317366174040065,train
u1458337706791301121,train
u1458423423131082758,train
u1458459342408060928,train
u1458510589580427276,train
u1458514007506128896,train
u1458533001856524295,train
u1458559515117375499,train
u1458607879829655558,train
u1458630108093181958,train
u1458732595366170629,train
u1458753261738074128,train
u1458778855968321536,train
u1458916442812952580,test
u1458981672989433857,train
u1459025179560923136,train
u1459058304219418624,test
u1459063777974910978,test
u1459103511812001803,train
u1459178228975693827,test
u1459203567236100096,test
u1459378187155034112,train
u1459409909976608776,train
u1459457319687839746,train
u1459463292552888320,test
u1459558561177128965,train
u1459570342373072903,train
u1459570604747730951,train
u1459584707427848200,train
u1459597306358026259,test
u1459617633771429888,train
u1459629818778165254,train
u1459634665736876036,train
u1459654762798931969,val
u1459656281170616321,test
u1459689445117075463,train
u1459787141928660998,train
u1459846851402690565,train
u1459916998389948418,test
u1459947372696543241,test
u1460076410341453824,test
u1460080813031124993,test
u1460093861120905221,train
u1460105644585881603,test
u1460189646722375683,test
u1460191282039562244,train
u1460272005983387650,train
u1460323047697571844,test
u1460331456815931392,test
u1460414640362450948,test
u1460562383215239173,test
u1460650796245463040,test
u1460701279236284421,train
u1460707836971917325,train
u1460917973707681793,train
u1460935530485620737,train
u1460965856196775945,train
u1460969104672657409,val
u1461029920084094976,train
u1461030873885720583,train
u1461206787458174976,train
u1461291061473542147,train
u1461358038737043470,train
u1461370210942808067,train
u1461416146146578437,test
u1461483156758929410,train
u1461527680998723585,train
u1461574302042574856,train
u1461648570268925958,train
u1461670364661047296,train
u1461695395655032832,train
u1461731341263773697,train
u1461738693631348739,train
u1461769673603694600,test
u1461771574793715719,train
u1461785002690199553,train
u1461834123010404353,test
u1461848847940997138,train
u1461885499786805250,train
u1461983658655592452,train
u1462061725880971269,train
u1462143251906015238,train
u1462162613287088130,train
u1462199363254595587,train
u1462238196830380036,train
u1462251367049875465,train
u1462278983182082048,train
u1462307034481803264,train
u1462338438443663362,train
u1462358071360036870,train
u1462364743562190852,val
u1462408489347784706,train
u1462415128360468498,test
u1462437932065714182,test
u1462471515060850690,train
u1462478310219390978,train
u1462541029656174596,train
u1462599189213237254,train
u1462642728039182337,train
u1462673572716072961,train
u1462678221414088705,train
u1462691793158356992,test
u1462710840407343104,train
u1462753660992114700,val
u1462784555706945546,train
u1462789531162357772,train
u1462874381965615109,test
u1462875367228772365,val
u1462897208798466048,test
u1462928144848101378,test
u1462970261289021444,train
u1463038330338086914,val
u1463140024124379146,train
u1463167733240147971,train
u1463197863354109953,train
u1463233414505676805,val
u1463252434361335808,train
u1463292114490380289,test
u1463302609075261444,train
u1463369049879060483,train
u1463374060444794883,train
u1463444812388995077,test
u1463451004200837123,test
u1463475058806968320,train
u1463487594541420548,train
u1463493834709651456,test
u1463533276736327688,train
u1463629599607332873,train
u1463647450711871492,test
u1463756328707362817,train
u1463882896171626497,train
u1463892777192894465,test
u1463941770845241346,val
u1464049001163075587,train
u1464109332598083587,train
u1464160811178655744,test
u1464183436961329152,train
u1464238095558410240,test
u1464421155314544640,train
u1464485036007346178,test
u1464548062077071364,train
u1464574321825914880,train
u1464605216188289026,train
u1464670768936235013,test
u1464688215953133569,train
u1464739813370830848,test
u1464795385482948609,train
u1464808052914331652,train
u1464864218298175488,test
u1464944609948168197,train
u1464947006359715845,test
u1464954742451445768,val
u1464966651871387648,train
u1465050434272432139,train
u1465056627791441923,train
u1465079368288452616,test
u1465095552912310275,train
u1465273493302489095,train
u1465302137793961987,train
u1465321608764174340,train
u1465345090545725445,train
u1465359362231316490,train
u1465382399261523970,train
u1465391574553174031,train
u1465575107452047361,train
u1465581364430921733,train
u1465649557400952832,val
u1465780378095038473,train
u1465924443255885824,test
u1465945094918443008,train
u1465983923255664641,test
u1466013700741947401,train
u1466047976896401408,train
u1466085505817268232,train
u1466237493938901000,val
u1466262656080220162,train
u1466310217516335109,train
u1466317762792361984,train
u1466378686630969354,train
u1466425593847857157,test
u1466465744003215366,train
u1466495391420063750,train
u1466594059187720192,train
u1466624554042855429,train
u1466676770501902339,train
u1466678487582916611,test
u1466683274911121410,val
u1466689969431486468,test
u1466692016717271043,train
u1466692314781396995,test
u1466739669001912320,train
u1466829387601375233,train
u1466848101889626113,test
u1466851219779948545,train
u1466855849880600586,train
u1466982516158451712,train
u1466993634226671616,train
u1466997984298631171,train
u1467001457303949317,train
u1467013124213854209,train
u1467079531806793733,train
u1467130774721859596,test
u1467134270854545412,train
u1467145007735971842,test
u1467161069772759040,test
u1467162809381253122,train
u1467237711039938563,train
u1467306720783339527,val
u1467335885620453381,train
u1467373285860163588,train
u1467415838265274370,test
u1467431222594912256,train
u1467522417660596225,train
u1467526020286713857,train
u1467610958285742080,train
u1467670391577579521,train
u1467678168400150528,train
u1467719162478931973,train
u1467752975879880705,train
u1467771046807756801,test
u1467847423447945217,train
u1467861425540325378,train
u1467877911977938946,train
u1467928416112553996,val
u1467949771260248068,train
u1467973039883182090,train
u1467973792186003456,train
u1468015542736867331,train
u1468023985753698304,train
u1468072796106354689,train
u1468082167825969155,train
u1468123432407687175,train
u1468245734134800403,train
u1468303042579775488,train
u1468304774621986816,train
u1468309265077059584,train
u1468375240497852418,train
u1468413504625414145,train
u1468506904800346114,test
u1468559295847755780,val
u1468563755147866115,train
u1468571220648275971,train
u1468610072091987968,train
u1468643975435333641,test
u1468831714785042437,train
u1468914852286451715,train
u1468934548977336320,test
u1468983437138833415,train
u1469006114113130499,train
u1469029316310745092,train
u1469048058096672776,train
u1469066073391521793,train
u1469066073391521793,train
u1469072204637691905,train
u1469131098047324161,train
u1469140632232935426,train
u1469148562181210112,val
u1469221221631995905,train
u1469240082452434949,val
u1469254485432279048,train
u1469286556108210182,train
u1469375002965266433,train
u1469436183990177800,val
u1469453393710264321,train
u1469521914746089476,train
u1469552617520914432,train
u1469604430446137344,train
u1469719203724685315,val
u1469735103433641986,train
u1469984078430670851,train
u1470077521731497985,train
u1470094674626953216,train
u1470216241638002695,train
u1470339383215771655,train
u1470408163534925830,train
u1470673404047110148,train
u1470762756924223495,train
u1470844995489906692,train
u1470855583532212224,test
u1470929578986201099,train
u1470949724807217162,test
u1470998905458499585,test
u1471066167754305536,train
u1471077939588513800,test
u1471124570031603714,val
u1471170053919817729,test
u1471185574950486016,train
u1471248988238143488,train
u1471305584779481089,train
u1471448695686139906,train
u1471463339905597446,train
u1471467599330488330,val
u1471494602053931013,train
u1471495185263521805,train
u1471498454635454504,train
u1471521904422912003,train
u1471524119174791173,train
u1471529355851575305,val
u1471544844774477827,train
u1471551932808499201,test
u1471552346874281987,train
u1471598936314023939,train
u1471627336453865473,train
u1471649641389342720,train
u1471697381708034049,test
u1471769503742660611,test
u1471778359768199169,train
u1471797082788925449,train
u1471947707447230475,val
u1472084154992902150,train
u1472116082278285317,train
u1472122405170647041,test
u1472201887818698761,train
u1472225966164480010,train
u1472233065720127493,test
u1472238602310459392,train
u1472283656593027074,test
u1472306057682714627,val
u1472459448643903488,train
u1472465010626420736,train
u1472491387191164928,train
u1472502386929324033,test
u1472540695277809668,train
u1472559750877528064,val
u1472568220850831370,test
u1472605633648148489,train
u1472673819609473030,train
u1472763103901274115,train
u1472812095326818305,train
u1472818580798554112,train
u1472838603558592512,test
u1472874796522229762,train
u1472892619655036933,train
u1472966347479044108,test
u1472985181560578048,train
u1472993677723189249,test
u1473125681848586245,test
u1473246387085012993,train
u1473252752943984640,test
u1473259203531792390,val
u1473265249272872971,train
u1473265485726760963,val
u1473345704705810444,train
u1473378385070018560,train
u1473379411512553476,train
u1473399187261866002,train
u1473417218591322121,train
u1473423438131843072,train
u1473479651603279879,test
u1473546582264004610,test
u1473551881708396546,train
u1473574175050661893,train
u1473576085350543361,val
u1473592396843728899,train
u1473621037057257475,train
u1473683233871179787,val
u1473703995428544517,train
u1473801806920798216,train
u1473830662184574976,test
u1473908986021924866,val
u1473918831269715972,train
u1473936525587062785,test
u1474120844280578054,train
u1474137003784474626,train
u1474152303598862339,val
u1474203234185138181,val
u1474249595932848133,train
u1474288147907301377,train
u1474291315005587458,train
u1474376795965165569,train
u1474434951554678785,train
u1474438215541170181,val
u1474452827049234435,train
u1474457963733688320,train
u1474602062847508483,train
u1474731527615303685,train
u1474773370021367810,train
u1474779569228025859,train
u1474793192163733508,train
u1474808502895927306,train
u1474808681602682880,train
u1474818432952639489,val
u1474833580094148609,train
u1474844043897151497,train
u1474869984979521538,train
u1475009845249986560,train
u1475071302587371530,test
u1475087014802640904,test
u1475101296520830982,train
u1475173752635748352,train
u1475215989742702596,train
u1475241763442937856,train
u1475276790579044352,train
u1475302189459329028,train
u1475304915236896769,train
u1475325592958427136,train
u1475407786104270851,train
u1475456737641742336,train
u1475463078988992514,test
u1475499982652387328,test
u1475505908377653254,train
u1475556422364672000,train
u1475601536730419204,test
u1475607784733487108,train
u1475628038872252424,train
u1475666054097653764,test
u1475713573204680704,train
u1475781930054561792,train
u1475783360463073282,train
u1475861915318558734,train
u1475893063360729089,train
u1476024875076796420,train
u1476079717967036417,train
u1476091907566538753,train
u1476113984755572743,test
u1476163222805925894,val
u1476191805364396038,train
u1476245518896435204,train
u1476254370824015875,test
u1476285419637587968,train
u1476293274444914694,train
u1476368906218524673,train
u1476438740406992904,train
u1476488528821428227,test
u1476499156864700421,train
u1476499548633710593,train
u1476675987924348948,train
u1476683005582266370,train
u1476692379277172738,val
u1476718109721513991,train
u1476727057589678081,train
u1476742009276747802,test
u1476748024223350784,train
u1476749714603266048,test
u1476783449683996689,train
u1476798799599202305,train
u1476802273376407555,train
u1476806684265832459,test
u1476810766309224449,test
u1476814168485367809,test
u1476824363638927360,train
u1476847226127204353,train
u1476872303547981825,test
u1476879973231247385,train
u1476887199991750660,train
u1476890322970066944,train
u1476898905677701120,train
u1476935691426689026,test
u1476938582510084102,train
u1476954648862867457,test
u1476954648862867457,train
u1476961989331079173,test
u1477012303547707401,train
u1477048511652929545,train
u1477158493228519427,train
u1477170721340149760,train
u1477195944953188354,train
u1477208944833564672,val
u1477211632422072323,train
u1477310462513537025,train
u1477310889523044352,train
u1477345661813239811,train
u1477360939099987973,train
u1477364163819282439,val
u1477373168486653952,test
u1477386176906547205,train
u1477473248950501381,train
u1477474493962457088,train
u1477514023465672704,train
u1477597106160418816,train
u1477675957377179648,test
u1477698082280202241,train
u1477709177346736142,train
u1477727281074352129,train
u1477736969224478725,test
u1477743020145471488,val
u1477764561960935430,val
u1477812003792355331,train
u1477819637857492997,val
u1478003181749743616,train
u1478051510185463809,train
u1478084609627721728,val
u1478100370756980736,train
u1478111459389415429,test
u1478135945685782529,train
u1478150126170484737,train
u1478202388242649089,train
u1478229072576593921,train
u1478241228743454722,train
u1478380706095112195,train
u1478433543470596109,val
u1478452216671391744,test
u1478455817766686727,train
u1478510368695672832,train
u1478543639315898370,train
u1478568856562151424,val
u1478614364487766016,train
u1478621462235856900,train
u1478719840202416143,train
u1478724611751612418,test
u1478741719986454528,train
u1478744084500078593,test
u1478771115640209418,train
u1478772435830951941,val
u1478784043105894403,test
u1478815066103418887,train
u1478821353243480069,train
u1478840561205485571,train
u1478864860033261571,train
u1478935415608520710,val
u1478977490098204673,test
u1478978700645318657,val
u1479035444029530118,train
u1479038089024741378,train
u1479053350062723073,train
u1479091338268266497,train
u1479095035945795585,train
u1479095233954533376,train
u1479111533338587139,train
u1479125042600591360,train
u1479160683103096834,test
u1479162378222804999,train
u1479166247443079168,train
u1479205074073055232,train
u1479217665138954240,train
u1479228266355507203,train
u1479250401610321923,train
u1479250696352456713,train
u1479265219839164417,val
u1479300886887387142,train
u1479337198646218753,test
u1479342833718996992,test
u1479347643432198145,train
u1479349938404605953,train
u1479352218776076288,train
u1479367559497404419,train
u1479370344574115843,train
u1479424991011774464,test
u1479433292290138112,train
u1479436465029672961,train
u1479482090567585792,val
u1479484056060391424,train
u1479488957515583491,train
u1479495413401014278,train
u1479503512572768261,train
u1479508038239326216,train
u1479540956122648578,train
u1479566162019164161,train
u1479620029742211073,train
u1479650228395393024,train
u1479654285793280000,train
u1479655931885481984,train
u1479662077509701635,train
u1479689734087593984,train
u1479694450955751424,train
u1479729483695341570,train
u1479732032276099073,train
u1479736412102561792,train
u1479759847478411266,train
u1479791625727578115,val
u1479837975823400961,train
u1479843530172424195,train
u1479852652150337542,test
u1479876895944712195,train
u1479882442852950023,train
u1479903222798204928,val
u1479912799245590530,train
u1479914610404864004,val
u1479991798030159872,train
u1480034919736754178,train
u1480110613716156419,train
u1480130444259700737,train
u1480136860110364677,train
u1480145331295866880,train
u1480154184708083713,train
u1480154449381261312,test
u1480171272877268994,train
u1480178830568480778,train
u1480178948965380096,test
u1480195743189286919,val
u1480224474746216452,test
u1480225451872243715,train
u1480236143081771010,train
u1480237257432915977,train
u1480238145346150410,test
u1480258328907419653,train
u1480269192637161477,train
u1480273441882312706,train
u1480277845574303744,val
u1480290311637245963,train
u1480294393718263809,val
u1480343568443191303,train
u1480345215504470022,val
u1480384815694159873,test
u1480392588398104577,train
u1480439781641408515,train
u1480441629039337473,test
u1480455370233421824,train
u1480475002638065667,train
u1480480873610981376,val
u1480511108104560641,train
u1480521587619241985,test
u1480522800347553796,train
u1480527774079148032,train
u1480543395558744069,test
u1480566242570289161,train
u1480584143998275584,train
u1480604463907979264,train
u1480610587017191426,train
u1480615420843511814,test
u1480627303218511872,train
u1480632556399824900,train
u1480689124449337349,train
u1480692351974711300,train
u1480708531946864642,train
u1480727106040602631,train
u1480736913594077185,train
u1480775408731791364,train
u1480784880820621314,train
u1480815471419174913,test
u1480888008823947265,train
u1480892400197410822,test
u1480904080738295808,train
u1480939368437235721,test
u1480949644314169351,val
u1480981596325003268,train
u1481003954339299335,test
u1481022349616975872,train
u1481096364172148739,train
u1481134275361705984,train
u1481144261613662216,train
u1481175947713912833,train
u1481186127742525443,train
u1481206510646661122,train
u1481260449740263432,train
u1481263271093190658,train
u1481274903722864643,val
u1481319442265034758,test
u1481322928826421254,train
u1481326213423669248,train
u1481337703379742724,train
u1481366480524611589,test
u1481366480524611589,train
u1481406141913612294,val
u1481416053947531265,train
u1481492778370674692,train
u1481503624102658050,train
u1481531297445163008,test
u1481532702994087939,test
u1481554033970233349,test
u1481586362549940228,test
u1481591373581402113,train
u1481591980438265864,train
u1481621706490126339,train
u1481630690126942208,test
u1481646444646105088,test
u1481654025317535747,val
u1481658383560282114,train
u1481662743614824450,train
u1481732284487286791,train
u1481736269290000395,test
u1481775243068801024,test
u1481781589088645121,train
u1481792949843279872,test
u1481879271467630597,train
u1481903182540427265,train
u1481942029986934791,test
u1481942323580006401,test
u1481958331182985218,train
u1481975241874485248,train
u1482023650656198667,test
u1482029902706917376,test
u1482079866505904132,test
u1482087853978968065,test
u1482089497345019912,test
u1482152804470988800,test
u1482179212337610756,train
u1482250970012983296,test
u1482262234705567744,train
u1482285904702152707,test
u1482291039645880322,test
u1482306491986366465,train
u1482334507168632832,train
u1482356559443533831,train
u1482360130427449345,train
u1482373674431029250,train
u1482385417207001090,train
u1482392012284383235,train
u1482435755255676929,train
u1482439561687048195,test
u1482451722144563201,train
u1482460287328468994,test
u1482461213258887178,train
u1482471344646283276,test
u1482484297709674496,test
u1482501784706830337,train
u1482510339514454018,train
u1482534552719572993,test
u1482593335705583620,train
u1482596423036465152,test
u1482607249109438464,test
u1482625387607773184,train
u1482704856246898691,test
u1482705483718926336,test
u1482734595661520898,train
u1482738967238025218,test
u1482765159693451264,train
u1482806262567870469,test
u1482821572113043457,train
u1482846157936148485,test
u1482860853301248002,train
u1482893911953907712,test
u1482927025342062593,train
u1482943549649784834,train
u1482960439873085441,train
u1482961190913720320,test
u1482978213190062081,train
u1482991516649930754,test
u1483001457276493835,train
u1483004558096101378,train
u1483004558096101378,train
u1483009608914456576,test
u1483010766228066306,test
u1483023836954173441,test
u1483024082358747136,test
u1483030583437856774,train
u1483040132546633732,test
u1483047400214249473,test
u1483060728592490498,val
u1483070738043219974,val
u1483075551283888132,train
u1483077297083142145,train
u1483081176181100550,test
u1483092220060516354,train
u1483120032011804672,test
u1483142928713326601,val
u1483148379538423809,train
u1483152992471863306,test
u1483160151452487694,val
u1483176533133045773,train
u1483210098050752516,val
u1483217428779831299,train
u1483219577345609732,test
u1483239583089315849,train
u1483249545324679170,train
u1483249545324679170,train
u1483265729797500936,test
u1483279570124120064,train
u1483281344528805889,train
u1483305714722426882,train
u1483353495206264837,train
u1483366284511580162,train
u1483376964534734851,val
u1483398326326337538,train
u1483409109886316547,train
u1483414655590666244,train
u1483417041407250433,train
u1483418414534307845,test
u1483420706033774592,test
u1483445605506908161,train
u1483449127535091713,val
u1483466119495274497,train
u1483484336737632256,test
u1483489583866208266,test
u1483498752807690241,train
u1483502774478331907,train
u1483509494994898951,test
u1483518988172865545,test
u1483524466261086209,train
u1483528361813196801,train
u1483630501734748162,train
u1483631434128674828,val
u1483643451048562688,train
u1483648111704969219,train
u1483649149354397700,train
u1483693533638926338,test
u1483695216825872385,train
u1483700598944022529,train
u1483720488010776579,test
u1483728141139210240,test
u1483736869984735238,test
u1483741681807769605,test
u1483753970854412292,test
u1483772843016036353,val
u1483778559747502083,val
u1483783846055538689,test
u1483784990978621442,train
u1483802324489236482,train
u1483804374908424198,train
u1483811696317972481,test
u1483811758003605506,train
u1483829697448452097,train
u1483830918792253442,train
u1483845908089479173,train
u1483849711920504832,test
u1483851149010776067,test
u1483872626892226565,test
u1483897394529853440,train
u1483904697283006468,val
u1483904755453808648,train
u1483907406300131328,train
u1483909629524557831,val
u1483915722459951110,train
u1483939160687792136,train
u1483966020213784578,val
u1483975685689556998,train
u1483975835619139586,train
u1483990063394476035,test
u1484008999385276417,test
u1484012907180576768,test
u1484020128442376195,test
u1484030508417708032,train
u1484073705206534149,train
u1484077567888232448,train
u1484079482164109314,test
u1484082958168379392,test
u1484088723730055170,test
u1484090932177903617,train
u1484103241889910787,train
u1484104698114318342,train
u1484114870782271493,train
u1484117328048570374,train
u1484129031125716994,test
u1484130739369172995,train
u1484140590996545539,train
u1484141081591791621,train
u1484142835695857668,train
u1484145651323703297,train
u1484151605960269830,test
u1484157114708811778,train
u1484159054440275972,test
u1484159274356031489,train
u1484162550769995777,train
u1484167143990120456,test
u1484167747357532161,train
u1484169249690361859,test
u1484169471661064196,test
u1484172970624897027,test
u1484174589047443465,test
u1484180422296686597,train
u1484181374873464834,test
u1484194501337907205,train
u1484194986505629700,test
u1484200083939680257,test
u1484202036606353414,train
u1484208135409922048,test
u1484209324847099906,test
u1484211217539682311,train
u1484212318175125510,test
u1484217295178280961,train
u1484220808956452866,test
u1484221770634653698,test
u1484222680861716485,test
u1484243472475463680,test
u1484243495283879936,test
u1484251888908439556,test
u1484258933573304326,test
u1484279772641439745,train
u1484293004680642564,train
u1484297544867926016,train
u1484312028798136321,test
u1484325974061682688,train
u1484330702321586176,train
u1484340868375285762,train
u1484352796606402560,train
u1484369797924397056,test
u1484373609908883458,test
u1484381696678313987,train
u1484411338646556672,train
u1484416135965597698,train
u1484422936526303233,test
u1484425095850434561,test
u1484429769999814656,train
u1484432914763108356,train
u1484435960138014721,test
u1484439478760574976,train
u1484443863519735808,test
u1484450777514975240,train
u1484460085770338304,test
u1484462953923547137,train
u1484463153299742721,test
u1484466170954756099,train
u1484469906607382532,train
u1484470807623606278,train
u1484471406985297925,test
u1484481222550032390,train
u1484483347623686146,test
u1484484356236357632,test
u1484494916235538434,train
u1484497533783134208,test
u1484497960985677825,test
u1484498765562232837,train
u1484499961597333509,test
u1484507750302429187,test
u1484519242452156419,train
u1484519656392372228,train
u1484541884185911298,test
u1484553425769877506,train
u1484556744315801600,train
u1484578456113491969,test
u1484590261074284551,train
u1484593723929419777,test
u1484594918307860482,test
u1484596083825205254,train
u1484606715119419392,train
u1484659257014472708,train
u1484666035441737736,test
u1484674907581476865,train
u1484697879759499264,test
u1484755513111977984,train
u1484755590589124611,test
u1484773063669399552,train
u1484811330855239682,train
u1484858078336106497,train
u1484888471278059523,train
u1484890487442087939,train
u1484895873540755462,train
u1484914653335592960,train
u1484917183948144641,train
u1484953753757302790,test
u1484960007489835011,train
u1484993899978448899,test
u1485023234865172480,test
u1485044824768192516,train
u1485048972955856899,train
u1485119081783373824,train
u1485136663923892227,train
u1485167205813608448,train
u1485171736798810112,train
u1485178526991269892,train
u1485178740586217476,train
u1485189452725170177,test
u1485210432554119171,train
u1485237549404913668,train
u1485247676597813248,train
u1485251547848409094,train
u1485260956401819648,train
u1485329803825790981,train
u1485350607351394306,train
u1485358154368049156,test
u1485370527225110538,train
u1485408917383438338,train
u1485463214875942915,train
u1485466695837925376,test
u1485467555162910721,train
u1485468976826118145,test
u1485483392590565379,train
u1485557750004391937,test
u1485621726268608521,test
u1485646011909423111,test
u1485649720664023041,train
u1485658999588638727,test
u1485693058897387523,train
u1485731149980651520,test
u1485827088225423366,train
u1485974914301579267,test
u1486071355883851776,test
u1486334485008465926,test
u1486395780466315265,train
u1486427522577412101,train
u1486431102231265282,train
u1486435330676989960,train
u1486671432314912768,train
u1486721543933595651,train
u1486802067444441096,train
u1486932834874888192,test
u1486981722428395526,train
u1486989584412168193,test
u1486991020424581122,train
u1487047363499753476,train
u1487052311381774337,train
u1487087792710733828,train
u1487115376135651329,test
u1487220945509142538,train
u1487350131003326465,train
u1487422158015971335,train
u1487513039842676737,train
u1487604975043756033,test
u1487673061276979201,train
u1487688125925056517,train
u1487701251374477312,train
u1487841820528857096,train
u1487953001532645381,train
u1488008159344017410,train
u1488120346431881219,train
u1488162528144203776,train
u1488232688528072704,test
u1488268212752076804,train
u1488396328333807616,train
u1488409157623558144,train
u1488507996179214340,train
u1488508757617553410,train
u1488522645830262784,test
u1488622264853549056,train
u1488633392157634563,train
u1488664754029748227,train
u1488827961377800194,train
u1488907727174778884,train
u1488966122888126471,test
u1489086742481174531,test
u1489111269772644354,train
u1489114486510440451,test
u1489121112491388935,train
u1489254572790988822,train
u1489341903954923531,test
u1489457282987749376,train
u1489485293824581634,test
u1489530768367841281,train
u1489534935618793474,test
u1489546477076578308,train
u1489548712556863494,train
u1489567747830804480,test
u1489616913902837761,train
u1489792909851471874,test
u1489810845563441154,train
u1489826520654823424,train
u1489844775411154944,test
u1489844840787369986,test
u1490189525498228739,train
u1490323873765625858,train
u1490347165033861120,test
u1490405892927500294,train
u1490717413754634247,train
u1490727486640226304,train
u1490840271311060992,train
u1490841720166264832,train
u1490905188982534151,train
u1491033097873149953,test
u1491060549202890765,train
u1491067107223937026,test
u1491107535557992449,train
u1491122255182667784,train
u1491155429455548429,test
u1491375801337536513,test
u1491447259631865859,train
u1492165241429377024,test
u1492260813989629953,test
u1492412683823374339,train
u1492673182998106113,train
u1492787693234704386,train
u1492789335413837826,test
u1493112658765430784,train
u1493459287829585922,train
u1493524140522827778,train
u1493542630340374534,train
u1493585321044242432,train
u1493607004656615428,train
u1494021868822671368,train
u1494045430195306506,train
u1494230098106621953,train
u1494274397523296257,test
u1495092248563929088,train
u1495805318269489155,train
u1501163545786032133,train
u1502820136746721281,test
u1503196765557829639,train
